# Time	f1(t)	f2(t)
0.000000e+00	5.920828e+03	0.000000e+00
2.000100e-02	2.031590e+00	8.411218e-77
4.000200e-02	7.233377e-01	2.182645e-47
6.000300e-02	3.942008e-01	2.614004e-35
8.000400e-02	2.559343e-01	9.460375e-29
1.000050e-01	1.829218e-01	1.118688e-24
1.200060e-01	1.389336e-01	6.231943e-22
1.400070e-01	1.100452e-01	5.769949e-20
1.600080e-01	8.988126e-02	1.712115e-18
1.800090e-01	7.515325e-02	2.366038e-17
2.000100e-01	6.401093e-02	1.912058e-16
2.200110e-01	5.534179e-02	1.045831e-15
2.400120e-01	4.844094e-02	4.271303e-15
2.600130e-01	4.284231e-02	1.393976e-14
2.800140e-01	3.822675e-02	3.816354e-14
3.000150e-01	3.436907e-02	9.082180e-14
3.200160e-01	3.110638e-02	1.929539e-13
3.400170e-01	2.831820e-02	3.734904e-13
3.600180e-01	2.591370e-02	6.691602e-13
3.800190e-01	2.382330e-02	1.123594e-12
4.000200e-01	2.199282e-02	1.785808e-12
4.200210e-01	2.037955e-02	2.708270e-12
4.400220e-01	1.894940e-02	3.944810e-12
4.600230e-01	1.767489e-02	5.548591e-12
4.800240e-01	1.653359e-02	7.570266e-12
5.000250e-01	1.550711e-02	1.005645e-11
5.200260e-01	1.458016e-02	1.304856e-11
5.400270e-01	1.374001e-02	1.658197e-11
5.600280e-01	1.297593e-02	2.068555e-11
5.800290e-01	1.227883e-02	2.538145e-11
6.000300e-01	1.164099e-02	3.068520e-11
6.200310e-01	1.105578e-02	3.660591e-11
6.400320e-01	1.051751e-02	4.314671e-11
6.600330e-01	1.002124e-02	5.030521e-11
6.800340e-01	9.562677e-03	5.807406e-11
7.000350e-01	9.138087e-03	6.644158e-11
7.200360e-01	8.744189e-03	7.539232e-11
7.400370e-01	8.378098e-03	8.490765e-11
7.600380e-01	8.037266e-03	9.496629e-11
7.800390e-01	7.719435e-03	1.055449e-10
8.000400e-01	7.422595e-03	1.166184e-10
8.200410e-01	7.144958e-03	1.281608e-10
8.400420e-01	6.884923e-03	1.401449e-10
8.600430e-01	6.641057e-03	1.525433e-10
8.800440e-01	6.412070e-03	1.653283e-10
9.000450e-01	6.196800e-03	1.784724e-10
9.200460e-01	5.994194e-03	1.919482e-10
9.400470e-01	5.803302e-03	2.057289e-10
9.600480e-01	5.623260e-03	2.197884e-10
9.800490e-01	5.453282e-03	2.341012e-10
1.000050e+00	5.292652e-03	2.486426e-10
1.020051e+00	5.140718e-03	2.633889e-10
1.040052e+00	4.996883e-03	2.783174e-10
1.060053e+00	4.860599e-03	2.934062e-10
1.080054e+00	4.731365e-03	3.086345e-10
1.100055e+00	4.608718e-03	3.239826e-10
1.120056e+00	4.492233e-03	3.394318e-10
1.140057e+00	4.381517e-03	3.549643e-10
1.160058e+00	4.276210e-03	3.705635e-10
1.180059e+00	4.175975e-03	3.862135e-10
1.200060e+00	4.080504e-03	4.018997e-10
1.220061e+00	3.989509e-03	4.176080e-10
1.240062e+00	3.902724e-03	4.333255e-10
1.260063e+00	3.819903e-03	4.490401e-10
1.280064e+00	3.740815e-03	4.647404e-10
1.300065e+00	3.665245e-03	4.804159e-10
1.320066e+00	3.592995e-03	4.960567e-10
1.340067e+00	3.523877e-03	5.116539e-10
1.360068e+00	3.457719e-03	5.271989e-10
1.380069e+00	3.394356e-03	5.426840e-10
1.400070e+00	3.333638e-03	5.581020e-10
1.420071e+00	3.275421e-03	5.734463e-10
1.440072e+00	3.219572e-03	5.887108e-10
1.460073e+00	3.165966e-03	6.038900e-10
1.480074e+00	3.114486e-03	6.189788e-10
1.500075e+00	3.065022e-03	6.339724e-10
1.520076e+00	3.017470e-03	6.488667e-10
1.540077e+00	2.971733e-03	6.636579e-10
1.560078e+00	2.927719e-03	6.783425e-10
1.580079e+00	2.885343e-03	6.929172e-10
1.600080e+00	2.844522e-03	7.073795e-10
1.620081e+00	2.805180e-03	7.217267e-10
1.640082e+00	2.767245e-03	7.359565e-10
1.660083e+00	2.730649e-03	7.500672e-10
1.680084e+00	2.695327e-03	7.640568e-10
1.700085e+00	2.661218e-03	7.779239e-10
1.720086e+00	2.628266e-03	7.916673e-10
1.740087e+00	2.596415e-03	8.052858e-10
1.760088e+00	2.565614e-03	8.187784e-10
1.780089e+00	2.535815e-03	8.321445e-10
1.800090e+00	2.506972e-03	8.453835e-10
1.820091e+00	2.479040e-03	8.584948e-10
1.840092e+00	2.451979e-03	8.714782e-10
1.860093e+00	2.425749e-03	8.843334e-10
1.880094e+00	2.400314e-03	8.970604e-10
1.900095e+00	2.375637e-03	9.096591e-10
1.920096e+00	2.351686e-03	9.221297e-10
1.940097e+00	2.328429e-03	9.344724e-10
1.960098e+00	2.305835e-03	9.466874e-10
1.980099e+00	2.283876e-03	9.587751e-10
2.000100e+00	2.262524e-03	9.707358e-10
2.020101e+00	2.241755e-03	9.825701e-10
2.040102e+00	2.221542e-03	9.942785e-10
2.060103e+00	2.201863e-03	1.005862e-09
2.080104e+00	2.182695e-03	1.017320e-09
2.100105e+00	2.164018e-03	1.028654e-09
2.120106e+00	2.145810e-03	1.039865e-09
2.140107e+00	2.128053e-03	1.050953e-09
2.160108e+00	2.110728e-03	1.061919e-09
2.180109e+00	2.093819e-03	1.072764e-09
2.200110e+00	2.077307e-03	1.083489e-09
2.220111e+00	2.061178e-03	1.094095e-09
2.240112e+00	2.045417e-03	1.104582e-09
2.260113e+00	2.030008e-03	1.114951e-09
2.280114e+00	2.014938e-03	1.125203e-09
2.300115e+00	2.000195e-03	1.135339e-09
2.320116e+00	1.985764e-03	1.145360e-09
2.340117e+00	1.971635e-03	1.155267e-09
2.360118e+00	1.957796e-03	1.165060e-09
2.380119e+00	1.944237e-03	1.174742e-09
2.400120e+00	1.930946e-03	1.184311e-09
2.420121e+00	1.917913e-03	1.193771e-09
2.440122e+00	1.905130e-03	1.203120e-09
2.460123e+00	1.892587e-03	1.212361e-09
2.480124e+00	1.880275e-03	1.221495e-09
2.500125e+00	1.868186e-03	1.230521e-09
2.520126e+00	1.856313e-03	1.239442e-09
2.540127e+00	1.844647e-03	1.248257e-09
2.560128e+00	1.833180e-03	1.256969e-09
2.580129e+00	1.821908e-03	1.265577e-09
2.600130e+00	1.810821e-03	1.274083e-09
2.620131e+00	1.799915e-03	1.282488e-09
2.640132e+00	1.789182e-03	1.290792e-09
2.660133e+00	1.778618e-03	1.298997e-09
2.680134e+00	1.768216e-03	1.307102e-09
2.700135e+00	1.757971e-03	1.315110e-09
2.720136e+00	1.747878e-03	1.323021e-09
2.740137e+00	1.737932e-03	1.330836e-09
2.760138e+00	1.728129e-03	1.338556e-09
2.780139e+00	1.718463e-03	1.346181e-09
2.800140e+00	1.708930e-03	1.353713e-09
2.820141e+00	1.699526e-03	1.361152e-09
2.840142e+00	1.690247e-03	1.368499e-09
2.860143e+00	1.681089e-03	1.375755e-09
2.880144e+00	1.672049e-03	1.382920e-09
2.900145e+00	1.663123e-03	1.389996e-09
2.920146e+00	1.654307e-03	1.396983e-09
2.940147e+00	1.645599e-03	1.403882e-09
2.960148e+00	1.636994e-03	1.410695e-09
2.980149e+00	1.628491e-03	1.417420e-09
3.000150e+00	1.620086e-03	1.424060e-09
3.020151e+00	1.611776e-03	1.430615e-09
3.040152e+00	1.603558e-03	1.437086e-09
3.060153e+00	1.595431e-03	1.443473e-09
3.080154e+00	1.587391e-03	1.449778e-09
3.100155e+00	1.579437e-03	1.456001e-09
3.120156e+00	1.571565e-03	1.462142e-09
3.140157e+00	1.563774e-03	1.468203e-09
3.160158e+00	1.556062e-03	1.474184e-09
3.180159e+00	1.548426e-03	1.480085e-09
3.200160e+00	1.540864e-03	1.485908e-09
3.220161e+00	1.533376e-03	1.491653e-09
3.240162e+00	1.525958e-03	1.497321e-09
3.260163e+00	1.518609e-03	1.502913e-09
3.280164e+00	1.511327e-03	1.508428e-09
3.300165e+00	1.504111e-03	1.513869e-09
3.320166e+00	1.496959e-03	1.519234e-09
3.340167e+00	1.489870e-03	1.524526e-09
3.360168e+00	1.482841e-03	1.529744e-09
3.380169e+00	1.475873e-03	1.534889e-09
3.400170e+00	1.468963e-03	1.539963e-09
3.420171e+00	1.462110e-03	1.544964e-09
3.440172e+00	1.455313e-03	1.549895e-09
3.460173e+00	1.448570e-03	1.554755e-09
3.480174e+00	1.441880e-03	1.559546e-09
3.500175e+00	1.435243e-03	1.564267e-09
3.520176e+00	1.428657e-03	1.568920e-09
3.540177e+00	1.422121e-03	1.573505e-09
3.560178e+00	1.415634e-03	1.578022e-09
3.580179e+00	1.409196e-03	1.582472e-09
3.600180e+00	1.402804e-03	1.586856e-09
3.620181e+00	1.396458e-03	1.591174e-09
3.640182e+00	1.390158e-03	1.595426e-09
3.660183e+00	1.383902e-03	1.599614e-09
3.680184e+00	1.377690e-03	1.603738e-09
3.700185e+00	1.371520e-03	1.607797e-09
3.720186e+00	1.365393e-03	1.611794e-09
3.740187e+00	1.359306e-03	1.615728e-09
3.760188e+00	1.353261e-03	1.619599e-09
3.780189e+00	1.347255e-03	1.623409e-09
3.800190e+00	1.341288e-03	1.627158e-09
3.820191e+00	1.335359e-03	1.630846e-09
3.840192e+00	1.329469e-03	1.634473e-09
3.860193e+00	1.323615e-03	1.638041e-09
3.880194e+00	1.317799e-03	1.641550e-09
3.900195e+00	1.312018e-03	1.645000e-09
3.920196e+00	1.306272e-03	1.648391e-09
3.940197e+00	1.300562e-03	1.651725e-09
3.960198e+00	1.294886e-03	1.655001e-09
3.980199e+00	1.289243e-03	1.658221e-09
4.000200e+00	1.283634e-03	1.661383e-09
4.020201e+00	1.278058e-03	1.664490e-09
4.040202e+00	1.272515e-03	1.667542e-09
4.060203e+00	1.267003e-03	1.670538e-09
4.080204e+00	1.261523e-03	1.673479e-09
4.100205e+00	1.256073e-03	1.676366e-09
4.120206e+00	1.250655e-03	1.679200e-09
4.140207e+00	1.245266e-03	1.681979e-09
4.160208e+00	1.239908e-03	1.684706e-09
4.180209e+00	1.234579e-03	1.687381e-09
4.200210e+00	1.229279e-03	1.690003e-09
4.220211e+00	1.224008e-03	1.692573e-09
4.240212e+00	1.218765e-03	1.695092e-09
4.260213e+00	1.213550e-03	1.697561e-09
4.280214e+00	1.208363e-03	1.699978e-09
4.300215e+00	1.203203e-03	1.702346e-09
4.320216e+00	1.198070e-03	1.704664e-09
4.340217e+00	1.192964e-03	1.706932e-09
4.360218e+00	1.187885e-03	1.709152e-09
4.380219e+00	1.182832e-03	1.711323e-09
4.400220e+00	1.177804e-03	1.713446e-09
4.420221e+00	1.172802e-03	1.715521e-09
4.440222e+00	1.167826e-03	1.717549e-09
4.460223e+00	1.162874e-03	1.719529e-09
4.480224e+00	1.157948e-03	1.721463e-09
4.500225e+00	1.153046e-03	1.723351e-09
4.520226e+00	1.148168e-03	1.725193e-09
4.540227e+00	1.143314e-03	1.726989e-09
4.560228e+00	1.138484e-03	1.728740e-09
4.580229e+00	1.133678e-03	1.730446e-09
4.600230e+00	1.128895e-03	1.732108e-09
4.620231e+00	1.124136e-03	1.733726e-09
4.640232e+00	1.119399e-03	1.735300e-09
4.660233e+00	1.114685e-03	1.736830e-09
4.680234e+00	1.109994e-03	1.738318e-09
4.700235e+00	1.105325e-03	1.739762e-09
4.720236e+00	1.100678e-03	1.741164e-09
4.740237e+00	1.096053e-03	1.742525e-09
4.760238e+00	1.091450e-03	1.743843e-09
4.780239e+00	1.086869e-03	1.745120e-09
4.800240e+00	1.082309e-03	1.746356e-09
4.820241e+00	1.077770e-03	1.747552e-09
4.840242e+00	1.073253e-03	1.748707e-09
4.860243e+00	1.068756e-03	1.749821e-09
4.880244e+00	1.064280e-03	1.750897e-09
4.900245e+00	1.059825e-03	1.751932e-09
4.920246e+00	1.055390e-03	1.752929e-09
4.940247e+00	1.050976e-03	1.753887e-09
4.960248e+00	1.046582e-03	1.754806e-09
4.980249e+00	1.042207e-03	1.755687e-09
5.000250e+00	1.037853e-03	1.756530e-09
5.020251e+00	1.033518e-03	1.757336e-09
5.040252e+00	1.029203e-03	1.758104e-09
5.060253e+00	1.024907e-03	1.758836e-09
5.080254e+00	1.020631e-03	1.759530e-09
5.100255e+00	1.016374e-03	1.760189e-09
5.120256e+00	1.012136e-03	1.760811e-09
5.140257e+00	1.007917e-03	1.761398e-09
5.160258e+00	1.003716e-03	1.761949e-09
5.180259e+00	9.995345e-04	1.762465e-09
5.200260e+00	9.953713e-04	1.762946e-09
5.220261e+00	9.912266e-04	1.763393e-09
5.240262e+00	9.871001e-04	1.763805e-09
5.260263e+00	9.829919e-04	1.764183e-09
5.280264e+00	9.789018e-04	1.764527e-09
5.300265e+00	9.748297e-04	1.764838e-09
5.320266e+00	9.707754e-04	1.765116e-09
5.340267e+00	9.667388e-04	1.765360e-09
5.360268e+00	9.627200e-04	1.765572e-09
5.380269e+00	9.587186e-04	1.765752e-09
5.400270e+00	9.547348e-04	1.765899e-09
5.420271e+00	9.507682e-04	1.766015e-09
5.440272e+00	9.468189e-04	1.766099e-09
5.460273e+00	9.428867e-04	1.766152e-09
5.480274e+00	9.389716e-04	1.766174e-09
5.500275e+00	9.350734e-04	1.766165e-09
5.520276e+00	9.311921e-04	1.766125e-09
5.540277e+00	9.273275e-04	1.766055e-09
5.560278e+00	9.234795e-04	1.765955e-09
5.580279e+00	9.196482e-04	1.765825e-09
5.600280e+00	9.158333e-04	1.765666e-09
5.620281e+00	9.120348e-04	1.765477e-09
5.640282e+00	9.082526e-04	1.765260e-09
5.660283e+00	9.044866e-04	1.765013e-09
5.680284e+00	9.007367e-04	1.764739e-09
5.700285e+00	8.970029e-04	1.764435e-09
5.720286e+00	8.932850e-04	1.764104e-09
5.740287e+00	8.895830e-04	1.763745e-09
5.760288e+00	8.858968e-04	1.763358e-09
5.780289e+00	8.822263e-04	1.762944e-09
5.800290e+00	8.785715e-04	1.762503e-09
5.820291e+00	8.749321e-04	1.762035e-09
5.840292e+00	8.713083e-04	1.761541e-09
5.860293e+00	8.676998e-04	1.761020e-09
5.880294e+00	8.641066e-04	1.760473e-09
5.900295e+00	8.605287e-04	1.759900e-09
5.920296e+00	8.569659e-04	1.759301e-09
5.940297e+00	8.534182e-04	1.758677e-09
5.960298e+00	8.498855e-04	1.758027e-09
5.980299e+00	8.463678e-04	1.757353e-09
6.000300e+00	8.428649e-04	1.756653e-09
6.020301e+00	8.393768e-04	1.755929e-09
6.040302e+00	8.359034e-04	1.755181e-09
6.060303e+00	8.324446e-04	1.754408e-09
6.080304e+00	8.290005e-04	1.753612e-09
6.100305e+00	8.255708e-04	1.752792e-09
6.120306e+00	8.221556e-04	1.751948e-09
6.140307e+00	8.187547e-04	1.751081e-09
6.160308e+00	8.153682e-04	1.750190e-09
6.180309e+00	8.119958e-04	1.749277e-09
6.200310e+00	8.086377e-04	1.748342e-09
6.220311e+00	8.052936e-04	1.747383e-09
6.240312e+00	8.019636e-04	1.746403e-09
6.260313e+00	7.986475e-04	1.745400e-09
6.280314e+00	7.953453e-04	1.744375e-09
6.300315e+00	7.920570e-04	1.743329e-09
6.320316e+00	7.887824e-04	1.742261e-09
6.340317e+00	7.855216e-04	1.741172e-09
6.360318e+00	7.822744e-04	1.740062e-09
6.380319e+00	7.790407e-04	1.738931e-09
6.400320e+00	7.758206e-04	1.737780e-09
6.420321e+00	7.726140e-04	1.736608e-09
6.440322e+00	7.694208e-04	1.735415e-09
6.460323e+00	7.662409e-04	1.734202e-09
6.480324e+00	7.630743e-04	1.732970e-09
6.500325e+00	7.599209e-04	1.731718e-09
6.520326e+00	7.567806e-04	1.730446e-09
6.540327e+00	7.536535e-04	1.729154e-09
6.560328e+00	7.505394e-04	1.727844e-09
6.580329e+00	7.474383e-04	1.726514e-09
6.600330e+00	7.443501e-04	1.725166e-09
6.620331e+00	7.412748e-04	1.723799e-09
6.640332e+00	7.382123e-04	1.722414e-09
6.660333e+00	7.351625e-04	1.721010e-09
6.680334e+00	7.321255e-04	1.719588e-09
6.700335e+00	7.291010e-04	1.718148e-09
6.720336e+00	7.260892e-04	1.716691e-09
6.740337e+00	7.230899e-04	1.715216e-09
6.760338e+00	7.201031e-04	1.713723e-09
6.780339e+00	7.171287e-04	1.712213e-09
6.800340e+00	7.141667e-04	1.710686e-09
6.820341e+00	7.112170e-04	1.709142e-09
6.840342e+00	7.082795e-04	1.707582e-09
6.860343e+00	7.053542e-04	1.706005e-09
6.880344e+00	7.024411e-04	1.704411e-09
6.900345e+00	6.995402e-04	1.702801e-09
6.920346e+00	6.966512e-04	1.701175e-09
6.940347e+00	6.937742e-04	1.699533e-09
6.960348e+00	6.909092e-04	1.697876e-09
6.980349e+00	6.880561e-04	1.696203e-09
7.000350e+00	6.852148e-04	1.694514e-09
7.020351e+00	6.823854e-04	1.692810e-09
7.040352e+00	6.795676e-04	1.691091e-09
7.060353e+00	6.767615e-04	1.689357e-09
7.080354e+00	6.739671e-04	1.687608e-09
7.100355e+00	6.711843e-04	1.685844e-09
7.120356e+00	6.684130e-04	1.684066e-09
7.140357e+00	6.656532e-04	1.682274e-09
7.160358e+00	6.629048e-04	1.680467e-09
7.180359e+00	6.601679e-04	1.678646e-09
7.200360e+00	6.574422e-04	1.676811e-09
7.220361e+00	6.547279e-04	1.674963e-09
7.240362e+00	6.520248e-04	1.673101e-09
7.260363e+00	6.493329e-04	1.671225e-09
7.280364e+00	6.466522e-04	1.669336e-09
7.300365e+00	6.439826e-04	1.667434e-09
7.320366e+00	6.413240e-04	1.665519e-09
7.340367e+00	6.386764e-04	1.663591e-09
7.360368e+00	6.360398e-04	1.661650e-09
7.380369e+00	6.334141e-04	1.659697e-09
7.400370e+00	6.307993e-04	1.657731e-09
7.420371e+00	6.281953e-04	1.655753e-09
7.440372e+00	6.256021e-04	1.653762e-09
7.460373e+00	6.230196e-04	1.651759e-09
7.480374e+00	6.204478e-04	1.649745e-09
7.500375e+00	6.178867e-04	1.647719e-09
7.520376e+00	6.153361e-04	1.645681e-09
7.540377e+00	6.127961e-04	1.643631e-09
7.560378e+00	6.102667e-04	1.641570e-09
7.580379e+00	6.077476e-04	1.639498e-09
7.600380e+00	6.052390e-04	1.637414e-09
7.620381e+00	6.027408e-04	1.635320e-09
7.640382e+00	6.002529e-04	1.633214e-09
7.660383e+00	5.977753e-04	1.631098e-09
7.680384e+00	5.953080e-04	1.628972e-09
7.700385e+00	5.928508e-04	1.626834e-09
7.720386e+00	5.904038e-04	1.624687e-09
7.740387e+00	5.879669e-04	1.622529e-09
7.760388e+00	5.855401e-04	1.620361e-09
7.780389e+00	5.831234e-04	1.618183e-09
7.800390e+00	5.807166e-04	1.615995e-09
7.820391e+00	5.783198e-04	1.613797e-09
7.840392e+00	5.759329e-04	1.611589e-09
7.860393e+00	5.735558e-04	1.609372e-09
7.880394e+00	5.711886e-04	1.607146e-09
7.900395e+00	5.688312e-04	1.604910e-09
7.920396e+00	5.664835e-04	1.602665e-09
7.940397e+00	5.641455e-04	1.600411e-09
7.960398e+00	5.618172e-04	1.598148e-09
7.980399e+00	5.594985e-04	1.595876e-09
8.000400e+00	5.571893e-04	1.593596e-09
8.020401e+00	5.548898e-04	1.591306e-09
8.040402e+00	5.525997e-04	1.589009e-09
8.060403e+00	5.503191e-04	1.586702e-09
8.080404e+00	5.480479e-04	1.584388e-09
8.100405e+00	5.457861e-04	1.582065e-09
8.120406e+00	5.435336e-04	1.579735e-09
8.140407e+00	5.412904e-04	1.577396e-09
8.160408e+00	5.390566e-04	1.575049e-09
8.180409e+00	5.368319e-04	1.572695e-09
8.200410e+00	5.346164e-04	1.570333e-09
8.220411e+00	5.324101e-04	1.567964e-09
8.240412e+00	5.302129e-04	1.565587e-09
8.260413e+00	5.280248e-04	1.563202e-09
8.280414e+00	5.258457e-04	1.560811e-09
8.300415e+00	5.236756e-04	1.558412e-09
8.320416e+00	5.215145e-04	1.556006e-09
8.340417e+00	5.193623e-04	1.553593e-09
8.360418e+00	5.172190e-04	1.551174e-09
8.380419e+00	5.150845e-04	1.548748e-09
8.400420e+00	5.129589e-04	1.546315e-09
8.420421e+00	5.108420e-04	1.543875e-09
8.440422e+00	5.087339e-04	1.541429e-09
8.460423e+00	5.066345e-04	1.538977e-09
8.480424e+00	5.045437e-04	1.536519e-09
8.500425e+00	5.024616e-04	1.534054e-09
8.520426e+00	5.003881e-04	1.531583e-09
8.540427e+00	4.983231e-04	1.529106e-09
8.560428e+00	4.962667e-04	1.526624e-09
8.580429e+00	4.942188e-04	1.524135e-09
8.600430e+00	4.921793e-04	1.521641e-09
8.620431e+00	4.901483e-04	1.519141e-09
8.640432e+00	4.881256e-04	1.516636e-09
8.660433e+00	4.861113e-04	1.514126e-09
8.680434e+00	4.841053e-04	1.511610e-09
8.700435e+00	4.821076e-04	1.509088e-09
8.720436e+00	4.801181e-04	1.506562e-09
8.740437e+00	4.781368e-04	1.504030e-09
8.760438e+00	4.761638e-04	1.501494e-09
8.780439e+00	4.741988e-04	1.498952e-09
8.800440e+00	4.722420e-04	1.496406e-09
8.820441e+00	4.702933e-04	1.493855e-09
8.840442e+00	4.683526e-04	1.491299e-09
8.860443e+00	4.664199e-04	1.488739e-09
8.880444e+00	4.644952e-04	1.486174e-09
8.900445e+00	4.625785e-04	1.483605e-09
8.920446e+00	4.606696e-04	1.481032e-09
8.940447e+00	4.587687e-04	1.478454e-09
8.960448e+00	4.568756e-04	1.475872e-09
8.980449e+00	4.549903e-04	1.473286e-09
9.000450e+00	4.531127e-04	1.470696e-09
9.020451e+00	4.512430e-04	1.468102e-09
9.040452e+00	4.493809e-04	1.465504e-09
9.060453e+00	4.475266e-04	1.462903e-09
9.080454e+00	4.456799e-04	1.460297e-09
9.100455e+00	4.438408e-04	1.457688e-09
9.120456e+00	4.420093e-04	1.455076e-09
9.140457e+00	4.401854e-04	1.452460e-09
9.160458e+00	4.383690e-04	1.449840e-09
9.180459e+00	4.365601e-04	1.447218e-09
9.200460e+00	4.347586e-04	1.444592e-09
9.220461e+00	4.329647e-04	1.441963e-09
9.240462e+00	4.311781e-04	1.439330e-09
9.260463e+00	4.293988e-04	1.436695e-09
9.280464e+00	4.276270e-04	1.434057e-09
9.300465e+00	4.258624e-04	1.431416e-09
9.320466e+00	4.241051e-04	1.428772e-09
9.340467e+00	4.223551e-04	1.426125e-09
9.360468e+00	4.206123e-04	1.423476e-09
9.380469e+00	4.188767e-04	1.420823e-09
9.400470e+00	4.171483e-04	1.418169e-09
9.420471e+00	4.154270e-04	1.415512e-09
9.440472e+00	4.137128e-04	1.412852e-09
9.460473e+00	4.120056e-04	1.410190e-09
9.480474e+00	4.103055e-04	1.407526e-09
9.500475e+00	4.086125e-04	1.404860e-09
9.520476e+00	4.069264e-04	1.402191e-09
9.540477e+00	4.052473e-04	1.399520e-09
9.560478e+00	4.035751e-04	1.396848e-09
9.580479e+00	4.019098e-04	1.394173e-09
9.600480e+00	4.002514e-04	1.391496e-09
9.620481e+00	3.985998e-04	1.388818e-09
9.640482e+00	3.969551e-04	1.386138e-09
9.660483e+00	3.953171e-04	1.383456e-09
9.680484e+00	3.936859e-04	1.380772e-09
9.700485e+00	3.920615e-04	1.378087e-09
9.720486e+00	3.904437e-04	1.375400e-09
9.740487e+00	3.888326e-04	1.372712e-09
9.760488e+00	3.872282e-04	1.370022e-09
9.780489e+00	3.856304e-04	1.367331e-09
9.800490e+00	3.840391e-04	1.364639e-09
9.820491e+00	3.824545e-04	1.361945e-09
9.840492e+00	3.808764e-04	1.359251e-09
9.860493e+00	3.793048e-04	1.356555e-09
9.880494e+00	3.777397e-04	1.353858e-09
9.900495e+00	3.761810e-04	1.351160e-09
9.920496e+00	3.746288e-04	1.348461e-09
9.940497e+00	3.730830e-04	1.345761e-09
9.960498e+00	3.715435e-04	1.343060e-09
9.980499e+00	3.700104e-04	1.340358e-09
1.000050e+01	3.684837e-04	1.337656e-09
1.002050e+01	3.669632e-04	1.334953e-09
1.004050e+01	3.654491e-04	1.332249e-09
1.006050e+01	3.639411e-04	1.329545e-09
1.008050e+01	3.624394e-04	1.326840e-09
1.010051e+01	3.609439e-04	1.324135e-09
1.012051e+01	3.594546e-04	1.321429e-09
1.014051e+01	3.579714e-04	1.318723e-09
1.016051e+01	3.564943e-04	1.316016e-09
1.018051e+01	3.550233e-04	1.313309e-09
1.020051e+01	3.535584e-04	1.310602e-09
1.022051e+01	3.520996e-04	1.307895e-09
1.024051e+01	3.506467e-04	1.305188e-09
1.026051e+01	3.491999e-04	1.302480e-09
1.028051e+01	3.477590e-04	1.299773e-09
1.030052e+01	3.463241e-04	1.297065e-09
1.032052e+01	3.448951e-04	1.294358e-09
1.034052e+01	3.434720e-04	1.291650e-09
1.036052e+01	3.420548e-04	1.288943e-09
1.038052e+01	3.406434e-04	1.286236e-09
1.040052e+01	3.392378e-04	1.283529e-09
1.042052e+01	3.378381e-04	1.280822e-09
1.044052e+01	3.364441e-04	1.278116e-09
1.046052e+01	3.350559e-04	1.275410e-09
1.048052e+01	3.336734e-04	1.272705e-09
1.050053e+01	3.322966e-04	1.270000e-09
1.052053e+01	3.309255e-04	1.267295e-09
1.054053e+01	3.295600e-04	1.264591e-09
1.056053e+01	3.282002e-04	1.261888e-09
1.058053e+01	3.268460e-04	1.259185e-09
1.060053e+01	3.254974e-04	1.256483e-09
1.062053e+01	3.241543e-04	1.253781e-09
1.064053e+01	3.228168e-04	1.251080e-09
1.066053e+01	3.214848e-04	1.248380e-09
1.068053e+01	3.201583e-04	1.245681e-09
1.070054e+01	3.188373e-04	1.242983e-09
1.072054e+01	3.175217e-04	1.240286e-09
1.074054e+01	3.162116e-04	1.237589e-09
1.076054e+01	3.149069e-04	1.234894e-09
1.078054e+01	3.136075e-04	1.232199e-09
1.080054e+01	3.123135e-04	1.229506e-09
1.082054e+01	3.110249e-04	1.226814e-09
1.084054e+01	3.097416e-04	1.224122e-09
1.086054e+01	3.084635e-04	1.221432e-09
1.088054e+01	3.071908e-04	1.218744e-09
1.090055e+01	3.059233e-04	1.216056e-09
1.092055e+01	3.046610e-04	1.213370e-09
1.094055e+01	3.034039e-04	1.210685e-09
1.096055e+01	3.021520e-04	1.208001e-09
1.098055e+01	3.009053e-04	1.205319e-09
1.100055e+01	2.996638e-04	1.202638e-09
1.102055e+01	2.984273e-04	1.199959e-09
1.104055e+01	2.971960e-04	1.197281e-09
1.106055e+01	2.959697e-04	1.194605e-09
1.108055e+01	2.947485e-04	1.191930e-09
1.110056e+01	2.935324e-04	1.189257e-09
1.112056e+01	2.923212e-04	1.186585e-09
1.114056e+01	2.911151e-04	1.183915e-09
1.116056e+01	2.899139e-04	1.181247e-09
1.118056e+01	2.887177e-04	1.178581e-09
1.120056e+01	2.875264e-04	1.175916e-09
1.122056e+01	2.863401e-04	1.173253e-09
1.124056e+01	2.851586e-04	1.170592e-09
1.126056e+01	2.839820e-04	1.167933e-09
1.128056e+01	2.828103e-04	1.165275e-09
1.130057e+01	2.816434e-04	1.162620e-09
1.132057e+01	2.804813e-04	1.159966e-09
1.134057e+01	2.793241e-04	1.157314e-09
1.136057e+01	2.781716e-04	1.154665e-09
1.138057e+01	2.770238e-04	1.152017e-09
1.140057e+01	2.758808e-04	1.149372e-09
1.142057e+01	2.747425e-04	1.146728e-09
1.144057e+01	2.736089e-04	1.144087e-09
1.146057e+01	2.724800e-04	1.141448e-09
1.148057e+01	2.713557e-04	1.138811e-09
1.150058e+01	2.702361e-04	1.136176e-09
1.152058e+01	2.691211e-04	1.133543e-09
1.154058e+01	2.680107e-04	1.130913e-09
1.156058e+01	2.669049e-04	1.128285e-09
1.158058e+01	2.658036e-04	1.125659e-09
1.160058e+01	2.647069e-04	1.123035e-09
1.162058e+01	2.636147e-04	1.120414e-09
1.164058e+01	2.625270e-04	1.117796e-09
1.166058e+01	2.614438e-04	1.115179e-09
1.168058e+01	2.603651e-04	1.112565e-09
1.170059e+01	2.592908e-04	1.109954e-09
1.172059e+01	2.582210e-04	1.107345e-09
1.174059e+01	2.571556e-04	1.104739e-09
1.176059e+01	2.560946e-04	1.102135e-09
1.178059e+01	2.550379e-04	1.099533e-09
1.180059e+01	2.539856e-04	1.096935e-09
1.182059e+01	2.529377e-04	1.094338e-09
1.184059e+01	2.518941e-04	1.091745e-09
1.186059e+01	2.508547e-04	1.089154e-09
1.188059e+01	2.498197e-04	1.086566e-09
1.190060e+01	2.487890e-04	1.083980e-09
1.192060e+01	2.477625e-04	1.081397e-09
1.194060e+01	2.467402e-04	1.078817e-09
1.196060e+01	2.457222e-04	1.076240e-09
1.198060e+01	2.447083e-04	1.073665e-09
1.200060e+01	2.436986e-04	1.071094e-09
1.202060e+01	2.426931e-04	1.068525e-09
1.204060e+01	2.416918e-04	1.065959e-09
1.206060e+01	2.406946e-04	1.063395e-09
1.208060e+01	2.397015e-04	1.060835e-09
1.210061e+01	2.387125e-04	1.058278e-09
1.212061e+01	2.377276e-04	1.055723e-09
1.214061e+01	2.367467e-04	1.053172e-09
1.216061e+01	2.357699e-04	1.050623e-09
1.218061e+01	2.347971e-04	1.048077e-09
1.220061e+01	2.338284e-04	1.045535e-09
1.222061e+01	2.328636e-04	1.042995e-09
1.224061e+01	2.319028e-04	1.040459e-09
1.226061e+01	2.309460e-04	1.037925e-09
1.228061e+01	2.299931e-04	1.035395e-09
1.230062e+01	2.290442e-04	1.032868e-09
1.232062e+01	2.280992e-04	1.030344e-09
1.234062e+01	2.271581e-04	1.027822e-09
1.236062e+01	2.262208e-04	1.025305e-09
1.238062e+01	2.252874e-04	1.022790e-09
1.240062e+01	2.243579e-04	1.020278e-09
1.242062e+01	2.234322e-04	1.017770e-09
1.244062e+01	2.225104e-04	1.015265e-09
1.246062e+01	2.215923e-04	1.012763e-09
1.248062e+01	2.206780e-04	1.010264e-09
1.250063e+01	2.197675e-04	1.007769e-09
1.252063e+01	2.188608e-04	1.005277e-09
1.254063e+01	2.179578e-04	1.002788e-09
1.256063e+01	2.170585e-04	1.000303e-09
1.258063e+01	2.161630e-04	9.978208e-10
1.260063e+01	2.152711e-04	9.953420e-10
1.262063e+01	2.143829e-04	9.928666e-10
1.264063e+01	2.134984e-04	9.903946e-10
1.266063e+01	2.126175e-04	9.879260e-10
1.268063e+01	2.117403e-04	9.854607e-10
1.270064e+01	2.108667e-04	9.829989e-10
1.272064e+01	2.099966e-04	9.805406e-10
1.274064e+01	2.091302e-04	9.780856e-10
1.276064e+01	2.082674e-04	9.756342e-10
1.278064e+01	2.074081e-04	9.731862e-10
1.280064e+01	2.065523e-04	9.707417e-10
1.282064e+01	2.057001e-04	9.683007e-10
1.284064e+01	2.048514e-04	9.658633e-10
1.286064e+01	2.040062e-04	9.634293e-10
1.288064e+01	2.031645e-04	9.609989e-10
1.290065e+01	2.023263e-04	9.585721e-10
1.292065e+01	2.014915e-04	9.561488e-10
1.294065e+01	2.006602e-04	9.537291e-10
1.296065e+01	1.998323e-04	9.513130e-10
1.298065e+01	1.990078e-04	9.489005e-10
1.300065e+01	1.981868e-04	9.464916e-10
1.302065e+01	1.973691e-04	9.440864e-10
1.304065e+01	1.965547e-04	9.416847e-10
1.306065e+01	1.957438e-04	9.392868e-10
1.308065e+01	1.949362e-04	9.368924e-10
1.310066e+01	1.941319e-04	9.345018e-10
1.312066e+01	1.933309e-04	9.321149e-10
1.314066e+01	1.925333e-04	9.297316e-10
1.316066e+01	1.917389e-04	9.273520e-10
1.318066e+01	1.909479e-04	9.249762e-10
1.320066e+01	1.901600e-04	9.226041e-10
1.322066e+01	1.893755e-04	9.202357e-10
1.324066e+01	1.885941e-04	9.178711e-10
1.326066e+01	1.878160e-04	9.155102e-10
1.328066e+01	1.870411e-04	9.131531e-10
1.330067e+01	1.862694e-04	9.107997e-10
1.332067e+01	1.855009e-04	9.084501e-10
1.334067e+01	1.847356e-04	9.061044e-10
1.336067e+01	1.839734e-04	9.037624e-10
1.338067e+01	1.832143e-04	9.014243e-10
1.340067e+01	1.824584e-04	8.990899e-10
1.342067e+01	1.817056e-04	8.967594e-10
1.344067e+01	1.809560e-04	8.944327e-10
1.346067e+01	1.802094e-04	8.921099e-10
1.348067e+01	1.794659e-04	8.897909e-10
1.350068e+01	1.787254e-04	8.874758e-10
1.352068e+01	1.779880e-04	8.851646e-10
1.354068e+01	1.772537e-04	8.828572e-10
1.356068e+01	1.765224e-04	8.805537e-10
1.358068e+01	1.757941e-04	8.782541e-10
1.360068e+01	1.750688e-04	8.759584e-10
1.362068e+01	1.743465e-04	8.736667e-10
1.364068e+01	1.736272e-04	8.713788e-10
1.366068e+01	1.729108e-04	8.690948e-10
1.368068e+01	1.721975e-04	8.668148e-10
1.370069e+01	1.714870e-04	8.645387e-10
1.372069e+01	1.707795e-04	8.622666e-10
1.374069e+01	1.700749e-04	8.599984e-10
1.376069e+01	1.693732e-04	8.577342e-10
1.378069e+01	1.686744e-04	8.554739e-10
1.380069e+01	1.679785e-04	8.532176e-10
1.382069e+01	1.672855e-04	8.509652e-10
1.384069e+01	1.665953e-04	8.487169e-10
1.386069e+01	1.659079e-04	8.464725e-10
1.388069e+01	1.652234e-04	8.442321e-10
1.390070e+01	1.645418e-04	8.419958e-10
1.392070e+01	1.638629e-04	8.397634e-10
1.394070e+01	1.631869e-04	8.375350e-10
1.396070e+01	1.625136e-04	8.353106e-10
1.398070e+01	1.618431e-04	8.330903e-10
1.400070e+01	1.611754e-04	8.308740e-10
1.402070e+01	1.605104e-04	8.286617e-10
1.404070e+01	1.598482e-04	8.264534e-10
1.406070e+01	1.591887e-04	8.242492e-10
1.408070e+01	1.585319e-04	8.220490e-10
1.410071e+01	1.578779e-04	8.198529e-10
1.412071e+01	1.572265e-04	8.176608e-10
1.414071e+01	1.565778e-04	8.154728e-10
1.416071e+01	1.559318e-04	8.132888e-10
1.418071e+01	1.552885e-04	8.111089e-10
1.420071e+01	1.546478e-04	8.089331e-10
1.422071e+01	1.540098e-04	8.067613e-10
1.424071e+01	1.533744e-04	8.045937e-10
1.426071e+01	1.527416e-04	8.024300e-10
1.428071e+01	1.521115e-04	8.002705e-10
1.430072e+01	1.514839e-04	7.981151e-10
1.432072e+01	1.508589e-04	7.959637e-10
1.434072e+01	1.502365e-04	7.938165e-10
1.436072e+01	1.496167e-04	7.916733e-10
1.438072e+01	1.489994e-04	7.895342e-10
1.440072e+01	1.483847e-04	7.873993e-10
1.442072e+01	1.477725e-04	7.852684e-10
1.444072e+01	1.471628e-04	7.831417e-10
1.446072e+01	1.465557e-04	7.810190e-10
1.448072e+01	1.459510e-04	7.789005e-10
1.450073e+01	1.453489e-04	7.767861e-10
1.452073e+01	1.447492e-04	7.746758e-10
1.454073e+01	1.441520e-04	7.725696e-10
1.456073e+01	1.435573e-04	7.704676e-10
1.458073e+01	1.429650e-04	7.683697e-10
1.460073e+01	1.423752e-04	7.662758e-10
1.462073e+01	1.417878e-04	7.641862e-10
1.464073e+01	1.412028e-04	7.621006e-10
1.466073e+01	1.406203e-04	7.600192e-10
1.468073e+01	1.400401e-04	7.579419e-10
1.470074e+01	1.394624e-04	7.558688e-10
1.472074e+01	1.388870e-04	7.537998e-10
1.474074e+01	1.383140e-04	7.517349e-10
1.476074e+01	1.377434e-04	7.496742e-10
1.478074e+01	1.371751e-04	7.476176e-10
1.480074e+01	1.366092e-04	7.455652e-10
1.482074e+01	1.360456e-04	7.435169e-10
1.484074e+01	1.354843e-04	7.414727e-10
1.486074e+01	1.349253e-04	7.394327e-10
1.488074e+01	1.343687e-04	7.373968e-10
1.490075e+01	1.338143e-04	7.353651e-10
1.492075e+01	1.332622e-04	7.333375e-10
1.494075e+01	1.327124e-04	7.313141e-10
1.496075e+01	1.321649e-04	7.292948e-10
1.498075e+01	1.316197e-04	7.272797e-10
1.500075e+01	1.310767e-04	7.252687e-10
1.502075e+01	1.305359e-04	7.232619e-10
1.504075e+01	1.299973e-04	7.212592e-10
1.506075e+01	1.294610e-04	7.192607e-10
1.508075e+01	1.289269e-04	7.172663e-10
1.510076e+01	1.283950e-04	7.152761e-10
1.512076e+01	1.278653e-04	7.132900e-10
1.514076e+01	1.273378e-04	7.113081e-10
1.516076e+01	1.268124e-04	7.093303e-10
1.518076e+01	1.262893e-04	7.073567e-10
1.520076e+01	1.257682e-04	7.053872e-10
1.522076e+01	1.252494e-04	7.034219e-10
1.524076e+01	1.247326e-04	7.014607e-10
1.526076e+01	1.242180e-04	6.995037e-10
1.528076e+01	1.237056e-04	6.975508e-10
1.530077e+01	1.231952e-04	6.956021e-10
1.532077e+01	1.226870e-04	6.936575e-10
1.534077e+01	1.221808e-04	6.917170e-10
1.536077e+01	1.216767e-04	6.897807e-10
1.538077e+01	1.211747e-04	6.878486e-10
1.540077e+01	1.206748e-04	6.859206e-10
1.542077e+01	1.201770e-04	6.839967e-10
1.544077e+01	1.196812e-04	6.820770e-10
1.546077e+01	1.191874e-04	6.801614e-10
1.548077e+01	1.186957e-04	6.782499e-10
1.550078e+01	1.182060e-04	6.763426e-10
1.552078e+01	1.177184e-04	6.744394e-10
1.554078e+01	1.172327e-04	6.725404e-10
1.556078e+01	1.167490e-04	6.706455e-10
1.558078e+01	1.162674e-04	6.687547e-10
1.560078e+01	1.157877e-04	6.668680e-10
1.562078e+01	1.153100e-04	6.649855e-10
1.564078e+01	1.148343e-04	6.631071e-10
1.566078e+01	1.143606e-04	6.612328e-10
1.568078e+01	1.138888e-04	6.593627e-10
1.570079e+01	1.134189e-04	6.574967e-10
1.572079e+01	1.129510e-04	6.556347e-10
1.574079e+01	1.124850e-04	6.537769e-10
1.576079e+01	1.120210e-04	6.519233e-10
1.578079e+01	1.115588e-04	6.500737e-10
1.580079e+01	1.110986e-04	6.482282e-10
1.582079e+01	1.106402e-04	6.463869e-10
1.584079e+01	1.101838e-04	6.445497e-10
1.586079e+01	1.097292e-04	6.427165e-10
1.588079e+01	1.092765e-04	6.408875e-10
1.590080e+01	1.088257e-04	6.390625e-10
1.592080e+01	1.083767e-04	6.372417e-10
1.594080e+01	1.079296e-04	6.354249e-10
1.596080e+01	1.074844e-04	6.336123e-10
1.598080e+01	1.070409e-04	6.318037e-10
1.600080e+01	1.065993e-04	6.299992e-10
1.602080e+01	1.061596e-04	6.281988e-10
1.604080e+01	1.057216e-04	6.264025e-10
1.606080e+01	1.052854e-04	6.246103e-10
1.608080e+01	1.048511e-04	6.228221e-10
1.610081e+01	1.044185e-04	6.210380e-10
1.612081e+01	1.039877e-04	6.192580e-10
1.614081e+01	1.035587e-04	6.174820e-10
1.616081e+01	1.031315e-04	6.157101e-10
1.618081e+01	1.027060e-04	6.139423e-10
1.620081e+01	1.022823e-04	6.121785e-10
1.622081e+01	1.018604e-04	6.104188e-10
1.624081e+01	1.014401e-04	6.086631e-10
1.626081e+01	1.010217e-04	6.069115e-10
1.628081e+01	1.006049e-04	6.051639e-10
1.630082e+01	1.001899e-04	6.034204e-10
1.632082e+01	9.977652e-05	6.016809e-10
1.634082e+01	9.936490e-05	5.999454e-10
1.636082e+01	9.895497e-05	5.982140e-10
1.638082e+01	9.854673e-05	5.964866e-10
1.640082e+01	9.814018e-05	5.947632e-10
1.642082e+01	9.773531e-05	5.930438e-10
1.644082e+01	9.733211e-05	5.913284e-10
1.646082e+01	9.693057e-05	5.896171e-10
1.648082e+01	9.653068e-05	5.879098e-10
1.650083e+01	9.613245e-05	5.862064e-10
1.652083e+01	9.573586e-05	5.845071e-10
1.654083e+01	9.534091e-05	5.828118e-10
1.656083e+01	9.494759e-05	5.811204e-10
1.658083e+01	9.455588e-05	5.794331e-10
1.660083e+01	9.416580e-05	5.777497e-10
1.662083e+01	9.377732e-05	5.760704e-10
1.664083e+01	9.339045e-05	5.743950e-10
1.666083e+01	9.300518e-05	5.727235e-10
1.668083e+01	9.262149e-05	5.710561e-10
1.670084e+01	9.223939e-05	5.693926e-10
1.672084e+01	9.185886e-05	5.677330e-10
1.674084e+01	9.147990e-05	5.660775e-10
1.676084e+01	9.110251e-05	5.644258e-10
1.678084e+01	9.072667e-05	5.627782e-10
1.680084e+01	9.035239e-05	5.611344e-10
1.682084e+01	8.997965e-05	5.594946e-10
1.684084e+01	8.960844e-05	5.578588e-10
1.686084e+01	8.923877e-05	5.562269e-10
1.688084e+01	8.887063e-05	5.545989e-10
1.690085e+01	8.850400e-05	5.529748e-10
1.692085e+01	8.813888e-05	5.513546e-10
1.694085e+01	8.777528e-05	5.497384e-10
1.696085e+01	8.741317e-05	5.481261e-10
1.698085e+01	8.705255e-05	5.465176e-10
1.700085e+01	8.669343e-05	5.449131e-10
1.702085e+01	8.633578e-05	5.433125e-10
1.704085e+01	8.597961e-05	5.417157e-10
1.706085e+01	8.562492e-05	5.401229e-10
1.708085e+01	8.527168e-05	5.385339e-10
1.710086e+01	8.491990e-05	5.369488e-10
1.712086e+01	8.456957e-05	5.353676e-10
1.714086e+01	8.422069e-05	5.337902e-10
1.716086e+01	8.387325e-05	5.322167e-10
1.718086e+01	8.352724e-05	5.306471e-10
1.720086e+01	8.318266e-05	5.290813e-10
1.722086e+01	8.283950e-05	5.275193e-10
1.724086e+01	8.249776e-05	5.259612e-10
1.726086e+01	8.215743e-05	5.244070e-10
1.728086e+01	8.181850e-05	5.228565e-10
1.730087e+01	8.148097e-05	5.213099e-10
1.732087e+01	8.114483e-05	5.197671e-10
1.734087e+01	8.081008e-05	5.182282e-10
1.736087e+01	8.047671e-05	5.166930e-10
1.738087e+01	8.014471e-05	5.151617e-10
1.740087e+01	7.981409e-05	5.136341e-10
1.742087e+01	7.948483e-05	5.121104e-10
1.744087e+01	7.915692e-05	5.105904e-10
1.746087e+01	7.883037e-05	5.090743e-10
1.748087e+01	7.850517e-05	5.075619e-10
1.750088e+01	7.818131e-05	5.060533e-10
1.752088e+01	7.785879e-05	5.045484e-10
1.754088e+01	7.753760e-05	5.030474e-10
1.756088e+01	7.721773e-05	5.015501e-10
1.758088e+01	7.689918e-05	5.000565e-10
1.760088e+01	7.658194e-05	4.985667e-10
1.762088e+01	7.626602e-05	4.970806e-10
1.764088e+01	7.595140e-05	4.955983e-10
1.766088e+01	7.563807e-05	4.941197e-10
1.768088e+01	7.532604e-05	4.926448e-10
1.770089e+01	7.501530e-05	4.911737e-10
1.772089e+01	7.470584e-05	4.897063e-10
1.774089e+01	7.439765e-05	4.882426e-10
1.776089e+01	7.409074e-05	4.867826e-10
1.778089e+01	7.378509e-05	4.853263e-10
1.780089e+01	7.348071e-05	4.838737e-10
1.782089e+01	7.317758e-05	4.824247e-10
1.784089e+01	7.287570e-05	4.809795e-10
1.786089e+01	7.257506e-05	4.795379e-10
1.788089e+01	7.227567e-05	4.781001e-10
1.790090e+01	7.197751e-05	4.766658e-10
1.792090e+01	7.168059e-05	4.752353e-10
1.794090e+01	7.138488e-05	4.738084e-10
1.796090e+01	7.109040e-05	4.723851e-10
1.798090e+01	7.079713e-05	4.709655e-10
1.800090e+01	7.050507e-05	4.695496e-10
1.802090e+01	7.021422e-05	4.681373e-10
1.804090e+01	6.992457e-05	4.667285e-10
1.806090e+01	6.963611e-05	4.653235e-10
1.808090e+01	6.934884e-05	4.639220e-10
1.810091e+01	6.906276e-05	4.625241e-10
1.812091e+01	6.877786e-05	4.611299e-10
1.814091e+01	6.849413e-05	4.597392e-10
1.816091e+01	6.821157e-05	4.583522e-10
1.818091e+01	6.793018e-05	4.569687e-10
1.820091e+01	6.764995e-05	4.555888e-10
1.822091e+01	6.737088e-05	4.542125e-10
1.824091e+01	6.709296e-05	4.528397e-10
1.826091e+01	6.681618e-05	4.514706e-10
1.828091e+01	6.654055e-05	4.501049e-10
1.830092e+01	6.626606e-05	4.487429e-10
1.832092e+01	6.599269e-05	4.473843e-10
1.834092e+01	6.572046e-05	4.460293e-10
1.836092e+01	6.544934e-05	4.446779e-10
1.838092e+01	6.517935e-05	4.433300e-10
1.840092e+01	6.491047e-05	4.419856e-10
1.842092e+01	6.464270e-05	4.406447e-10
1.844092e+01	6.437603e-05	4.393073e-10
1.846092e+01	6.411047e-05	4.379734e-10
1.848092e+01	6.384600e-05	4.366430e-10
1.850093e+01	6.358262e-05	4.353161e-10
1.852093e+01	6.332033e-05	4.339927e-10
1.854093e+01	6.305912e-05	4.326728e-10
1.856093e+01	6.279898e-05	4.313564e-10
1.858093e+01	6.253992e-05	4.300434e-10
1.860093e+01	6.228193e-05	4.287339e-10
1.862093e+01	6.202501e-05	4.274278e-10
1.864093e+01	6.176914e-05	4.261252e-10
1.866093e+01	6.151433e-05	4.248260e-10
1.868093e+01	6.126057e-05	4.235303e-10
1.870094e+01	6.100786e-05	4.222380e-10
1.872094e+01	6.075619e-05	4.209491e-10
1.874094e+01	6.050556e-05	4.196637e-10
1.876094e+01	6.025596e-05	4.183816e-10
1.878094e+01	6.000740e-05	4.171030e-10
1.880094e+01	5.975985e-05	4.158277e-10
1.882094e+01	5.951333e-05	4.145559e-10
1.884094e+01	5.926783e-05	4.132874e-10
1.886094e+01	5.902334e-05	4.120224e-10
1.888094e+01	5.877986e-05	4.107607e-10
1.890095e+01	5.853738e-05	4.095023e-10
1.892095e+01	5.829590e-05	4.082474e-10
1.894095e+01	5.805542e-05	4.069958e-10
1.896095e+01	5.781594e-05	4.057475e-10
1.898095e+01	5.757743e-05	4.045026e-10
1.900095e+01	5.733992e-05	4.032610e-10
1.902095e+01	5.710338e-05	4.020228e-10
1.904095e+01	5.686782e-05	4.007879e-10
1.906095e+01	5.663323e-05	3.995563e-10
1.908095e+01	5.639961e-05	3.983280e-10
1.910096e+01	5.616695e-05	3.971030e-10
1.912096e+01	5.593526e-05	3.958813e-10
1.914096e+01	5.570452e-05	3.946629e-10
1.916096e+01	5.547473e-05	3.934478e-10
1.918096e+01	5.524589e-05	3.922360e-10
1.920096e+01	5.501799e-05	3.910275e-10
1.922096e+01	5.479103e-05	3.898222e-10
1.924096e+01	5.456501e-05	3.886202e-10
1.926096e+01	5.433992e-05	3.874215e-10
1.928096e+01	5.411576e-05	3.862260e-10
1.930097e+01	5.389253e-05	3.850337e-10
1.932097e+01	5.367022e-05	3.838447e-10
1.934097e+01	5.344882e-05	3.826589e-10
1.936097e+01	5.322834e-05	3.814764e-10
1.938097e+01	5.300876e-05	3.802970e-10
1.940097e+01	5.279010e-05	3.791209e-10
1.942097e+01	5.257233e-05	3.779480e-10
1.944097e+01	5.235546e-05	3.767783e-10
1.946097e+01	5.213949e-05	3.756117e-10
1.948097e+01	5.192441e-05	3.744484e-10
1.950098e+01	5.171022e-05	3.732882e-10
1.952098e+01	5.149691e-05	3.721312e-10
1.954098e+01	5.128448e-05	3.709774e-10
1.956098e+01	5.107292e-05	3.698268e-10
1.958098e+01	5.086224e-05	3.686793e-10
1.960098e+01	5.065243e-05	3.675349e-10
1.962098e+01	5.044348e-05	3.663937e-10
1.964098e+01	5.023540e-05	3.652557e-10
1.966098e+01	5.002818e-05	3.641207e-10
1.968098e+01	4.982180e-05	3.629889e-10
1.970099e+01	4.961629e-05	3.618602e-10
1.972099e+01	4.941161e-05	3.607346e-10
1.974099e+01	4.920779e-05	3.596121e-10
1.976099e+01	4.900480e-05	3.584927e-10
1.978099e+01	4.880265e-05	3.573764e-10
1.980099e+01	4.860134e-05	3.562632e-10
1.982099e+01	4.840085e-05	3.551531e-10
1.984099e+01	4.820120e-05	3.540461e-10
1.986099e+01	4.800236e-05	3.529421e-10
1.988099e+01	4.780435e-05	3.518411e-10
1.990100e+01	4.760716e-05	3.507433e-10
1.992100e+01	4.741077e-05	3.496484e-10
1.994100e+01	4.721520e-05	3.485567e-10
1.996100e+01	4.702044e-05	3.474679e-10
1.998100e+01	4.682647e-05	3.463822e-10
2.000100e+01	4.663331e-05	3.452995e-10
2.002100e+01	4.644095e-05	3.442198e-10
2.004100e+01	4.624938e-05	3.431431e-10
2.006100e+01	4.605860e-05	3.420694e-10
2.008100e+01	4.586860e-05	3.409988e-10
2.010101e+01	4.567939e-05	3.399311e-10
2.012101e+01	4.549096e-05	3.388664e-10
2.014101e+01	4.530331e-05	3.378047e-10
2.016101e+01	4.511643e-05	3.367459e-10
2.018101e+01	4.493033e-05	3.356901e-10
2.020101e+01	4.474499e-05	3.346373e-10
2.022101e+01	4.456042e-05	3.335874e-10
2.024101e+01	4.437660e-05	3.325405e-10
2.026101e+01	4.419355e-05	3.314965e-10
2.028101e+01	4.401125e-05	3.304554e-10
2.030102e+01	4.382970e-05	3.294173e-10
2.032102e+01	4.364890e-05	3.283821e-10
2.034102e+01	4.346885e-05	3.273498e-10
2.036102e+01	4.328954e-05	3.263204e-10
2.038102e+01	4.311097e-05	3.252939e-10
2.040102e+01	4.293314e-05	3.242703e-10
2.042102e+01	4.275604e-05	3.232496e-10
2.044102e+01	4.257967e-05	3.222318e-10
2.046102e+01	4.240403e-05	3.212168e-10
2.048102e+01	4.222911e-05	3.202047e-10
2.050103e+01	4.205492e-05	3.191955e-10
2.052103e+01	4.188144e-05	3.181892e-10
2.054103e+01	4.170868e-05	3.171857e-10
2.056103e+01	4.153663e-05	3.161850e-10
2.058103e+01	4.136530e-05	3.151872e-10
2.060103e+01	4.119467e-05	3.141922e-10
2.062103e+01	4.102474e-05	3.132000e-10
2.064103e+01	4.085551e-05	3.122107e-10
2.066103e+01	4.068698e-05	3.112241e-10
2.068103e+01	4.051915e-05	3.102404e-10
2.070104e+01	4.035201e-05	3.092595e-10
2.072104e+01	4.018556e-05	3.082813e-10
2.074104e+01	4.001980e-05	3.073060e-10
2.076104e+01	3.985472e-05	3.063334e-10
2.078104e+01	3.969032e-05	3.053636e-10
2.080104e+01	3.952660e-05	3.043966e-10
2.082104e+01	3.936355e-05	3.034324e-10
2.084104e+01	3.920118e-05	3.024709e-10
2.086104e+01	3.903948e-05	3.015121e-10
2.088104e+01	3.887844e-05	3.005561e-10
2.090105e+01	3.871807e-05	2.996028e-10
2.092105e+01	3.855836e-05	2.986523e-10
2.094105e+01	3.839931e-05	2.977045e-10
2.096105e+01	3.824091e-05	2.967594e-10
2.098105e+01	3.808317e-05	2.958170e-10
2.100105e+01	3.792608e-05	2.948773e-10
2.102105e+01	3.776964e-05	2.939404e-10
2.104105e+01	3.761384e-05	2.930061e-10
2.106105e+01	3.745869e-05	2.920745e-10
2.108105e+01	3.730417e-05	2.911456e-10
2.110106e+01	3.715029e-05	2.902194e-10
2.112106e+01	3.699705e-05	2.892958e-10
2.114106e+01	3.684444e-05	2.883749e-10
2.116106e+01	3.669246e-05	2.874567e-10
2.118106e+01	3.654111e-05	2.865411e-10
2.120106e+01	3.639038e-05	2.856281e-10
2.122106e+01	3.624027e-05	2.847178e-10
2.124106e+01	3.609079e-05	2.838101e-10
2.126106e+01	3.594191e-05	2.829051e-10
2.128106e+01	3.579366e-05	2.820026e-10
2.130107e+01	3.564601e-05	2.811028e-10
2.132107e+01	3.549898e-05	2.802056e-10
2.134107e+01	3.535255e-05	2.793110e-10
2.136107e+01	3.520672e-05	2.784190e-10
2.138107e+01	3.506150e-05	2.775296e-10
2.140107e+01	3.491687e-05	2.766427e-10
2.142107e+01	3.477284e-05	2.757585e-10
2.144107e+01	3.462941e-05	2.748768e-10
2.146107e+01	3.448657e-05	2.739977e-10
2.148107e+01	3.434431e-05	2.731211e-10
2.150108e+01	3.420265e-05	2.722471e-10
2.152108e+01	3.406157e-05	2.713756e-10
2.154108e+01	3.392107e-05	2.705067e-10
2.156108e+01	3.378115e-05	2.696403e-10
2.158108e+01	3.364180e-05	2.687764e-10
2.160108e+01	3.350304e-05	2.679151e-10
2.162108e+01	3.336484e-05	2.670563e-10
2.164108e+01	3.322721e-05	2.661999e-10
2.166108e+01	3.309016e-05	2.653461e-10
2.168108e+01	3.295367e-05	2.644948e-10
2.170109e+01	3.281774e-05	2.636460e-10
2.172109e+01	3.268237e-05	2.627997e-10
2.174109e+01	3.254756e-05	2.619558e-10
2.176109e+01	3.241330e-05	2.611144e-10
2.178109e+01	3.227960e-05	2.602755e-10
2.180109e+01	3.214646e-05	2.594391e-10
2.182109e+01	3.201386e-05	2.586051e-10
2.184109e+01	3.188180e-05	2.577736e-10
2.186109e+01	3.175030e-05	2.569445e-10
2.188109e+01	3.161933e-05	2.561178e-10
2.190110e+01	3.148891e-05	2.552936e-10
2.192110e+01	3.135902e-05	2.544718e-10
2.194110e+01	3.122967e-05	2.536524e-10
2.196110e+01	3.110085e-05	2.528354e-10
2.198110e+01	3.097257e-05	2.520209e-10
2.200110e+01	3.084481e-05	2.512087e-10
2.202110e+01	3.071758e-05	2.503990e-10
2.204110e+01	3.059088e-05	2.495916e-10
2.206110e+01	3.046470e-05	2.487866e-10
2.208110e+01	3.033904e-05	2.479840e-10
2.210111e+01	3.021389e-05	2.471838e-10
2.212111e+01	3.008927e-05	2.463860e-10
2.214111e+01	2.996515e-05	2.455905e-10
2.216111e+01	2.984155e-05	2.447973e-10
2.218111e+01	2.971846e-05	2.440065e-10
2.220111e+01	2.959588e-05	2.432181e-10
2.222111e+01	2.947380e-05	2.424320e-10
2.224111e+01	2.935223e-05	2.416482e-10
2.226111e+01	2.923116e-05	2.408668e-10
2.228111e+01	2.911059e-05	2.400876e-10
2.230112e+01	2.899051e-05	2.393108e-10
2.232112e+01	2.887093e-05	2.385363e-10
2.234112e+01	2.875184e-05	2.377641e-10
2.236112e+01	2.863325e-05	2.369942e-10
2.238112e+01	2.851514e-05	2.362266e-10
2.240112e+01	2.839752e-05	2.354613e-10
2.242112e+01	2.828039e-05	2.346983e-10
2.244112e+01	2.816374e-05	2.339375e-10
2.246112e+01	2.804757e-05	2.331790e-10
2.248112e+01	2.793188e-05	2.324228e-10
2.250113e+01	2.781667e-05	2.316688e-10
2.252113e+01	2.770193e-05	2.309171e-10
2.254113e+01	2.758767e-05	2.301676e-10
2.256113e+01	2.747388e-05	2.294204e-10
2.258113e+01	2.736055e-05	2.286754e-10
2.260113e+01	2.724770e-05	2.279326e-10
2.262113e+01	2.713531e-05	2.271921e-10
2.264113e+01	2.702338e-05	2.264537e-10
2.266113e+01	2.691192e-05	2.257176e-10
2.268113e+01	2.680091e-05	2.249837e-10
2.270114e+01	2.669037e-05	2.242520e-10
2.272114e+01	2.658027e-05	2.235225e-10
2.274114e+01	2.647064e-05	2.227952e-10
2.276114e+01	2.636145e-05	2.220700e-10
2.278114e+01	2.625272e-05	2.213471e-10
2.280114e+01	2.614443e-05	2.206263e-10
2.282114e+01	2.603660e-05	2.199076e-10
2.284114e+01	2.592920e-05	2.191912e-10
2.286114e+01	2.582225e-05	2.184769e-10
2.288114e+01	2.571574e-05	2.177647e-10
2.290115e+01	2.560967e-05	2.170547e-10
2.292115e+01	2.550404e-05	2.163469e-10
2.294115e+01	2.539884e-05	2.156411e-10
2.296115e+01	2.529408e-05	2.149375e-10
2.298115e+01	2.518975e-05	2.142361e-10
2.300115e+01	2.508585e-05	2.135367e-10
2.302115e+01	2.498238e-05	2.128395e-10
2.304115e+01	2.487933e-05	2.121443e-10
2.306115e+01	2.477671e-05	2.114513e-10
2.308115e+01	2.467451e-05	2.107603e-10
2.310116e+01	2.457274e-05	2.100715e-10
2.312116e+01	2.447138e-05	2.093847e-10
2.314116e+01	2.437045e-05	2.087000e-10
2.316116e+01	2.426993e-05	2.080174e-10
2.318116e+01	2.416982e-05	2.073369e-10
2.320116e+01	2.407013e-05	2.066584e-10
2.322116e+01	2.397085e-05	2.059819e-10
2.324116e+01	2.387197e-05	2.053076e-10
2.326116e+01	2.377351e-05	2.046353e-10
2.328116e+01	2.367545e-05	2.039650e-10
2.330117e+01	2.357780e-05	2.032967e-10
2.332117e+01	2.348055e-05	2.026305e-10
2.334117e+01	2.338370e-05	2.019663e-10
2.336117e+01	2.328725e-05	2.013041e-10
2.338117e+01	2.319120e-05	2.006440e-10
2.340117e+01	2.309554e-05	1.999859e-10
2.342117e+01	2.300028e-05	1.993297e-10
2.344117e+01	2.290541e-05	1.986756e-10
2.346117e+01	2.281093e-05	1.980234e-10
2.348117e+01	2.271685e-05	1.973733e-10
2.350118e+01	2.262315e-05	1.967251e-10
2.352118e+01	2.252983e-05	1.960789e-10
2.354118e+01	2.243691e-05	1.954347e-10
2.356118e+01	2.234436e-05	1.947924e-10
2.358118e+01	2.225220e-05	1.941521e-10
2.360118e+01	2.216042e-05	1.935138e-10
2.362118e+01	2.206901e-05	1.928774e-10
2.364118e+01	2.197799e-05	1.922430e-10
2.366118e+01	2.188734e-05	1.916105e-10
2.368118e+01	2.179706e-05	1.909799e-10
2.370119e+01	2.170715e-05	1.903513e-10
2.372119e+01	2.161762e-05	1.897246e-10
2.374119e+01	2.152846e-05	1.890998e-10
2.376119e+01	2.143966e-05	1.884769e-10
2.378119e+01	2.135123e-05	1.878560e-10
2.380119e+01	2.126316e-05	1.872369e-10
2.382119e+01	2.117546e-05	1.866198e-10
2.384119e+01	2.108812e-05	1.860045e-10
2.386119e+01	2.100114e-05	1.853912e-10
2.388119e+01	2.091452e-05	1.847797e-10
2.390120e+01	2.082825e-05	1.841701e-10
2.392120e+01	2.074234e-05	1.835624e-10
2.394120e+01	2.065679e-05	1.829565e-10
2.396120e+01	2.057159e-05	1.823525e-10
2.398120e+01	2.048674e-05	1.817504e-10
2.400120e+01	2.040224e-05	1.811502e-10
2.402120e+01	2.031809e-05	1.805517e-10
2.404120e+01	2.023429e-05	1.799552e-10
2.406120e+01	2.015083e-05	1.793604e-10
2.408120e+01	2.006771e-05	1.787675e-10
2.410121e+01	1.998494e-05	1.781764e-10
2.412121e+01	1.990251e-05	1.775872e-10
2.414121e+01	1.982042e-05	1.769998e-10
2.416121e+01	1.973867e-05	1.764142e-10
2.418121e+01	1.965726e-05	1.758304e-10
2.420121e+01	1.957618e-05	1.752484e-10
2.422121e+01	1.949544e-05	1.746682e-10
2.424121e+01	1.941503e-05	1.740898e-10
2.426121e+01	1.933495e-05	1.735132e-10
2.428121e+01	1.925520e-05	1.729383e-10
2.430122e+01	1.917578e-05	1.723653e-10
2.432122e+01	1.909669e-05	1.717940e-10
2.434122e+01	1.901792e-05	1.712245e-10
2.436122e+01	1.893948e-05	1.706568e-10
2.438122e+01	1.886137e-05	1.700908e-10
2.440122e+01	1.878357e-05	1.695266e-10
2.442122e+01	1.870610e-05	1.689641e-10
2.444122e+01	1.862894e-05	1.684034e-10
2.446122e+01	1.855211e-05	1.678445e-10
2.448122e+01	1.847559e-05	1.672872e-10
2.450123e+01	1.839939e-05	1.667317e-10
2.452123e+01	1.832350e-05	1.661779e-10
2.454123e+01	1.824792e-05	1.656259e-10
2.456123e+01	1.817266e-05	1.650755e-10
2.458123e+01	1.809770e-05	1.645269e-10
2.460123e+01	1.802306e-05	1.639800e-10
2.462123e+01	1.794872e-05	1.634348e-10
2.464123e+01	1.787469e-05	1.628913e-10
2.466123e+01	1.780097e-05	1.623495e-10
2.468123e+01	1.772755e-05	1.618094e-10
2.470124e+01	1.765443e-05	1.612709e-10
2.472124e+01	1.758161e-05	1.607342e-10
2.474124e+01	1.750910e-05	1.601991e-10
2.476124e+01	1.743688e-05	1.596657e-10
2.478124e+01	1.736496e-05	1.591339e-10
2.480124e+01	1.729334e-05	1.586038e-10
2.482124e+01	1.722202e-05	1.580754e-10
2.484124e+01	1.715098e-05	1.575486e-10
2.486124e+01	1.708024e-05	1.570235e-10
2.488124e+01	1.700980e-05	1.565000e-10
2.490125e+01	1.693964e-05	1.559782e-10
2.492125e+01	1.686977e-05	1.554580e-10
2.494125e+01	1.680019e-05	1.549394e-10
2.496125e+01	1.673090e-05	1.544224e-10
2.498125e+01	1.666189e-05	1.539071e-10
2.500125e+01	1.659317e-05	1.533934e-10
2.502125e+01	1.652473e-05	1.528813e-10
2.504125e+01	1.645658e-05	1.523708e-10
2.506125e+01	1.638870e-05	1.518619e-10
2.508125e+01	1.632111e-05	1.513546e-10
2.510126e+01	1.625379e-05	1.508489e-10
2.512126e+01	1.618675e-05	1.503447e-10
2.514126e+01	1.611999e-05	1.498422e-10
2.516126e+01	1.605351e-05	1.493412e-10
2.518126e+01	1.598729e-05	1.488419e-10
2.520126e+01	1.592136e-05	1.483441e-10
2.522126e+01	1.585569e-05	1.478478e-10
2.524126e+01	1.579029e-05	1.473531e-10
2.526126e+01	1.572517e-05	1.468600e-10
2.528126e+01	1.566031e-05	1.463685e-10
2.530127e+01	1.559572e-05	1.458784e-10
2.532127e+01	1.553139e-05	1.453900e-10
2.534127e+01	1.546734e-05	1.449030e-10
2.536127e+01	1.540354e-05	1.444176e-10
2.538127e+01	1.534001e-05	1.439338e-10
2.540127e+01	1.527674e-05	1.434514e-10
2.542127e+01	1.521373e-05	1.429706e-10
2.544127e+01	1.515099e-05	1.424913e-10
2.546127e+01	1.508850e-05	1.420135e-10
2.548127e+01	1.502627e-05	1.415373e-10
2.550128e+01	1.496429e-05	1.410625e-10
2.552128e+01	1.490257e-05	1.405892e-10
2.554128e+01	1.484111e-05	1.401175e-10
2.556128e+01	1.477990e-05	1.396472e-10
2.558128e+01	1.471894e-05	1.391784e-10
2.560128e+01	1.465823e-05	1.387111e-10
2.562128e+01	1.459777e-05	1.382453e-10
2.564128e+01	1.453757e-05	1.377809e-10
2.566128e+01	1.447761e-05	1.373181e-10
2.568128e+01	1.441790e-05	1.368567e-10
2.570129e+01	1.435843e-05	1.363967e-10
2.572129e+01	1.429921e-05	1.359382e-10
2.574129e+01	1.424024e-05	1.354812e-10
2.576129e+01	1.418150e-05	1.350256e-10
2.578129e+01	1.412301e-05	1.345715e-10
2.580129e+01	1.406476e-05	1.341188e-10
2.582129e+01	1.400676e-05	1.336676e-10
2.584129e+01	1.394899e-05	1.332177e-10
2.586129e+01	1.389145e-05	1.327694e-10
2.588129e+01	1.383416e-05	1.323224e-10
2.590130e+01	1.377710e-05	1.318768e-10
2.592130e+01	1.372028e-05	1.314327e-10
2.594130e+01	1.366369e-05	1.309900e-10
2.596130e+01	1.360734e-05	1.305487e-10
2.598130e+01	1.355122e-05	1.301088e-10
2.600130e+01	1.349533e-05	1.296703e-10
2.602130e+01	1.343967e-05	1.292332e-10
2.604130e+01	1.338424e-05	1.287975e-10
2.606130e+01	1.332904e-05	1.283632e-10
2.608130e+01	1.327406e-05	1.279303e-10
2.610131e+01	1.321932e-05	1.274987e-10
2.612131e+01	1.316479e-05	1.270686e-10
2.614131e+01	1.311050e-05	1.266398e-10
2.616131e+01	1.305643e-05	1.262124e-10
2.618131e+01	1.300258e-05	1.257863e-10
2.620131e+01	1.294895e-05	1.253616e-10
2.622131e+01	1.289554e-05	1.249383e-10
2.624131e+01	1.284236e-05	1.245163e-10
2.626131e+01	1.278939e-05	1.240956e-10
2.628131e+01	1.273664e-05	1.236763e-10
2.630132e+01	1.268411e-05	1.232584e-10
2.632132e+01	1.263180e-05	1.228418e-10
2.634132e+01	1.257970e-05	1.224265e-10
2.636132e+01	1.252782e-05	1.220125e-10
2.638132e+01	1.247615e-05	1.215999e-10
2.640132e+01	1.242469e-05	1.211886e-10
2.642132e+01	1.237345e-05	1.207786e-10
2.644132e+01	1.232242e-05	1.203699e-10
2.646132e+01	1.227160e-05	1.199626e-10
2.648132e+01	1.222099e-05	1.195565e-10
2.650133e+01	1.217058e-05	1.191518e-10
2.652133e+01	1.212039e-05	1.187483e-10
2.654133e+01	1.207040e-05	1.183462e-10
2.656133e+01	1.202062e-05	1.179453e-10
2.658133e+01	1.197104e-05	1.175457e-10
2.660133e+01	1.192167e-05	1.171474e-10
2.662133e+01	1.187250e-05	1.167504e-10
2.664133e+01	1.182353e-05	1.163547e-10
2.666133e+01	1.177477e-05	1.159602e-10
2.668133e+01	1.172621e-05	1.155670e-10
2.670134e+01	1.167784e-05	1.151751e-10
2.672134e+01	1.162968e-05	1.147844e-10
2.674134e+01	1.158172e-05	1.143950e-10
2.676134e+01	1.153395e-05	1.140069e-10
2.678134e+01	1.148638e-05	1.136200e-10
2.680134e+01	1.143901e-05	1.132343e-10
2.682134e+01	1.139183e-05	1.128499e-10
2.684134e+01	1.134485e-05	1.124667e-10
2.686134e+01	1.129806e-05	1.120848e-10
2.688134e+01	1.125146e-05	1.117041e-10
2.690135e+01	1.120506e-05	1.113246e-10
2.692135e+01	1.115885e-05	1.109463e-10
2.694135e+01	1.111282e-05	1.105693e-10
2.696135e+01	1.106699e-05	1.101935e-10
2.698135e+01	1.102135e-05	1.098189e-10
2.700135e+01	1.097589e-05	1.094455e-10
2.702135e+01	1.093063e-05	1.090733e-10
2.704135e+01	1.088555e-05	1.087023e-10
2.706135e+01	1.084065e-05	1.083325e-10
2.708135e+01	1.079594e-05	1.079639e-10
2.710136e+01	1.075142e-05	1.075965e-10
2.712136e+01	1.070707e-05	1.072303e-10
2.714136e+01	1.066292e-05	1.068653e-10
2.716136e+01	1.061894e-05	1.065015e-10
2.718136e+01	1.057514e-05	1.061388e-10
2.720136e+01	1.053153e-05	1.057773e-10
2.722136e+01	1.048810e-05	1.054170e-10
2.724136e+01	1.044484e-05	1.050579e-10
2.726136e+01	1.040176e-05	1.046999e-10
2.728136e+01	1.035886e-05	1.043431e-10
2.730137e+01	1.031614e-05	1.039874e-10
2.732137e+01	1.027360e-05	1.036329e-10
2.734137e+01	1.023122e-05	1.032795e-10
2.736137e+01	1.018903e-05	1.029273e-10
2.738137e+01	1.014701e-05	1.025762e-10
2.740137e+01	1.010516e-05	1.022263e-10
2.742137e+01	1.006348e-05	1.018775e-10
2.744137e+01	1.002198e-05	1.015299e-10
2.746137e+01	9.980646e-06	1.011833e-10
2.748137e+01	9.939484e-06	1.008379e-10
2.750138e+01	9.898491e-06	1.004936e-10
2.752138e+01	9.857668e-06	1.001505e-10
2.754138e+01	9.817013e-06	9.980844e-11
2.756138e+01	9.776526e-06	9.946751e-11
2.758138e+01	9.736206e-06	9.912769e-11
2.760138e+01	9.696052e-06	9.878898e-11
2.762138e+01	9.656063e-06	9.845137e-11
2.764138e+01	9.616240e-06	9.811486e-11
2.766138e+01	9.576581e-06	9.777945e-11
2.768138e+01	9.537085e-06	9.744512e-11
2.770139e+01	9.497752e-06	9.711189e-11
2.772139e+01	9.458582e-06	9.677975e-11
2.774139e+01	9.419573e-06	9.644869e-11
2.776139e+01	9.380725e-06	9.611871e-11
2.778139e+01	9.342037e-06	9.578980e-11
2.780139e+01	9.303509e-06	9.546197e-11
2.782139e+01	9.265140e-06	9.513521e-11
2.784139e+01	9.226929e-06	9.480952e-11
2.786139e+01	9.188875e-06	9.448489e-11
2.788139e+01	9.150979e-06	9.416132e-11
2.790140e+01	9.113239e-06	9.383881e-11
2.792140e+01	9.075655e-06	9.351735e-11
2.794140e+01	9.038225e-06	9.319695e-11
2.796140e+01	9.000950e-06	9.287759e-11
2.798140e+01	8.963829e-06	9.255927e-11
2.800140e+01	8.926861e-06	9.224200e-11
2.802140e+01	8.890045e-06	9.192577e-11
2.804140e+01	8.853381e-06	9.161057e-11
2.806140e+01	8.816869e-06	9.129640e-11
2.808140e+01	8.780507e-06	9.098327e-11
2.810141e+01	8.744294e-06	9.067115e-11
2.812141e+01	8.708232e-06	9.036007e-11
2.814141e+01	8.672318e-06	9.005000e-11
2.816141e+01	8.636552e-06	8.974094e-11
2.818141e+01	8.600934e-06	8.943290e-11
2.820141e+01	8.565463e-06	8.912588e-11
2.822141e+01	8.530137e-06	8.881985e-11
2.824141e+01	8.494958e-06	8.851484e-11
2.826141e+01	8.459924e-06	8.821082e-11
2.828141e+01	8.425034e-06	8.790780e-11
2.830142e+01	8.390288e-06	8.760578e-11
2.832142e+01	8.355686e-06	8.730475e-11
2.834142e+01	8.321226e-06	8.700470e-11
2.836142e+01	8.286908e-06	8.670565e-11
2.838142e+01	8.252732e-06	8.640757e-11
2.840142e+01	8.218697e-06	8.611048e-11
2.842142e+01	8.184802e-06	8.581436e-11
2.844142e+01	8.151048e-06	8.551922e-11
2.846142e+01	8.117432e-06	8.522505e-11
2.848142e+01	8.083955e-06	8.493184e-11
2.850143e+01	8.050616e-06	8.463960e-11
2.852143e+01	8.017414e-06	8.434833e-11
2.854143e+01	7.984350e-06	8.405801e-11
2.856143e+01	7.951422e-06	8.376865e-11
2.858143e+01	7.918629e-06	8.348024e-11
2.860143e+01	7.885972e-06	8.319278e-11
2.862143e+01	7.853450e-06	8.290627e-11
2.864143e+01	7.821062e-06	8.262070e-11
2.866143e+01	7.788807e-06	8.233608e-11
2.868143e+01	7.756685e-06	8.205239e-11
2.870144e+01	7.724696e-06	8.176964e-11
2.872144e+01	7.692839e-06	8.148782e-11
2.874144e+01	7.661113e-06	8.120694e-11
2.876144e+01	7.629518e-06	8.092698e-11
2.878144e+01	7.598054e-06	8.064794e-11
2.880144e+01	7.566719e-06	8.036983e-11
2.882144e+01	7.535513e-06	8.009263e-11
2.884144e+01	7.504436e-06	7.981635e-11
2.886144e+01	7.473488e-06	7.954098e-11
2.888144e+01	7.442667e-06	7.926653e-11
2.890145e+01	7.411973e-06	7.899298e-11
2.892145e+01	7.381405e-06	7.872033e-11
2.894145e+01	7.350964e-06	7.844859e-11
2.896145e+01	7.320648e-06	7.817775e-11
2.898145e+01	7.290458e-06	7.790780e-11
2.900145e+01	7.260392e-06	7.763874e-11
2.902145e+01	7.230450e-06	7.737058e-11
2.904145e+01	7.200631e-06	7.710330e-11
2.906145e+01	7.170935e-06	7.683691e-11
2.908145e+01	7.141362e-06	7.657140e-11
2.910146e+01	7.111911e-06	7.630678e-11
2.912146e+01	7.082581e-06	7.604302e-11
2.914146e+01	7.053373e-06	7.578015e-11
2.916146e+01	7.024284e-06	7.551814e-11
2.918146e+01	6.995316e-06	7.525700e-11
2.920146e+01	6.966467e-06	7.499673e-11
2.922146e+01	6.937737e-06	7.473733e-11
2.924146e+01	6.909126e-06	7.447878e-11
2.926146e+01	6.880633e-06	7.422109e-11
2.928146e+01	6.852257e-06	7.396426e-11
2.930147e+01	6.823998e-06	7.370828e-11
2.932147e+01	6.795856e-06	7.345315e-11
2.934147e+01	6.767830e-06	7.319886e-11
2.936147e+01	6.739919e-06	7.294543e-11
2.938147e+01	6.712124e-06	7.269283e-11
2.940147e+01	6.684443e-06	7.244107e-11
2.942147e+01	6.656877e-06	7.219016e-11
2.944147e+01	6.629424e-06	7.194007e-11
2.946147e+01	6.602084e-06	7.169082e-11
2.948147e+01	6.574857e-06	7.144239e-11
2.950148e+01	6.547743e-06	7.119480e-11
2.952148e+01	6.520740e-06	7.094802e-11
2.954148e+01	6.493848e-06	7.070207e-11
2.956148e+01	6.467068e-06	7.045694e-11
2.958148e+01	6.440398e-06	7.021262e-11
2.960148e+01	6.413838e-06	6.996912e-11
2.962148e+01	6.387388e-06	6.972643e-11
2.964148e+01	6.361046e-06	6.948454e-11
2.966148e+01	6.334813e-06	6.924347e-11
2.968148e+01	6.308689e-06	6.900319e-11
2.970149e+01	6.282672e-06	6.876372e-11
2.972149e+01	6.256763e-06	6.852505e-11
2.974149e+01	6.230960e-06	6.828717e-11
2.976149e+01	6.205264e-06	6.805009e-11
2.978149e+01	6.179674e-06	6.781379e-11
2.980149e+01	6.154189e-06	6.757829e-11
2.982149e+01	6.128809e-06	6.734357e-11
2.984149e+01	6.103534e-06	6.710964e-11
2.986149e+01	6.078364e-06	6.687649e-11
2.988149e+01	6.053297e-06	6.664411e-11
2.990150e+01	6.028334e-06	6.641251e-11
2.992150e+01	6.003473e-06	6.618169e-11
2.994150e+01	5.978715e-06	6.595164e-11
2.996150e+01	5.954059e-06	6.572235e-11
2.998150e+01	5.929505e-06	6.549384e-11
3.000150e+01	5.905052e-06	6.526608e-11
3.002150e+01	5.880700e-06	6.503909e-11
3.004150e+01	5.856449e-06	6.481286e-11
3.006150e+01	5.832297e-06	6.458739e-11
3.008150e+01	5.808245e-06	6.436267e-11
3.010151e+01	5.784293e-06	6.413870e-11
3.012151e+01	5.760439e-06	6.391548e-11
3.014151e+01	5.736683e-06	6.369301e-11
3.016151e+01	5.713026e-06	6.347129e-11
3.018151e+01	5.689466e-06	6.325031e-11
3.020151e+01	5.666003e-06	6.303006e-11
3.022151e+01	5.642637e-06	6.281056e-11
3.024151e+01	5.619367e-06	6.259179e-11
3.026151e+01	5.596193e-06	6.237376e-11
3.028151e+01	5.573115e-06	6.215646e-11
3.030152e+01	5.550132e-06	6.193988e-11
3.032152e+01	5.527244e-06	6.172403e-11
3.034152e+01	5.504450e-06	6.150891e-11
3.036152e+01	5.481751e-06	6.129451e-11
3.038152e+01	5.459145e-06	6.108083e-11
3.040152e+01	5.436632e-06	6.086786e-11
3.042152e+01	5.414212e-06	6.065561e-11
3.044152e+01	5.391884e-06	6.044408e-11
3.046152e+01	5.369649e-06	6.023325e-11
3.048152e+01	5.347505e-06	6.002313e-11
3.050153e+01	5.325452e-06	5.981372e-11
3.052153e+01	5.303491e-06	5.960502e-11
3.054153e+01	5.281620e-06	5.939701e-11
3.056153e+01	5.259839e-06	5.918970e-11
3.058153e+01	5.238149e-06	5.898309e-11
3.060153e+01	5.216547e-06	5.877718e-11
3.062153e+01	5.195035e-06	5.857196e-11
3.064153e+01	5.173611e-06	5.836743e-11
3.066153e+01	5.152276e-06	5.816358e-11
3.068153e+01	5.131029e-06	5.796043e-11
3.070154e+01	5.109869e-06	5.775795e-11
3.072154e+01	5.088797e-06	5.755616e-11
3.074154e+01	5.067811e-06	5.735505e-11
3.076154e+01	5.046913e-06	5.715462e-11
3.078154e+01	5.026100e-06	5.695486e-11
3.080154e+01	5.005373e-06	5.675578e-11
3.082154e+01	4.984732e-06	5.655736e-11
3.084154e+01	4.964176e-06	5.635962e-11
3.086154e+01	4.943704e-06	5.616254e-11
3.088154e+01	4.923317e-06	5.596612e-11
3.090155e+01	4.903014e-06	5.577037e-11
3.092155e+01	4.882795e-06	5.557528e-11
3.094155e+01	4.862659e-06	5.538085e-11
3.096155e+01	4.842606e-06	5.518707e-11
3.098155e+01	4.822636e-06	5.499395e-11
3.100155e+01	4.802749e-06	5.480148e-11
3.102155e+01	4.782943e-06	5.460966e-11
3.104155e+01	4.763219e-06	5.441849e-11
3.106155e+01	4.743577e-06	5.422796e-11
3.108155e+01	4.724015e-06	5.403808e-11
3.110156e+01	4.704534e-06	5.384883e-11
3.112156e+01	4.685133e-06	5.366023e-11
3.114156e+01	4.665813e-06	5.347227e-11
3.116156e+01	4.646572e-06	5.328494e-11
3.118156e+01	4.627410e-06	5.309824e-11
3.120156e+01	4.608328e-06	5.291218e-11
3.122156e+01	4.589324e-06	5.272675e-11
3.124156e+01	4.570399e-06	5.254194e-11
3.126156e+01	4.551551e-06	5.235776e-11
3.128156e+01	4.532782e-06	5.217420e-11
3.130157e+01	4.514090e-06	5.199126e-11
3.132157e+01	4.495474e-06	5.180894e-11
3.134157e+01	4.476936e-06	5.162724e-11
3.136157e+01	4.458474e-06	5.144616e-11
3.138157e+01	4.440088e-06	5.126569e-11
3.140157e+01	4.421779e-06	5.108583e-11
3.142157e+01	4.403544e-06	5.090658e-11
3.144157e+01	4.385385e-06	5.072793e-11
3.146157e+01	4.367301e-06	5.054989e-11
3.148157e+01	4.349291e-06	5.037246e-11
3.150158e+01	4.331355e-06	5.019563e-11
3.152158e+01	4.313494e-06	5.001940e-11
3.154158e+01	4.295706e-06	4.984376e-11
3.156158e+01	4.277992e-06	4.966872e-11
3.158158e+01	4.260350e-06	4.949428e-11
3.160158e+01	4.242782e-06	4.932043e-11
3.162158e+01	4.225286e-06	4.914716e-11
3.164158e+01	4.207862e-06	4.897449e-11
3.166158e+01	4.190509e-06	4.880240e-11
3.168158e+01	4.173229e-06	4.863090e-11
3.170159e+01	4.156019e-06	4.845998e-11
3.172159e+01	4.138881e-06	4.828964e-11
3.174159e+01	4.121813e-06	4.811988e-11
3.176159e+01	4.104816e-06	4.795069e-11
3.178159e+01	4.087889e-06	4.778208e-11
3.180159e+01	4.071032e-06	4.761405e-11
3.182159e+01	4.054244e-06	4.744658e-11
3.184159e+01	4.037525e-06	4.727969e-11
3.186159e+01	4.020876e-06	4.711336e-11
3.188159e+01	4.004295e-06	4.694760e-11
3.190160e+01	3.987782e-06	4.678240e-11
3.192160e+01	3.971338e-06	4.661777e-11
3.194160e+01	3.954961e-06	4.645369e-11
3.196160e+01	3.938652e-06	4.629018e-11
3.198160e+01	3.922410e-06	4.612722e-11
3.200160e+01	3.906235e-06	4.596481e-11
3.202160e+01	3.890127e-06	4.580296e-11
3.204160e+01	3.874085e-06	4.564166e-11
3.206160e+01	3.858110e-06	4.548091e-11
3.208160e+01	3.842200e-06	4.532071e-11
3.210161e+01	3.826356e-06	4.516105e-11
3.212161e+01	3.810577e-06	4.500194e-11
3.214161e+01	3.794863e-06	4.484337e-11
3.216161e+01	3.779215e-06	4.468534e-11
3.218161e+01	3.763630e-06	4.452785e-11
3.220161e+01	3.748110e-06	4.437090e-11
3.222161e+01	3.732654e-06	4.421448e-11
3.224161e+01	3.717262e-06	4.405860e-11
3.226161e+01	3.701933e-06	4.390324e-11
3.228161e+01	3.686668e-06	4.374842e-11
3.230162e+01	3.671465e-06	4.359413e-11
3.232162e+01	3.656325e-06	4.344036e-11
3.234162e+01	3.641248e-06	4.328712e-11
3.236162e+01	3.626232e-06	4.313441e-11
3.238162e+01	3.611279e-06	4.298221e-11
3.240162e+01	3.596387e-06	4.283053e-11
3.242162e+01	3.581557e-06	4.267938e-11
3.244162e+01	3.566788e-06	4.252874e-11
3.246162e+01	3.552080e-06	4.237861e-11
3.248162e+01	3.537432e-06	4.222900e-11
3.250163e+01	3.522845e-06	4.207990e-11
3.252163e+01	3.508318e-06	4.193131e-11
3.254163e+01	3.493851e-06	4.178322e-11
3.256163e+01	3.479443e-06	4.163565e-11
3.258163e+01	3.465095e-06	4.148858e-11
3.260163e+01	3.450807e-06	4.134201e-11
3.262163e+01	3.436577e-06	4.119594e-11
3.264163e+01	3.422406e-06	4.105037e-11
3.266163e+01	3.408293e-06	4.090531e-11
3.268163e+01	3.394238e-06	4.076074e-11
3.270164e+01	3.380242e-06	4.061666e-11
3.272164e+01	3.366303e-06	4.047308e-11
3.274164e+01	3.352421e-06	4.032999e-11
3.276164e+01	3.338597e-06	4.018739e-11
3.278164e+01	3.324830e-06	4.004527e-11
3.280164e+01	3.311120e-06	3.990365e-11
3.282164e+01	3.297466e-06	3.976251e-11
3.284164e+01	3.283869e-06	3.962186e-11
3.286164e+01	3.270327e-06	3.948168e-11
3.288164e+01	3.256842e-06	3.934199e-11
3.290165e+01	3.243412e-06	3.920278e-11
3.292165e+01	3.230037e-06	3.906404e-11
3.294165e+01	3.216718e-06	3.892578e-11
3.296165e+01	3.203453e-06	3.878800e-11
3.298165e+01	3.190243e-06	3.865069e-11
3.300165e+01	3.177088e-06	3.851385e-11
3.302165e+01	3.163987e-06	3.837748e-11
3.304165e+01	3.150940e-06	3.824157e-11
3.306165e+01	3.137947e-06	3.810614e-11
3.308165e+01	3.125007e-06	3.797117e-11
3.310166e+01	3.112121e-06	3.783666e-11
3.312166e+01	3.099288e-06	3.770262e-11
3.314166e+01	3.086508e-06	3.756903e-11
3.316166e+01	3.073780e-06	3.743591e-11
3.318166e+01	3.061105e-06	3.730324e-11
3.320166e+01	3.048483e-06	3.717103e-11
3.322166e+01	3.035912e-06	3.703927e-11
3.324166e+01	3.023393e-06	3.690797e-11
3.326166e+01	3.010926e-06	3.677712e-11
3.328166e+01	2.998510e-06	3.664672e-11
3.330167e+01	2.986146e-06	3.651676e-11
3.332167e+01	2.973832e-06	3.638726e-11
3.334167e+01	2.961569e-06	3.625820e-11
3.336167e+01	2.949357e-06	3.612958e-11
3.338167e+01	2.937195e-06	3.600141e-11
3.340167e+01	2.925084e-06	3.587368e-11
3.342167e+01	2.913022e-06	3.574638e-11
3.344167e+01	2.901010e-06	3.561953e-11
3.346167e+01	2.889047e-06	3.549311e-11
3.348167e+01	2.877134e-06	3.536713e-11
3.350168e+01	2.865270e-06	3.524159e-11
3.352168e+01	2.853455e-06	3.511647e-11
3.354168e+01	2.841689e-06	3.499179e-11
3.356168e+01	2.829971e-06	3.486754e-11
3.358168e+01	2.818302e-06	3.474371e-11
3.360168e+01	2.806680e-06	3.462031e-11
3.362168e+01	2.795107e-06	3.449734e-11
3.364168e+01	2.783581e-06	3.437479e-11
3.366168e+01	2.772103e-06	3.425267e-11
3.368168e+01	2.760672e-06	3.413097e-11
3.370169e+01	2.749288e-06	3.400968e-11
3.372169e+01	2.737952e-06	3.388882e-11
3.374169e+01	2.726662e-06	3.376837e-11
3.376169e+01	2.715418e-06	3.364834e-11
3.378169e+01	2.704221e-06	3.352872e-11
3.380169e+01	2.693070e-06	3.340951e-11
3.382169e+01	2.681965e-06	3.329072e-11
3.384169e+01	2.670906e-06	3.317234e-11
3.386169e+01	2.659893e-06	3.305436e-11
3.388169e+01	2.648925e-06	3.293680e-11
3.390170e+01	2.638002e-06	3.281964e-11
3.392170e+01	2.627124e-06	3.270288e-11
3.394170e+01	2.616291e-06	3.258653e-11
3.396170e+01	2.605503e-06	3.247058e-11
3.398170e+01	2.594759e-06	3.235503e-11
3.400170e+01	2.584060e-06	3.223989e-11
3.402170e+01	2.573404e-06	3.212514e-11
3.404170e+01	2.562793e-06	3.201078e-11
3.406170e+01	2.552225e-06	3.189683e-11
3.408170e+01	2.541701e-06	3.178326e-11
3.410171e+01	2.531221e-06	3.167009e-11
3.412171e+01	2.520783e-06	3.155731e-11
3.414171e+01	2.510389e-06	3.144492e-11
3.416171e+01	2.500037e-06	3.133293e-11
3.418171e+01	2.489728e-06	3.122131e-11
3.420171e+01	2.479462e-06	3.111009e-11
3.422171e+01	2.469238e-06	3.099925e-11
3.424171e+01	2.459056e-06	3.088879e-11
3.426171e+01	2.448917e-06	3.077872e-11
3.428171e+01	2.438819e-06	3.066903e-11
3.430172e+01	2.428762e-06	3.055972e-11
3.432172e+01	2.418747e-06	3.045079e-11
3.434172e+01	2.408774e-06	3.034223e-11
3.436172e+01	2.398841e-06	3.023405e-11
3.438172e+01	2.388950e-06	3.012625e-11
3.440172e+01	2.379099e-06	3.001882e-11
3.442172e+01	2.369289e-06	2.991176e-11
3.444172e+01	2.359519e-06	2.980508e-11
3.446172e+01	2.349790e-06	2.969876e-11
3.448172e+01	2.340101e-06	2.959281e-11
3.450173e+01	2.330452e-06	2.948723e-11
3.452173e+01	2.320842e-06	2.938202e-11
3.454173e+01	2.311272e-06	2.927717e-11
3.456173e+01	2.301742e-06	2.917269e-11
3.458173e+01	2.292251e-06	2.906857e-11
3.460173e+01	2.282799e-06	2.896481e-11
3.462173e+01	2.273386e-06	2.886141e-11
3.464173e+01	2.264012e-06	2.875837e-11
3.466173e+01	2.254676e-06	2.865569e-11
3.468173e+01	2.245379e-06	2.855337e-11
3.470174e+01	2.236121e-06	2.845140e-11
3.472174e+01	2.226900e-06	2.834978e-11
3.474174e+01	2.217718e-06	2.824852e-11
3.476174e+01	2.208573e-06	2.814761e-11
3.478174e+01	2.199466e-06	2.804705e-11
3.480174e+01	2.190397e-06	2.794684e-11
3.482174e+01	2.181365e-06	2.784698e-11
3.484174e+01	2.172371e-06	2.774747e-11
3.486174e+01	2.163413e-06	2.764830e-11
3.488174e+01	2.154493e-06	2.754948e-11
3.490175e+01	2.145609e-06	2.745100e-11
3.492175e+01	2.136762e-06	2.735287e-11
3.494175e+01	2.127951e-06	2.725507e-11
3.496175e+01	2.119176e-06	2.715762e-11
3.498175e+01	2.110438e-06	2.706050e-11
3.500175e+01	2.101736e-06	2.696373e-11
3.502175e+01	2.093070e-06	2.686729e-11
3.504175e+01	2.084439e-06	2.677119e-11
3.506175e+01	2.075844e-06	2.667542e-11
3.508175e+01	2.067285e-06	2.657998e-11
3.510176e+01	2.058761e-06	2.648488e-11
3.512176e+01	2.050272e-06	2.639011e-11
3.514176e+01	2.041818e-06	2.629567e-11
3.516176e+01	2.033399e-06	2.620156e-11
3.518176e+01	2.025014e-06	2.610777e-11
3.520176e+01	2.016664e-06	2.601432e-11
3.522176e+01	2.008349e-06	2.592119e-11
3.524176e+01	2.000068e-06	2.582838e-11
3.526176e+01	1.991821e-06	2.573590e-11
3.528176e+01	1.983608e-06	2.564374e-11
3.530177e+01	1.975429e-06	2.555190e-11
3.532177e+01	1.967283e-06	2.546038e-11
3.534177e+01	1.959171e-06	2.536918e-11
3.536177e+01	1.951093e-06	2.527830e-11
3.538177e+01	1.943048e-06	2.518774e-11
3.540177e+01	1.935036e-06	2.509749e-11
3.542177e+01	1.927057e-06	2.500756e-11
3.544177e+01	1.919112e-06	2.491795e-11
3.546177e+01	1.911198e-06	2.482864e-11
3.548177e+01	1.903318e-06	2.473965e-11
3.550178e+01	1.895470e-06	2.465097e-11
3.552178e+01	1.887654e-06	2.456259e-11
3.554178e+01	1.879871e-06	2.447453e-11
3.556178e+01	1.872120e-06	2.438678e-11
3.558178e+01	1.864400e-06	2.429933e-11
3.560178e+01	1.856713e-06	2.421218e-11
3.562178e+01	1.849057e-06	2.412534e-11
3.564178e+01	1.841433e-06	2.403881e-11
3.566178e+01	1.833840e-06	2.395258e-11
3.568178e+01	1.826278e-06	2.386665e-11
3.570179e+01	1.818748e-06	2.378102e-11
3.572179e+01	1.811249e-06	2.369569e-11
3.574179e+01	1.803780e-06	2.361065e-11
3.576179e+01	1.796343e-06	2.352592e-11
3.578179e+01	1.788936e-06	2.344148e-11
3.580179e+01	1.781560e-06	2.335734e-11
3.582179e+01	1.774214e-06	2.327349e-11
3.584179e+01	1.766898e-06	2.318993e-11
3.586179e+01	1.759613e-06	2.310667e-11
3.588179e+01	1.752357e-06	2.302370e-11
3.590180e+01	1.745132e-06	2.294102e-11
3.592180e+01	1.737936e-06	2.285863e-11
3.594180e+01	1.730770e-06	2.277653e-11
3.596180e+01	1.723634e-06	2.269471e-11
3.598180e+01	1.716527e-06	2.261319e-11
3.600180e+01	1.709449e-06	2.253195e-11
3.602180e+01	1.702401e-06	2.245099e-11
3.604180e+01	1.695381e-06	2.237031e-11
3.606180e+01	1.688391e-06	2.228992e-11
3.608180e+01	1.681429e-06	2.220981e-11
3.610181e+01	1.674496e-06	2.212999e-11
3.612181e+01	1.667592e-06	2.205044e-11
3.614181e+01	1.660716e-06	2.197117e-11
3.616181e+01	1.653868e-06	2.189218e-11
3.618181e+01	1.647049e-06	2.181346e-11
3.620181e+01	1.640258e-06	2.173503e-11
3.622181e+01	1.633494e-06	2.165686e-11
3.624181e+01	1.626759e-06	2.157897e-11
3.626181e+01	1.620052e-06	2.150136e-11
3.628181e+01	1.613372e-06	2.142402e-11
3.630182e+01	1.606719e-06	2.134695e-11
3.632182e+01	1.600095e-06	2.127014e-11
3.634182e+01	1.593497e-06	2.119361e-11
3.636182e+01	1.586927e-06	2.111735e-11
3.638182e+01	1.580383e-06	2.104136e-11
3.640182e+01	1.573867e-06	2.096563e-11
3.642182e+01	1.567378e-06	2.089017e-11
3.644182e+01	1.560915e-06	2.081497e-11
3.646182e+01	1.554479e-06	2.074004e-11
3.648182e+01	1.548070e-06	2.066537e-11
3.650183e+01	1.541687e-06	2.059096e-11
3.652183e+01	1.535330e-06	2.051682e-11
3.654183e+01	1.528999e-06	2.044293e-11
3.656183e+01	1.522695e-06	2.036931e-11
3.658183e+01	1.516417e-06	2.029594e-11
3.660183e+01	1.510164e-06	2.022284e-11
3.662183e+01	1.503937e-06	2.014999e-11
3.664183e+01	1.497736e-06	2.007739e-11
3.666183e+01	1.491561e-06	2.000505e-11
3.668183e+01	1.485411e-06	1.993297e-11
3.670184e+01	1.479286e-06	1.986114e-11
3.672184e+01	1.473187e-06	1.978956e-11
3.674184e+01	1.467113e-06	1.971823e-11
3.676184e+01	1.461063e-06	1.964716e-11
3.678184e+01	1.455039e-06	1.957633e-11
3.680184e+01	1.449040e-06	1.950576e-11
3.682184e+01	1.443065e-06	1.943543e-11
3.684184e+01	1.437115e-06	1.936535e-11
3.686184e+01	1.431190e-06	1.929552e-11
3.688184e+01	1.425289e-06	1.922593e-11
3.690185e+01	1.419412e-06	1.915659e-11
3.692185e+01	1.413559e-06	1.908749e-11
3.694185e+01	1.407731e-06	1.901864e-11
3.696185e+01	1.401927e-06	1.895003e-11
3.698185e+01	1.396146e-06	1.888166e-11
3.700185e+01	1.390390e-06	1.881353e-11
3.702185e+01	1.384657e-06	1.874564e-11
3.704185e+01	1.378948e-06	1.867800e-11
3.706185e+01	1.373262e-06	1.861059e-11
3.708185e+01	1.367600e-06	1.854341e-11
3.710186e+01	1.361961e-06	1.847648e-11
3.712186e+01	1.356346e-06	1.840978e-11
3.714186e+01	1.350753e-06	1.834331e-11
3.716186e+01	1.345184e-06	1.827708e-11
3.718186e+01	1.339637e-06	1.821109e-11
3.720186e+01	1.334114e-06	1.814532e-11
3.722186e+01	1.328613e-06	1.807979e-11
3.724186e+01	1.323135e-06	1.801449e-11
3.726186e+01	1.317680e-06	1.794942e-11
3.728186e+01	1.312247e-06	1.788458e-11
3.730187e+01	1.306836e-06	1.781997e-11
3.732187e+01	1.301448e-06	1.775559e-11
3.734187e+01	1.296082e-06	1.769143e-11
3.736187e+01	1.290738e-06	1.762751e-11
3.738187e+01	1.285416e-06	1.756380e-11
3.740187e+01	1.280116e-06	1.750033e-11
3.742187e+01	1.274838e-06	1.743707e-11
3.744187e+01	1.269582e-06	1.737404e-11
3.746187e+01	1.264347e-06	1.731123e-11
3.748187e+01	1.259134e-06	1.724865e-11
3.750188e+01	1.253942e-06	1.718628e-11
3.752188e+01	1.248772e-06	1.712414e-11
3.754188e+01	1.243624e-06	1.706222e-11
3.756188e+01	1.238496e-06	1.700051e-11
3.758188e+01	1.233389e-06	1.693902e-11
3.760188e+01	1.228304e-06	1.687776e-11
3.762188e+01	1.223240e-06	1.681670e-11
3.764188e+01	1.218196e-06	1.675587e-11
3.766188e+01	1.213173e-06	1.669524e-11
3.768188e+01	1.208171e-06	1.663484e-11
3.770189e+01	1.203190e-06	1.657464e-11
3.772189e+01	1.198229e-06	1.651466e-11
3.774189e+01	1.193289e-06	1.645489e-11
3.776189e+01	1.188369e-06	1.639534e-11
3.778189e+01	1.183469e-06	1.633599e-11
3.780189e+01	1.178589e-06	1.627686e-11
3.782189e+01	1.173730e-06	1.621793e-11
3.784189e+01	1.168891e-06	1.615921e-11
3.786189e+01	1.164071e-06	1.610070e-11
3.788189e+01	1.159272e-06	1.604240e-11
3.790190e+01	1.154492e-06	1.598431e-11
3.792190e+01	1.149732e-06	1.592641e-11
3.794190e+01	1.144991e-06	1.586873e-11
3.796190e+01	1.140271e-06	1.581125e-11
3.798190e+01	1.135569e-06	1.575397e-11
3.800190e+01	1.130887e-06	1.569690e-11
3.802190e+01	1.126224e-06	1.564003e-11
3.804190e+01	1.121581e-06	1.558336e-11
3.806190e+01	1.116957e-06	1.552689e-11
3.808190e+01	1.112351e-06	1.547062e-11
3.810191e+01	1.107765e-06	1.541455e-11
3.812191e+01	1.103198e-06	1.535868e-11
3.814191e+01	1.098649e-06	1.530301e-11
3.816191e+01	1.094119e-06	1.524753e-11
3.818191e+01	1.089608e-06	1.519225e-11
3.820191e+01	1.085116e-06	1.513717e-11
3.822191e+01	1.080642e-06	1.508228e-11
3.824191e+01	1.076186e-06	1.502759e-11
3.826191e+01	1.071749e-06	1.497310e-11
3.828191e+01	1.067330e-06	1.491879e-11
3.830192e+01	1.062930e-06	1.486468e-11
3.832192e+01	1.058547e-06	1.481076e-11
3.834192e+01	1.054183e-06	1.475703e-11
3.836192e+01	1.049836e-06	1.470349e-11
3.838192e+01	1.045508e-06	1.465015e-11
3.840192e+01	1.041197e-06	1.459699e-11
3.842192e+01	1.036904e-06	1.454402e-11
3.844192e+01	1.032629e-06	1.449124e-11
3.846192e+01	1.028372e-06	1.443865e-11
3.848192e+01	1.024132e-06	1.438624e-11
3.850193e+01	1.019909e-06	1.433402e-11
3.852193e+01	1.015704e-06	1.428199e-11
3.854193e+01	1.011516e-06	1.423014e-11
3.856193e+01	1.007346e-06	1.417847e-11
3.858193e+01	1.003193e-06	1.412699e-11
3.860193e+01	9.990564e-07	1.407569e-11
3.862193e+01	9.949373e-07	1.402458e-11
3.864193e+01	9.908352e-07	1.397364e-11
3.866193e+01	9.867500e-07	1.392289e-11
3.868193e+01	9.826816e-07	1.387231e-11
3.870194e+01	9.786300e-07	1.382192e-11
3.872194e+01	9.745952e-07	1.377171e-11
3.874194e+01	9.705769e-07	1.372167e-11
3.876194e+01	9.665753e-07	1.367182e-11
3.878194e+01	9.625901e-07	1.362214e-11
3.880194e+01	9.586214e-07	1.357263e-11
3.882194e+01	9.546690e-07	1.352331e-11
3.884194e+01	9.507329e-07	1.347416e-11
3.886194e+01	9.468131e-07	1.342518e-11
3.888194e+01	9.429094e-07	1.337638e-11
3.890195e+01	9.390218e-07	1.332775e-11
3.892195e+01	9.351503e-07	1.327930e-11
3.894195e+01	9.312947e-07	1.323101e-11
3.896195e+01	9.274550e-07	1.318290e-11
3.898195e+01	9.236312e-07	1.313496e-11
3.900195e+01	9.198231e-07	1.308720e-11
3.902195e+01	9.160307e-07	1.303960e-11
3.904195e+01	9.122539e-07	1.299217e-11
3.906195e+01	9.084928e-07	1.294491e-11
3.908195e+01	9.047471e-07	1.289782e-11
3.910196e+01	9.010169e-07	1.285090e-11
3.912196e+01	8.973021e-07	1.280414e-11
3.914196e+01	8.936025e-07	1.275755e-11
3.916196e+01	8.899183e-07	1.271113e-11
3.918196e+01	8.862492e-07	1.266487e-11
3.920196e+01	8.825953e-07	1.261878e-11
3.922196e+01	8.789564e-07	1.257285e-11
3.924196e+01	8.753325e-07	1.252709e-11
3.926196e+01	8.717236e-07	1.248148e-11
3.928196e+01	8.681295e-07	1.243605e-11
3.930197e+01	8.645503e-07	1.239077e-11
3.932197e+01	8.609858e-07	1.234566e-11
3.934197e+01	8.574361e-07	1.230070e-11
3.936197e+01	8.539009e-07	1.225591e-11
3.938197e+01	8.503804e-07	1.221127e-11
3.940197e+01	8.468743e-07	1.216680e-11
3.942197e+01	8.433828e-07	1.212248e-11
3.944197e+01	8.399056e-07	1.207833e-11
3.946197e+01	8.364427e-07	1.203433e-11
3.948197e+01	8.329941e-07	1.199048e-11
3.950198e+01	8.295598e-07	1.194680e-11
3.952198e+01	8.261396e-07	1.190327e-11
3.954198e+01	8.227335e-07	1.185989e-11
3.956198e+01	8.193415e-07	1.181667e-11
3.958198e+01	8.159634e-07	1.177361e-11
3.960198e+01	8.125993e-07	1.173070e-11
3.962198e+01	8.092490e-07	1.168794e-11
3.964198e+01	8.059126e-07	1.164534e-11
3.966198e+01	8.025899e-07	1.160288e-11
3.968198e+01	7.992809e-07	1.156058e-11
3.970199e+01	7.959856e-07	1.151843e-11
3.972199e+01	7.927039e-07	1.147643e-11
3.974199e+01	7.894356e-07	1.143458e-11
3.976199e+01	7.861809e-07	1.139288e-11
3.978199e+01	7.829396e-07	1.135133e-11
3.980199e+01	7.797116e-07	1.130993e-11
3.982199e+01	7.764970e-07	1.126868e-11
3.984199e+01	7.732956e-07	1.122757e-11
3.986199e+01	7.701074e-07	1.118661e-11
3.988199e+01	7.669324e-07	1.114580e-11
3.990200e+01	7.637704e-07	1.110513e-11
3.992200e+01	7.606215e-07	1.106461e-11
3.994200e+01	7.574856e-07	1.102424e-11
3.996200e+01	7.543626e-07	1.098400e-11
3.998200e+01	7.512525e-07	1.094392e-11
4.000200e+01	7.481552e-07	1.090397e-11
4.002200e+01	7.450706e-07	1.086417e-11
4.004200e+01	7.419988e-07	1.082451e-11
4.006200e+01	7.389397e-07	1.078500e-11
4.008200e+01	7.358932e-07	1.074562e-11
4.010201e+01	7.328592e-07	1.070639e-11
4.012201e+01	7.298377e-07	1.066729e-11
4.014201e+01	7.268287e-07	1.062834e-11
4.016201e+01	7.238321e-07	1.058953e-11
4.018201e+01	7.208479e-07	1.055085e-11
4.020201e+01	7.178760e-07	1.051231e-11
4.022201e+01	7.149163e-07	1.047392e-11
4.024201e+01	7.119688e-07	1.043565e-11
4.026201e+01	7.090335e-07	1.039753e-11
4.028201e+01	7.061103e-07	1.035954e-11
4.030202e+01	7.031991e-07	1.032169e-11
4.032202e+01	7.003000e-07	1.028398e-11
4.034202e+01	6.974128e-07	1.024640e-11
4.036202e+01	6.945375e-07	1.020895e-11
4.038202e+01	6.916740e-07	1.017164e-11
4.040202e+01	6.888224e-07	1.013447e-11
4.042202e+01	6.859825e-07	1.009742e-11
4.044202e+01	6.831544e-07	1.006051e-11
4.046202e+01	6.803379e-07	1.002373e-11
4.048202e+01	6.775330e-07	9.987085e-12
4.050203e+01	6.747396e-07	9.950570e-12
4.052203e+01	6.719578e-07	9.914186e-12
4.054203e+01	6.691875e-07	9.877933e-12
4.056203e+01	6.664286e-07	9.841809e-12
4.058203e+01	6.636810e-07	9.805816e-12
4.060203e+01	6.609448e-07	9.769951e-12
4.062203e+01	6.582199e-07	9.734215e-12
4.064203e+01	6.555062e-07	9.698608e-12
4.066203e+01	6.528037e-07	9.663128e-12
4.068203e+01	6.501123e-07	9.627776e-12
4.070204e+01	6.474321e-07	9.592550e-12
4.072204e+01	6.447629e-07	9.557452e-12
4.074204e+01	6.421047e-07	9.522479e-12
4.076204e+01	6.394574e-07	9.487632e-12
4.078204e+01	6.368211e-07	9.452910e-12
4.080204e+01	6.341956e-07	9.418312e-12
4.082204e+01	6.315810e-07	9.383839e-12
4.084204e+01	6.289771e-07	9.349490e-12
4.086204e+01	6.263840e-07	9.315265e-12
4.088204e+01	6.238016e-07	9.281162e-12
4.090205e+01	6.212298e-07	9.247182e-12
4.092205e+01	6.186686e-07	9.213324e-12
4.094205e+01	6.161180e-07	9.179588e-12
4.096205e+01	6.135779e-07	9.145973e-12
4.098205e+01	6.110483e-07	9.112479e-12
4.100205e+01	6.085291e-07	9.079105e-12
4.102205e+01	6.060203e-07	9.045852e-12
4.104205e+01	6.035218e-07	9.012718e-12
4.106205e+01	6.010337e-07	8.979703e-12
4.108205e+01	5.985558e-07	8.946807e-12
4.110206e+01	5.960881e-07	8.914029e-12
4.112206e+01	5.936306e-07	8.881369e-12
4.114206e+01	5.911832e-07	8.848827e-12
4.116206e+01	5.887459e-07	8.816401e-12
4.118206e+01	5.863187e-07	8.784093e-12
4.120206e+01	5.839015e-07	8.751900e-12
4.122206e+01	5.814942e-07	8.719824e-12
4.124206e+01	5.790969e-07	8.687863e-12
4.126206e+01	5.767094e-07	8.656017e-12
4.128206e+01	5.743318e-07	8.624286e-12
4.130207e+01	5.719640e-07	8.592669e-12
4.132207e+01	5.696060e-07	8.561166e-12
4.134207e+01	5.672577e-07	8.529776e-12
4.136207e+01	5.649190e-07	8.498499e-12
4.138207e+01	5.625901e-07	8.467335e-12
4.140207e+01	5.602707e-07	8.436283e-12
4.142207e+01	5.579608e-07	8.405343e-12
4.144207e+01	5.556605e-07	8.374515e-12
4.146207e+01	5.533697e-07	8.343797e-12
4.148207e+01	5.510884e-07	8.313191e-12
4.150208e+01	5.488164e-07	8.282694e-12
4.152208e+01	5.465538e-07	8.252308e-12
4.154208e+01	5.443005e-07	8.222031e-12
4.156208e+01	5.420566e-07	8.191863e-12
4.158208e+01	5.398218e-07	8.161804e-12
4.160208e+01	5.375963e-07	8.131853e-12
4.162208e+01	5.353800e-07	8.102010e-12
4.164208e+01	5.331728e-07	8.072275e-12
4.166208e+01	5.309747e-07	8.042647e-12
4.168208e+01	5.287857e-07	8.013126e-12
4.170209e+01	5.266057e-07	7.983711e-12
4.172209e+01	5.244346e-07	7.954402e-12
4.174209e+01	5.222726e-07	7.925200e-12
4.176209e+01	5.201194e-07	7.896102e-12
4.178209e+01	5.179751e-07	7.867110e-12
4.180209e+01	5.158397e-07	7.838222e-12
4.182209e+01	5.137131e-07	7.809438e-12
4.184209e+01	5.115952e-07	7.780758e-12
4.186209e+01	5.094861e-07	7.752182e-12
4.188209e+01	5.073857e-07	7.723709e-12
4.190210e+01	5.052939e-07	7.695338e-12
4.192210e+01	5.032108e-07	7.667070e-12
4.194210e+01	5.011362e-07	7.638904e-12
4.196210e+01	4.990702e-07	7.610840e-12
4.198210e+01	4.970127e-07	7.582877e-12
4.200210e+01	4.949637e-07	7.555015e-12
4.202210e+01	4.929232e-07	7.527254e-12
4.204210e+01	4.908910e-07	7.499593e-12
4.206210e+01	4.888673e-07	7.472032e-12
4.208210e+01	4.868518e-07	7.444570e-12
4.210211e+01	4.848447e-07	7.417208e-12
4.212211e+01	4.828459e-07	7.389944e-12
4.214211e+01	4.808553e-07	7.362779e-12
4.216211e+01	4.788729e-07	7.335712e-12
4.218211e+01	4.768987e-07	7.308743e-12
4.220211e+01	4.749327e-07	7.281872e-12
4.222211e+01	4.729747e-07	7.255097e-12
4.224211e+01	4.710248e-07	7.228420e-12
4.226211e+01	4.690830e-07	7.201838e-12
4.228211e+01	4.671491e-07	7.175353e-12
4.230212e+01	4.652233e-07	7.148964e-12
4.232212e+01	4.633053e-07	7.122670e-12
4.234212e+01	4.613953e-07	7.096471e-12
4.236212e+01	4.594932e-07	7.070367e-12
4.238212e+01	4.575989e-07	7.044357e-12
4.240212e+01	4.557124e-07	7.018441e-12
4.242212e+01	4.538336e-07	6.992619e-12
4.244212e+01	4.519627e-07	6.966891e-12
4.246212e+01	4.500994e-07	6.941255e-12
4.248212e+01	4.482439e-07	6.915713e-12
4.250213e+01	4.463959e-07	6.890263e-12
4.252213e+01	4.445556e-07	6.864904e-12
4.254213e+01	4.427229e-07	6.839638e-12
4.256213e+01	4.408978e-07	6.814463e-12
4.258213e+01	4.390801e-07	6.789379e-12
4.260213e+01	4.372700e-07	6.764386e-12
4.262213e+01	4.354673e-07	6.739484e-12
4.264213e+01	4.336721e-07	6.714671e-12
4.266213e+01	4.318842e-07	6.689949e-12
4.268213e+01	4.301038e-07	6.665316e-12
4.270214e+01	4.283306e-07	6.640772e-12
4.272214e+01	4.265648e-07	6.616317e-12
4.274214e+01	4.248063e-07	6.591951e-12
4.276214e+01	4.230550e-07	6.567672e-12
4.278214e+01	4.213109e-07	6.543482e-12
4.280214e+01	4.195741e-07	6.519380e-12
4.282214e+01	4.178443e-07	6.495364e-12
4.284214e+01	4.161218e-07	6.471436e-12
4.286214e+01	4.144063e-07	6.447595e-12
4.288214e+01	4.126979e-07	6.423840e-12
4.290215e+01	4.109965e-07	6.400171e-12
4.292215e+01	4.093022e-07	6.376587e-12
4.294215e+01	4.076148e-07	6.353090e-12
4.296215e+01	4.059344e-07	6.329677e-12
4.298215e+01	4.042609e-07	6.306349e-12
4.300215e+01	4.025943e-07	6.283106e-12
4.302215e+01	4.009346e-07	6.259948e-12
4.304215e+01	3.992818e-07	6.236873e-12
4.306215e+01	3.976357e-07	6.213882e-12
4.308215e+01	3.959965e-07	6.190974e-12
4.310216e+01	3.943640e-07	6.168149e-12
4.312216e+01	3.927382e-07	6.145407e-12
4.314216e+01	3.911191e-07	6.122748e-12
4.316216e+01	3.895067e-07	6.100170e-12
4.318216e+01	3.879010e-07	6.077675e-12
4.320216e+01	3.863019e-07	6.055261e-12
4.322216e+01	3.847093e-07	6.032929e-12
4.324216e+01	3.831234e-07	6.010678e-12
4.326216e+01	3.815439e-07	5.988507e-12
4.328216e+01	3.799710e-07	5.966417e-12
4.330217e+01	3.784046e-07	5.944407e-12
4.332217e+01	3.768446e-07	5.922477e-12
4.334217e+01	3.752911e-07	5.900627e-12
4.336217e+01	3.737440e-07	5.878856e-12
4.338217e+01	3.722032e-07	5.857164e-12
4.340217e+01	3.706688e-07	5.835550e-12
4.342217e+01	3.691407e-07	5.814016e-12
4.344217e+01	3.676189e-07	5.792559e-12
4.346217e+01	3.661034e-07	5.771180e-12
4.348217e+01	3.645942e-07	5.749879e-12
4.350218e+01	3.630912e-07	5.728656e-12
4.352218e+01	3.615943e-07	5.707509e-12
4.354218e+01	3.601037e-07	5.686440e-12
4.356218e+01	3.586192e-07	5.665446e-12
4.358218e+01	3.571408e-07	5.644530e-12
4.360218e+01	3.556685e-07	5.623689e-12
4.362218e+01	3.542022e-07	5.602924e-12
4.364218e+01	3.527420e-07	5.582234e-12
4.366218e+01	3.512879e-07	5.561620e-12
4.368218e+01	3.498397e-07	5.541080e-12
4.370219e+01	3.483975e-07	5.520615e-12
4.372219e+01	3.469613e-07	5.500225e-12
4.374219e+01	3.455309e-07	5.479909e-12
4.376219e+01	3.441065e-07	5.459666e-12
4.378219e+01	3.426879e-07	5.439497e-12
4.380219e+01	3.412752e-07	5.419402e-12
4.382219e+01	3.398683e-07	5.399379e-12
4.384219e+01	3.384673e-07	5.379430e-12
4.386219e+01	3.370719e-07	5.359553e-12
4.388219e+01	3.356824e-07	5.339748e-12
4.390220e+01	3.342986e-07	5.320015e-12
4.392220e+01	3.329204e-07	5.300355e-12
4.394220e+01	3.315480e-07	5.280765e-12
4.396220e+01	3.301812e-07	5.261247e-12
4.398220e+01	3.288201e-07	5.241800e-12
4.400220e+01	3.274645e-07	5.222424e-12
4.402220e+01	3.261146e-07	5.203118e-12
4.404220e+01	3.247702e-07	5.183883e-12
4.406220e+01	3.234314e-07	5.164717e-12
4.408220e+01	3.220980e-07	5.145622e-12
4.410221e+01	3.207702e-07	5.126596e-12
4.412221e+01	3.194479e-07	5.107639e-12
4.414221e+01	3.181310e-07	5.088751e-12
4.416221e+01	3.168195e-07	5.069932e-12
4.418221e+01	3.155135e-07	5.051181e-12
4.420221e+01	3.142128e-07	5.032499e-12
4.422221e+01	3.129175e-07	5.013885e-12
4.424221e+01	3.116275e-07	4.995338e-12
4.426221e+01	3.103429e-07	4.976860e-12
4.428221e+01	3.090635e-07	4.958448e-12
4.430222e+01	3.077894e-07	4.940104e-12
4.432222e+01	3.065206e-07	4.921826e-12
4.434222e+01	3.052570e-07	4.903615e-12
4.436222e+01	3.039986e-07	4.885470e-12
4.438222e+01	3.027454e-07	4.867392e-12
4.440222e+01	3.014974e-07	4.849379e-12
4.442222e+01	3.002545e-07	4.831432e-12
4.444222e+01	2.990167e-07	4.813551e-12
4.446222e+01	2.977841e-07	4.795734e-12
4.448222e+01	2.965565e-07	4.777983e-12
4.450223e+01	2.953340e-07	4.760296e-12
4.452223e+01	2.941165e-07	4.742674e-12
4.454223e+01	2.929041e-07	4.725116e-12
4.456223e+01	2.916966e-07	4.707622e-12
4.458223e+01	2.904941e-07	4.690192e-12
4.460223e+01	2.892966e-07	4.672825e-12
4.462223e+01	2.881040e-07	4.655522e-12
4.464223e+01	2.869163e-07	4.638282e-12
4.466223e+01	2.857336e-07	4.621105e-12
4.468223e+01	2.845557e-07	4.603990e-12
4.470224e+01	2.833826e-07	4.586938e-12
4.472224e+01	2.822144e-07	4.569948e-12
4.474224e+01	2.810511e-07	4.553020e-12
4.476224e+01	2.798925e-07	4.536154e-12
4.478224e+01	2.787387e-07	4.519350e-12
4.480224e+01	2.775896e-07	4.502607e-12
4.482224e+01	2.764453e-07	4.485924e-12
4.484224e+01	2.753057e-07	4.469303e-12
4.486224e+01	2.741708e-07	4.452743e-12
4.488224e+01	2.730406e-07	4.436243e-12
4.490225e+01	2.719150e-07	4.419803e-12
4.492225e+01	2.707941e-07	4.403423e-12
4.494225e+01	2.696778e-07	4.387103e-12
4.496225e+01	2.685661e-07	4.370843e-12
4.498225e+01	2.674590e-07	4.354642e-12
4.500225e+01	2.663564e-07	4.338500e-12
4.502225e+01	2.652584e-07	4.322417e-12
4.504225e+01	2.641649e-07	4.306393e-12
4.506225e+01	2.630760e-07	4.290427e-12
4.508225e+01	2.619915e-07	4.274520e-12
4.510226e+01	2.609115e-07	4.258671e-12
4.512226e+01	2.598359e-07	4.242879e-12
4.514226e+01	2.587648e-07	4.227146e-12
4.516226e+01	2.576981e-07	4.211470e-12
4.518226e+01	2.566358e-07	4.195851e-12
4.520226e+01	2.555778e-07	4.180289e-12
4.522226e+01	2.545243e-07	4.164785e-12
4.524226e+01	2.534751e-07	4.149337e-12
4.526226e+01	2.524302e-07	4.133945e-12
4.528226e+01	2.513896e-07	4.118610e-12
4.530227e+01	2.503533e-07	4.103330e-12
4.532227e+01	2.493212e-07	4.088107e-12
4.534227e+01	2.482935e-07	4.072939e-12
4.536227e+01	2.472699e-07	4.057827e-12
4.538227e+01	2.462506e-07	4.042770e-12
4.540227e+01	2.452355e-07	4.027768e-12
4.542227e+01	2.442246e-07	4.012821e-12
4.544227e+01	2.432178e-07	3.997928e-12
4.546227e+01	2.422152e-07	3.983090e-12
4.548227e+01	2.412167e-07	3.968307e-12
4.550228e+01	2.402224e-07	3.953577e-12
4.552228e+01	2.392321e-07	3.938901e-12
4.554228e+01	2.382459e-07	3.924279e-12
4.556228e+01	2.372638e-07	3.909711e-12
4.558228e+01	2.362858e-07	3.895196e-12
4.560228e+01	2.353117e-07	3.880734e-12
4.562228e+01	2.343417e-07	3.866325e-12
4.564228e+01	2.333757e-07	3.851968e-12
4.566228e+01	2.324137e-07	3.837664e-12
4.568228e+01	2.314556e-07	3.823413e-12
4.570229e+01	2.305015e-07	3.809214e-12
4.572229e+01	2.295513e-07	3.795066e-12
4.574229e+01	2.286050e-07	3.780971e-12
4.576229e+01	2.276627e-07	3.766927e-12
4.578229e+01	2.267242e-07	3.752935e-12
4.580229e+01	2.257896e-07	3.738993e-12
4.582229e+01	2.248588e-07	3.725103e-12
4.584229e+01	2.239319e-07	3.711264e-12
4.586229e+01	2.230088e-07	3.697475e-12
4.588229e+01	2.220895e-07	3.683737e-12
4.590230e+01	2.211740e-07	3.670050e-12
4.592230e+01	2.202623e-07	3.656412e-12
4.594230e+01	2.193543e-07	3.642825e-12
4.596230e+01	2.184501e-07	3.629287e-12
4.598230e+01	2.175496e-07	3.615799e-12
4.600230e+01	2.166528e-07	3.602360e-12
4.602230e+01	2.157597e-07	3.588970e-12
4.604230e+01	2.148703e-07	3.575630e-12
4.606230e+01	2.139846e-07	3.562338e-12
4.608230e+01	2.131025e-07	3.549095e-12
4.610231e+01	2.122240e-07	3.535901e-12
4.612231e+01	2.113492e-07	3.522755e-12
4.614231e+01	2.104780e-07	3.509658e-12
4.616231e+01	2.096103e-07	3.496608e-12
4.618231e+01	2.087463e-07	3.483606e-12
4.620231e+01	2.078858e-07	3.470652e-12
4.622231e+01	2.070289e-07	3.457745e-12
4.624231e+01	2.061754e-07	3.444886e-12
4.626231e+01	2.053255e-07	3.432074e-12
4.628231e+01	2.044792e-07	3.419309e-12
4.630232e+01	2.036363e-07	3.406590e-12
4.632232e+01	2.027968e-07	3.393919e-12
4.634232e+01	2.019609e-07	3.381293e-12
4.636232e+01	2.011283e-07	3.368715e-12
4.638232e+01	2.002993e-07	3.356182e-12
4.640232e+01	1.994736e-07	3.343695e-12
4.642232e+01	1.986513e-07	3.331254e-12
4.644232e+01	1.978325e-07	3.318859e-12
4.646232e+01	1.970170e-07	3.306509e-12
4.648232e+01	1.962048e-07	3.294205e-12
4.650233e+01	1.953960e-07	3.281946e-12
4.652233e+01	1.945906e-07	3.269732e-12
4.654233e+01	1.937884e-07	3.257562e-12
4.656233e+01	1.929896e-07	3.245437e-12
4.658233e+01	1.921941e-07	3.233357e-12
4.660233e+01	1.914018e-07	3.221321e-12
4.662233e+01	1.906129e-07	3.209330e-12
4.664233e+01	1.898271e-07	3.197382e-12
4.666233e+01	1.890446e-07	3.185478e-12
4.668233e+01	1.882654e-07	3.173618e-12
4.670234e+01	1.874893e-07	3.161802e-12
4.672234e+01	1.867164e-07	3.150029e-12
4.674234e+01	1.859468e-07	3.138299e-12
4.676234e+01	1.851803e-07	3.126612e-12
4.678234e+01	1.844169e-07	3.114969e-12
4.680234e+01	1.836567e-07	3.103368e-12
4.682234e+01	1.828997e-07	3.091809e-12
4.684234e+01	1.821458e-07	3.080294e-12
4.686234e+01	1.813949e-07	3.068820e-12
4.688234e+01	1.806472e-07	3.057389e-12
4.690235e+01	1.799025e-07	3.045999e-12
4.692235e+01	1.791610e-07	3.034652e-12
4.694235e+01	1.784224e-07	3.023346e-12
4.696235e+01	1.776870e-07	3.012082e-12
4.698235e+01	1.769545e-07	3.000859e-12
4.700235e+01	1.762251e-07	2.989677e-12
4.702235e+01	1.754987e-07	2.978537e-12
4.704235e+01	1.747752e-07	2.967437e-12
4.706235e+01	1.740548e-07	2.956379e-12
4.708235e+01	1.733373e-07	2.945361e-12
4.710236e+01	1.726228e-07	2.934383e-12
4.712236e+01	1.719113e-07	2.923446e-12
4.714236e+01	1.712026e-07	2.912549e-12
4.716236e+01	1.704969e-07	2.901692e-12
4.718236e+01	1.697941e-07	2.890875e-12
4.720236e+01	1.690942e-07	2.880098e-12
4.722236e+01	1.683972e-07	2.869361e-12
4.724236e+01	1.677030e-07	2.858663e-12
4.726236e+01	1.670117e-07	2.848004e-12
4.728236e+01	1.663233e-07	2.837385e-12
4.730237e+01	1.656377e-07	2.826805e-12
4.732237e+01	1.649549e-07	2.816264e-12
4.734237e+01	1.642750e-07	2.805761e-12
4.736237e+01	1.635978e-07	2.795297e-12
4.738237e+01	1.629235e-07	2.784872e-12
4.740237e+01	1.622519e-07	2.774485e-12
4.742237e+01	1.615831e-07	2.764136e-12
4.744237e+01	1.609170e-07	2.753825e-12
4.746237e+01	1.602537e-07	2.743553e-12
4.748237e+01	1.595931e-07	2.733318e-12
4.750238e+01	1.589353e-07	2.723121e-12
4.752238e+01	1.582801e-07	2.712961e-12
4.754238e+01	1.576277e-07	2.702839e-12
4.756238e+01	1.569780e-07	2.692754e-12
4.758238e+01	1.563309e-07	2.682706e-12
4.760238e+01	1.556865e-07	2.672696e-12
4.762238e+01	1.550447e-07	2.662722e-12
4.764238e+01	1.544056e-07	2.652784e-12
4.766238e+01	1.537692e-07	2.642884e-12
4.768238e+01	1.531353e-07	2.633020e-12
4.770239e+01	1.525041e-07	2.623192e-12
4.772239e+01	1.518755e-07	2.613401e-12
4.774239e+01	1.512494e-07	2.603645e-12
4.776239e+01	1.506260e-07	2.593926e-12
4.778239e+01	1.500051e-07	2.584242e-12
4.780239e+01	1.493868e-07	2.574594e-12
4.782239e+01	1.487710e-07	2.564982e-12
4.784239e+01	1.481578e-07	2.555405e-12
4.786239e+01	1.475470e-07	2.545863e-12
4.788239e+01	1.469389e-07	2.536357e-12
4.790240e+01	1.463332e-07	2.526885e-12
4.792240e+01	1.457300e-07	2.517449e-12
4.794240e+01	1.451293e-07	2.508047e-12
4.796240e+01	1.445311e-07	2.498680e-12
4.798240e+01	1.439353e-07	2.489347e-12
4.800240e+01	1.433420e-07	2.480049e-12
4.802240e+01	1.427511e-07	2.470785e-12
4.804240e+01	1.421627e-07	2.461556e-12
4.806240e+01	1.415767e-07	2.452360e-12
4.808240e+01	1.409931e-07	2.443198e-12
4.810241e+01	1.404120e-07	2.434070e-12
4.812241e+01	1.398332e-07	2.424976e-12
4.814241e+01	1.392568e-07	2.415916e-12
4.816241e+01	1.386828e-07	2.406888e-12
4.818241e+01	1.381111e-07	2.397894e-12
4.820241e+01	1.375418e-07	2.388934e-12
4.822241e+01	1.369749e-07	2.380006e-12
4.824241e+01	1.364103e-07	2.371111e-12
4.826241e+01	1.358480e-07	2.362249e-12
4.828241e+01	1.352881e-07	2.353420e-12
4.830242e+01	1.347304e-07	2.344623e-12
4.832242e+01	1.341750e-07	2.335859e-12
4.834242e+01	1.336220e-07	2.327128e-12
4.836242e+01	1.330712e-07	2.318428e-12
4.838242e+01	1.325227e-07	2.309761e-12
4.840242e+01	1.319764e-07	2.301125e-12
4.842242e+01	1.314324e-07	2.292522e-12
4.844242e+01	1.308907e-07	2.283950e-12
4.846242e+01	1.303511e-07	2.275410e-12
4.848242e+01	1.298138e-07	2.266901e-12
4.850243e+01	1.292787e-07	2.258424e-12
4.852243e+01	1.287459e-07	2.249978e-12
4.854243e+01	1.282152e-07	2.241563e-12
4.856243e+01	1.276867e-07	2.233180e-12
4.858243e+01	1.271604e-07	2.224827e-12
4.860243e+01	1.266362e-07	2.216506e-12
4.862243e+01	1.261142e-07	2.208215e-12
4.864243e+01	1.255944e-07	2.199954e-12
4.866243e+01	1.250767e-07	2.191724e-12
4.868243e+01	1.245611e-07	2.183525e-12
4.870244e+01	1.240477e-07	2.175356e-12
4.872244e+01	1.235364e-07	2.167217e-12
4.874244e+01	1.230272e-07	2.159108e-12
4.876244e+01	1.225201e-07	2.151029e-12
4.878244e+01	1.220151e-07	2.142980e-12
4.880244e+01	1.215121e-07	2.134961e-12
4.882244e+01	1.210113e-07	2.126971e-12
4.884244e+01	1.205125e-07	2.119011e-12
4.886244e+01	1.200157e-07	2.111080e-12
4.888244e+01	1.195210e-07	2.103179e-12
4.890245e+01	1.190284e-07	2.095307e-12
4.892245e+01	1.185377e-07	2.087464e-12
4.894245e+01	1.180491e-07	2.079650e-12
4.896245e+01	1.175626e-07	2.071865e-12
4.898245e+01	1.170780e-07	2.064108e-12
4.900245e+01	1.165954e-07	2.056381e-12
4.902245e+01	1.161148e-07	2.048681e-12
4.904245e+01	1.156362e-07	2.041011e-12
4.906245e+01	1.151595e-07	2.033369e-12
4.908245e+01	1.146849e-07	2.025755e-12
4.910246e+01	1.142121e-07	2.018169e-12
4.912246e+01	1.137414e-07	2.010611e-12
4.914246e+01	1.132726e-07	2.003081e-12
4.916246e+01	1.128057e-07	1.995580e-12
4.918246e+01	1.123407e-07	1.988105e-12
4.920246e+01	1.118776e-07	1.980659e-12
4.922246e+01	1.114165e-07	1.973240e-12
4.924246e+01	1.109572e-07	1.965849e-12
4.926246e+01	1.104999e-07	1.958484e-12
4.928246e+01	1.100444e-07	1.951148e-12
4.930247e+01	1.095908e-07	1.943838e-12
4.932247e+01	1.091391e-07	1.936555e-12
4.934247e+01	1.086893e-07	1.929300e-12
4.936247e+01	1.082412e-07	1.922071e-12
4.938247e+01	1.077951e-07	1.914869e-12
4.940247e+01	1.073508e-07	1.907693e-12
4.942247e+01	1.069083e-07	1.900545e-12
4.944247e+01	1.064676e-07	1.893422e-12
4.946247e+01	1.060288e-07	1.886326e-12
4.948247e+01	1.055918e-07	1.879257e-12
4.950248e+01	1.051565e-07	1.872213e-12
4.952248e+01	1.047231e-07	1.865196e-12
4.954248e+01	1.042914e-07	1.858204e-12
4.956248e+01	1.038616e-07	1.851239e-12
4.958248e+01	1.034335e-07	1.844299e-12
4.960248e+01	1.030071e-07	1.837385e-12
4.962248e+01	1.025825e-07	1.830497e-12
4.964248e+01	1.021597e-07	1.823634e-12
4.966248e+01	1.017386e-07	1.816796e-12
4.968248e+01	1.013193e-07	1.809984e-12
4.970249e+01	1.009017e-07	1.803198e-12
4.972249e+01	1.004858e-07	1.796436e-12
4.974249e+01	1.000716e-07	1.789699e-12
4.976249e+01	9.965909e-08	1.782987e-12
4.978249e+01	9.924832e-08	1.776301e-12
4.980249e+01	9.883923e-08	1.769639e-12
4.982249e+01	9.843183e-08	1.763001e-12
4.984249e+01	9.802612e-08	1.756389e-12
4.986249e+01	9.762207e-08	1.749800e-12
4.988249e+01	9.721969e-08	1.743237e-12
4.990250e+01	9.681897e-08	1.736697e-12
4.992250e+01	9.641990e-08	1.730182e-12
4.994250e+01	9.602248e-08	1.723691e-12
4.996250e+01	9.562669e-08	1.717224e-12
4.998250e+01	9.523254e-08	1.710781e-12
5.000250e+01	9.484001e-08	1.704362e-12
5.002250e+01	9.444910e-08	1.697967e-12
5.004250e+01	9.405980e-08	1.691595e-12
5.006250e+01	9.367210e-08	1.685247e-12
5.008250e+01	9.328600e-08	1.678923e-12
5.010251e+01	9.290150e-08	1.672622e-12
5.012251e+01	9.251858e-08	1.666345e-12
5.014251e+01	9.213724e-08	1.660090e-12
5.016251e+01	9.175747e-08	1.653859e-12
5.018251e+01	9.137926e-08	1.647651e-12
5.020251e+01	9.100262e-08	1.641466e-12
5.022251e+01	9.062752e-08	1.635305e-12
5.024251e+01	9.025398e-08	1.629166e-12
5.026251e+01	8.988197e-08	1.623049e-12
5.028251e+01	8.951150e-08	1.616956e-12
5.030252e+01	8.914255e-08	1.610885e-12
5.032252e+01	8.877513e-08	1.604836e-12
5.034252e+01	8.840922e-08	1.598810e-12
5.036252e+01	8.804482e-08	1.592807e-12
5.038252e+01	8.768192e-08	1.586825e-12
5.040252e+01	8.732051e-08	1.580866e-12
5.042252e+01	8.696060e-08	1.574929e-12
5.044252e+01	8.660217e-08	1.569014e-12
5.046252e+01	8.624522e-08	1.563121e-12
5.048252e+01	8.588974e-08	1.557250e-12
5.050253e+01	8.553572e-08	1.551401e-12
5.052253e+01	8.518316e-08	1.545574e-12
5.054253e+01	8.483206e-08	1.539768e-12
5.056253e+01	8.448240e-08	1.533983e-12
5.058253e+01	8.413419e-08	1.528220e-12
5.060253e+01	8.378741e-08	1.522479e-12
5.062253e+01	8.344206e-08	1.516759e-12
5.064253e+01	8.309813e-08	1.511060e-12
5.066253e+01	8.275563e-08	1.505382e-12
5.068253e+01	8.241453e-08	1.499726e-12
5.070254e+01	8.207484e-08	1.494090e-12
5.072254e+01	8.173655e-08	1.488475e-12
5.074254e+01	8.139965e-08	1.482882e-12
5.076254e+01	8.106415e-08	1.477309e-12
5.078254e+01	8.073002e-08	1.471756e-12
5.080254e+01	8.039728e-08	1.466225e-12
5.082254e+01	8.006590e-08	1.460714e-12
5.084254e+01	7.973589e-08	1.455223e-12
5.086254e+01	7.940725e-08	1.449753e-12
5.088254e+01	7.907995e-08	1.444303e-12
5.090255e+01	7.875401e-08	1.438873e-12
5.092255e+01	7.842941e-08	1.433464e-12
5.094255e+01	7.810614e-08	1.428075e-12
5.096255e+01	7.778421e-08	1.422705e-12
5.098255e+01	7.746361e-08	1.417356e-12
5.100255e+01	7.714433e-08	1.412027e-12
5.102255e+01	7.682636e-08	1.406717e-12
5.104255e+01	7.650971e-08	1.401427e-12
5.106255e+01	7.619436e-08	1.396157e-12
5.108255e+01	7.588031e-08	1.390906e-12
5.110256e+01	7.556755e-08	1.385675e-12
5.112256e+01	7.525609e-08	1.380464e-12
5.114256e+01	7.494591e-08	1.375272e-12
5.116256e+01	7.463700e-08	1.370099e-12
5.118256e+01	7.432937e-08	1.364945e-12
5.120256e+01	7.402301e-08	1.359811e-12
5.122256e+01	7.371791e-08	1.354695e-12
5.124256e+01	7.341407e-08	1.349599e-12
5.126256e+01	7.311148e-08	1.344522e-12
5.128256e+01	7.281014e-08	1.339463e-12
5.130257e+01	7.251004e-08	1.334423e-12
5.132257e+01	7.221118e-08	1.329403e-12
5.134257e+01	7.191355e-08	1.324400e-12
5.136257e+01	7.161715e-08	1.319417e-12
5.138257e+01	7.132197e-08	1.314452e-12
5.140257e+01	7.102800e-08	1.309505e-12
5.142257e+01	7.073525e-08	1.304577e-12
5.144257e+01	7.044370e-08	1.299667e-12
5.146257e+01	7.015336e-08	1.294776e-12
5.148257e+01	6.986421e-08	1.289902e-12
5.150258e+01	6.957626e-08	1.285047e-12
5.152258e+01	6.928949e-08	1.280210e-12
5.154258e+01	6.900390e-08	1.275391e-12
5.156258e+01	6.871949e-08	1.270590e-12
5.158258e+01	6.843625e-08	1.265807e-12
5.160258e+01	6.815419e-08	1.261041e-12
5.162258e+01	6.787328e-08	1.256294e-12
5.164258e+01	6.759353e-08	1.251564e-12
5.166258e+01	6.731493e-08	1.246851e-12
5.168258e+01	6.703749e-08	1.242156e-12
5.170259e+01	6.676118e-08	1.237479e-12
5.172259e+01	6.648602e-08	1.232819e-12
5.174259e+01	6.621199e-08	1.228177e-12
5.176259e+01	6.593909e-08	1.223551e-12
5.178259e+01	6.566731e-08	1.218943e-12
5.180259e+01	6.539666e-08	1.214352e-12
5.182259e+01	6.512712e-08	1.209779e-12
5.184259e+01	6.485869e-08	1.205222e-12
5.186259e+01	6.459137e-08	1.200682e-12
5.188259e+01	6.432515e-08	1.196159e-12
5.190260e+01	6.406002e-08	1.191653e-12
5.192260e+01	6.379599e-08	1.187164e-12
5.194260e+01	6.353305e-08	1.182692e-12
5.196260e+01	6.327119e-08	1.178236e-12
5.198260e+01	6.301042e-08	1.173797e-12
5.200260e+01	6.275071e-08	1.169374e-12
5.202260e+01	6.249208e-08	1.164968e-12
5.204260e+01	6.223451e-08	1.160579e-12
5.206260e+01	6.197801e-08	1.156205e-12
5.208260e+01	6.172256e-08	1.151848e-12
5.210261e+01	6.146816e-08	1.147507e-12
5.212261e+01	6.121482e-08	1.143183e-12
5.214261e+01	6.096252e-08	1.138874e-12
5.216261e+01	6.071125e-08	1.134582e-12
5.218261e+01	6.046103e-08	1.130306e-12
5.220261e+01	6.021183e-08	1.126045e-12
5.222261e+01	5.996367e-08	1.121801e-12
5.224261e+01	5.971652e-08	1.117572e-12
5.226261e+01	5.947040e-08	1.113359e-12
5.228261e+01	5.922528e-08	1.109162e-12
5.230262e+01	5.898118e-08	1.104980e-12
5.232262e+01	5.873809e-08	1.100814e-12
5.234262e+01	5.849600e-08	1.096664e-12
5.236262e+01	5.825490e-08	1.092529e-12
5.238262e+01	5.801480e-08	1.088410e-12
5.240262e+01	5.777569e-08	1.084305e-12
5.242262e+01	5.753756e-08	1.080217e-12
5.244262e+01	5.730042e-08	1.076143e-12
5.246262e+01	5.706425e-08	1.072085e-12
5.248262e+01	5.682906e-08	1.068042e-12
5.250263e+01	5.659484e-08	1.064013e-12
5.252263e+01	5.636158e-08	1.060000e-12
5.254263e+01	5.612928e-08	1.056002e-12
5.256263e+01	5.589794e-08	1.052019e-12
5.258263e+01	5.566756e-08	1.048051e-12
5.260263e+01	5.543812e-08	1.044097e-12
5.262263e+01	5.520963e-08	1.040159e-12
5.264263e+01	5.498208e-08	1.036235e-12
5.266263e+01	5.475547e-08	1.032325e-12
5.268263e+01	5.452980e-08	1.028430e-12
5.270264e+01	5.430505e-08	1.024550e-12
5.272264e+01	5.408123e-08	1.020685e-12
5.274264e+01	5.385834e-08	1.016833e-12
5.276264e+01	5.363636e-08	1.012996e-12
5.278264e+01	5.341529e-08	1.009174e-12
5.280264e+01	5.319514e-08	1.005365e-12
5.282264e+01	5.297590e-08	1.001571e-12
5.284264e+01	5.275756e-08	9.977915e-13
5.286264e+01	5.254012e-08	9.940257e-13
5.288264e+01	5.232357e-08	9.902740e-13
5.290265e+01	5.210792e-08	9.865362e-13
5.292265e+01	5.189316e-08	9.828125e-13
5.294265e+01	5.167928e-08	9.791027e-13
5.296265e+01	5.146628e-08	9.754067e-13
5.298265e+01	5.125417e-08	9.717246e-13
5.300265e+01	5.104292e-08	9.680562e-13
5.302265e+01	5.083255e-08	9.644015e-13
5.304265e+01	5.062304e-08	9.607605e-13
5.306265e+01	5.041440e-08	9.571330e-13
5.308265e+01	5.020662e-08	9.535192e-13
5.310266e+01	4.999969e-08	9.499188e-13
5.312266e+01	4.979362e-08	9.463319e-13
5.314266e+01	4.958840e-08	9.427585e-13
5.316266e+01	4.938402e-08	9.391983e-13
5.318266e+01	4.918048e-08	9.356515e-13
5.320266e+01	4.897779e-08	9.321179e-13
5.322266e+01	4.877593e-08	9.285976e-13
5.324266e+01	4.857490e-08	9.250904e-13
5.326266e+01	4.837470e-08	9.215963e-13
5.328266e+01	4.817532e-08	9.181153e-13
5.330267e+01	4.797677e-08	9.146473e-13
5.332267e+01	4.777904e-08	9.111923e-13
5.334267e+01	4.758212e-08	9.077502e-13
5.336267e+01	4.738601e-08	9.043210e-13
5.338267e+01	4.719071e-08	9.009046e-13
5.340267e+01	4.699622e-08	8.975010e-13
5.342267e+01	4.680252e-08	8.941101e-13
5.344267e+01	4.660963e-08	8.907319e-13
5.346267e+01	4.641753e-08	8.873663e-13
5.348267e+01	4.622622e-08	8.840133e-13
5.350268e+01	4.603570e-08	8.806729e-13
5.352268e+01	4.584597e-08	8.773450e-13
5.354268e+01	4.565702e-08	8.740295e-13
5.356268e+01	4.546885e-08	8.707264e-13
5.358268e+01	4.528145e-08	8.674357e-13
5.360268e+01	4.509483e-08	8.641573e-13
5.362268e+01	4.490897e-08	8.608911e-13
5.364268e+01	4.472388e-08	8.576372e-13
5.366268e+01	4.453956e-08	8.543955e-13
5.368268e+01	4.435599e-08	8.511659e-13
5.370269e+01	4.417318e-08	8.479484e-13
5.372269e+01	4.399112e-08	8.447429e-13
5.374269e+01	4.380982e-08	8.415494e-13
5.376269e+01	4.362926e-08	8.383679e-13
5.378269e+01	4.344944e-08	8.351983e-13
5.380269e+01	4.327037e-08	8.320406e-13
5.382269e+01	4.309204e-08	8.288946e-13
5.384269e+01	4.291444e-08	8.257605e-13
5.386269e+01	4.273757e-08	8.226381e-13
5.388269e+01	4.256143e-08	8.195274e-13
5.390270e+01	4.238602e-08	8.164283e-13
5.392270e+01	4.221133e-08	8.133408e-13
5.394270e+01	4.203736e-08	8.102649e-13
5.396270e+01	4.186410e-08	8.072006e-13
5.398270e+01	4.169157e-08	8.041477e-13
5.400270e+01	4.151974e-08	8.011062e-13
5.402270e+01	4.134862e-08	7.980761e-13
5.404270e+01	4.117821e-08	7.950574e-13
5.406270e+01	4.100849e-08	7.920500e-13
5.408270e+01	4.083948e-08	7.890538e-13
5.410271e+01	4.067117e-08	7.860689e-13
5.412271e+01	4.050355e-08	7.830952e-13
5.414271e+01	4.033662e-08	7.801326e-13
5.416271e+01	4.017037e-08	7.771811e-13
5.418271e+01	4.000482e-08	7.742406e-13
5.420271e+01	3.983994e-08	7.713112e-13
5.422271e+01	3.967575e-08	7.683927e-13
5.424271e+01	3.951223e-08	7.654852e-13
5.426271e+01	3.934938e-08	7.625886e-13
5.428271e+01	3.918721e-08	7.597029e-13
5.430272e+01	3.902571e-08	7.568279e-13
5.432272e+01	3.886487e-08	7.539637e-13
5.434272e+01	3.870469e-08	7.511103e-13
5.436272e+01	3.854518e-08	7.482676e-13
5.438272e+01	3.838632e-08	7.454355e-13
5.440272e+01	3.822811e-08	7.426140e-13
5.442272e+01	3.807056e-08	7.398031e-13
5.444272e+01	3.791366e-08	7.370028e-13
5.446272e+01	3.775740e-08	7.342129e-13
5.448272e+01	3.760179e-08	7.314336e-13
5.450273e+01	3.744682e-08	7.286646e-13
5.452273e+01	3.729249e-08	7.259060e-13
5.454273e+01	3.713880e-08	7.231578e-13
5.456273e+01	3.698574e-08	7.204198e-13
5.458273e+01	3.683331e-08	7.176922e-13
5.460273e+01	3.668150e-08	7.149747e-13
5.462273e+01	3.653033e-08	7.122675e-13
5.464273e+01	3.637977e-08	7.095704e-13
5.466273e+01	3.622984e-08	7.068834e-13
5.468273e+01	3.608053e-08	7.042065e-13
5.470274e+01	3.593183e-08	7.015397e-13
5.472274e+01	3.578374e-08	6.988828e-13
5.474274e+01	3.563626e-08	6.962360e-13
5.476274e+01	3.548939e-08	6.935990e-13
5.478274e+01	3.534313e-08	6.909720e-13
5.480274e+01	3.519747e-08	6.883548e-13
5.482274e+01	3.505241e-08	6.857474e-13
5.484274e+01	3.490795e-08	6.831498e-13
5.486274e+01	3.476408e-08	6.805619e-13
5.488274e+01	3.462081e-08	6.779838e-13
5.490275e+01	3.447813e-08	6.754154e-13
5.492275e+01	3.433603e-08	6.728565e-13
5.494275e+01	3.419452e-08	6.703073e-13
5.496275e+01	3.405360e-08	6.677677e-13
5.498275e+01	3.391325e-08	6.652376e-13
5.500275e+01	3.377349e-08	6.627169e-13
5.502275e+01	3.363430e-08	6.602058e-13
5.504275e+01	3.349568e-08	6.577040e-13
5.506275e+01	3.335763e-08	6.552117e-13
5.508275e+01	3.322016e-08	6.527287e-13
5.510276e+01	3.308325e-08	6.502551e-13
5.512276e+01	3.294690e-08	6.477907e-13
5.514276e+01	3.281112e-08	6.453356e-13
5.516276e+01	3.267590e-08	6.428897e-13
5.518276e+01	3.254123e-08	6.404530e-13
5.520276e+01	3.240712e-08	6.380254e-13
5.522276e+01	3.227356e-08	6.356070e-13
5.524276e+01	3.214055e-08	6.331976e-13
5.526276e+01	3.200809e-08	6.307973e-13
5.528276e+01	3.187618e-08	6.284060e-13
5.530277e+01	3.174481e-08	6.260237e-13
5.532277e+01	3.161398e-08	6.236503e-13
5.534277e+01	3.148369e-08	6.212858e-13
5.536277e+01	3.135394e-08	6.189303e-13
5.538277e+01	3.122472e-08	6.165835e-13
5.540277e+01	3.109604e-08	6.142456e-13
5.542277e+01	3.096788e-08	6.119165e-13
5.544277e+01	3.084026e-08	6.095961e-13
5.546277e+01	3.071316e-08	6.072845e-13
5.548277e+01	3.058658e-08	6.049815e-13
5.550278e+01	3.046052e-08	6.026872e-13
5.552278e+01	3.033499e-08	6.004015e-13
5.554278e+01	3.020997e-08	5.981244e-13
5.556278e+01	3.008547e-08	5.958559e-13
5.558278e+01	2.996148e-08	5.935959e-13
5.560278e+01	2.983800e-08	5.913443e-13
5.562278e+01	2.971503e-08	5.891013e-13
5.564278e+01	2.959257e-08	5.868666e-13
5.566278e+01	2.947061e-08	5.846404e-13
5.568278e+01	2.934916e-08	5.824225e-13
5.570279e+01	2.922820e-08	5.802130e-13
5.572279e+01	2.910775e-08	5.780118e-13
5.574279e+01	2.898779e-08	5.758189e-13
5.576279e+01	2.886832e-08	5.736342e-13
5.578279e+01	2.874935e-08	5.714577e-13
5.580279e+01	2.863087e-08	5.692894e-13
5.582279e+01	2.851287e-08	5.671292e-13
5.584279e+01	2.839537e-08	5.649772e-13
5.586279e+01	2.827834e-08	5.628333e-13
5.588279e+01	2.816180e-08	5.606974e-13
5.590280e+01	2.804574e-08	5.585696e-13
5.592280e+01	2.793016e-08	5.564497e-13
5.594280e+01	2.781505e-08	5.543379e-13
5.596280e+01	2.770042e-08	5.522340e-13
5.598280e+01	2.758626e-08	5.501380e-13
5.600280e+01	2.747258e-08	5.480498e-13
5.602280e+01	2.735936e-08	5.459696e-13
5.604280e+01	2.724660e-08	5.438971e-13
5.606280e+01	2.713432e-08	5.418325e-13
5.608280e+01	2.702249e-08	5.397756e-13
5.610281e+01	2.691113e-08	5.377265e-13
5.612281e+01	2.680022e-08	5.356851e-13
5.614281e+01	2.668977e-08	5.336513e-13
5.616281e+01	2.657978e-08	5.316252e-13
5.618281e+01	2.647024e-08	5.296068e-13
5.620281e+01	2.636115e-08	5.275959e-13
5.622281e+01	2.625251e-08	5.255926e-13
5.624281e+01	2.614432e-08	5.235968e-13
5.626281e+01	2.603657e-08	5.216086e-13
5.628281e+01	2.592927e-08	5.196278e-13
5.630282e+01	2.582242e-08	5.176545e-13
5.632282e+01	2.571600e-08	5.156886e-13
5.634282e+01	2.561002e-08	5.137301e-13
5.636282e+01	2.550447e-08	5.117790e-13
5.638282e+01	2.539937e-08	5.098352e-13
5.640282e+01	2.529469e-08	5.078988e-13
5.642282e+01	2.519045e-08	5.059696e-13
5.644282e+01	2.508664e-08	5.040477e-13
5.646282e+01	2.498325e-08	5.021331e-13
5.648282e+01	2.488029e-08	5.002256e-13
5.650283e+01	2.477775e-08	4.983253e-13
5.652283e+01	2.467564e-08	4.964322e-13
5.654283e+01	2.457395e-08	4.945462e-13
5.656283e+01	2.447268e-08	4.926674e-13
5.658283e+01	2.437182e-08	4.907955e-13
5.660283e+01	2.427138e-08	4.889308e-13
5.662283e+01	2.417136e-08	4.870731e-13
5.664283e+01	2.407174e-08	4.852223e-13
5.666283e+01	2.397254e-08	4.833786e-13
5.668283e+01	2.387375e-08	4.815417e-13
5.670284e+01	2.377536e-08	4.797118e-13
5.672284e+01	2.367738e-08	4.778888e-13
5.674284e+01	2.357980e-08	4.760727e-13
5.676284e+01	2.348263e-08	4.742634e-13
5.678284e+01	2.338585e-08	4.724609e-13
5.680284e+01	2.328948e-08	4.706652e-13
5.682284e+01	2.319350e-08	4.688763e-13
5.684284e+01	2.309792e-08	4.670941e-13
5.686284e+01	2.300273e-08	4.653186e-13
5.688284e+01	2.290793e-08	4.635499e-13
5.690285e+01	2.281353e-08	4.617877e-13
5.692285e+01	2.271951e-08	4.600323e-13
5.694285e+01	2.262588e-08	4.582834e-13
5.696285e+01	2.253264e-08	4.565412e-13
5.698285e+01	2.243978e-08	4.548055e-13
5.700285e+01	2.234730e-08	4.530763e-13
5.702285e+01	2.225520e-08	4.513537e-13
5.704285e+01	2.216349e-08	4.496375e-13
5.706285e+01	2.207215e-08	4.479278e-13
5.708285e+01	2.198119e-08	4.462246e-13
5.710286e+01	2.189060e-08	4.445278e-13
5.712286e+01	2.180039e-08	4.428374e-13
5.714286e+01	2.171055e-08	4.411534e-13
5.716286e+01	2.162108e-08	4.394757e-13
5.718286e+01	2.153198e-08	4.378043e-13
5.720286e+01	2.144324e-08	4.361392e-13
5.722286e+01	2.135487e-08	4.344805e-13
5.724286e+01	2.126687e-08	4.328279e-13
5.726286e+01	2.117923e-08	4.311816e-13
5.728286e+01	2.109195e-08	4.295415e-13
5.730287e+01	2.100502e-08	4.279076e-13
5.732287e+01	2.091846e-08	4.262799e-13
5.734287e+01	2.083226e-08	4.246583e-13
5.736287e+01	2.074640e-08	4.230428e-13
5.738287e+01	2.066091e-08	4.214334e-13
5.740287e+01	2.057576e-08	4.198301e-13
5.742287e+01	2.049097e-08	4.182328e-13
5.744287e+01	2.040652e-08	4.166416e-13
5.746287e+01	2.032243e-08	4.150564e-13
5.748287e+01	2.023868e-08	4.134771e-13
5.750288e+01	2.015527e-08	4.119038e-13
5.752288e+01	2.007221e-08	4.103364e-13
5.754288e+01	1.998950e-08	4.087750e-13
5.756288e+01	1.990712e-08	4.072194e-13
5.758288e+01	1.982508e-08	4.056697e-13
5.760288e+01	1.974338e-08	4.041259e-13
5.762288e+01	1.966202e-08	4.025879e-13
5.764288e+01	1.958099e-08	4.010557e-13
5.766288e+01	1.950030e-08	3.995292e-13
5.768288e+01	1.941993e-08	3.980086e-13
5.770289e+01	1.933990e-08	3.964936e-13
5.772289e+01	1.926020e-08	3.949844e-13
5.774289e+01	1.918083e-08	3.934809e-13
5.776289e+01	1.910179e-08	3.919831e-13
5.778289e+01	1.902307e-08	3.904909e-13
5.780289e+01	1.894468e-08	3.890043e-13
5.782289e+01	1.886660e-08	3.875234e-13
5.784289e+01	1.878886e-08	3.860480e-13
5.786289e+01	1.871143e-08	3.845783e-13
5.788289e+01	1.863432e-08	3.831140e-13
5.790290e+01	1.855752e-08	3.816553e-13
5.792290e+01	1.848105e-08	3.802021e-13
5.794290e+01	1.840489e-08	3.787544e-13
5.796290e+01	1.832904e-08	3.773122e-13
5.798290e+01	1.825351e-08	3.758754e-13
5.800290e+01	1.817829e-08	3.744440e-13
5.802290e+01	1.810337e-08	3.730181e-13
5.804290e+01	1.802877e-08	3.715975e-13
5.806290e+01	1.795447e-08	3.701823e-13
5.808290e+01	1.788048e-08	3.687724e-13
5.810291e+01	1.780680e-08	3.673679e-13
5.812291e+01	1.773342e-08	3.659687e-13
5.814291e+01	1.766034e-08	3.645747e-13
5.816291e+01	1.758756e-08	3.631860e-13
5.818291e+01	1.751508e-08	3.618026e-13
5.820291e+01	1.744290e-08	3.604244e-13
5.822291e+01	1.737102e-08	3.590514e-13
5.824291e+01	1.729944e-08	3.576836e-13
5.826291e+01	1.722814e-08	3.563209e-13
5.828291e+01	1.715715e-08	3.549634e-13
5.830292e+01	1.708644e-08	3.536111e-13
5.832292e+01	1.701603e-08	3.522638e-13
5.834292e+01	1.694591e-08	3.509216e-13
5.836292e+01	1.687608e-08	3.495845e-13
5.838292e+01	1.680653e-08	3.482525e-13
5.840292e+01	1.673727e-08	3.469255e-13
5.842292e+01	1.666830e-08	3.456035e-13
5.844292e+01	1.659961e-08	3.442865e-13
5.846292e+01	1.653120e-08	3.429745e-13
5.848292e+01	1.646308e-08	3.416674e-13
5.850293e+01	1.639524e-08	3.403653e-13
5.852293e+01	1.632767e-08	3.390681e-13
5.854293e+01	1.626039e-08	3.377758e-13
5.856293e+01	1.619338e-08	3.364884e-13
5.858293e+01	1.612665e-08	3.352059e-13
5.860293e+01	1.606019e-08	3.339282e-13
5.862293e+01	1.599401e-08	3.326554e-13
5.864293e+01	1.592810e-08	3.313873e-13
5.866293e+01	1.586246e-08	3.301241e-13
5.868293e+01	1.579709e-08	3.288656e-13
5.870294e+01	1.573199e-08	3.276119e-13
5.872294e+01	1.566716e-08	3.263629e-13
5.874294e+01	1.560260e-08	3.251186e-13
5.876294e+01	1.553830e-08	3.238791e-13
5.878294e+01	1.547427e-08	3.226442e-13
5.880294e+01	1.541050e-08	3.214141e-13
5.882294e+01	1.534700e-08	3.201885e-13
5.884294e+01	1.528375e-08	3.189676e-13
5.886294e+01	1.522077e-08	3.177513e-13
5.888294e+01	1.515805e-08	3.165397e-13
5.890295e+01	1.509558e-08	3.153326e-13
5.892295e+01	1.503337e-08	3.141300e-13
5.894295e+01	1.497142e-08	3.129321e-13
5.896295e+01	1.490973e-08	3.117386e-13
5.898295e+01	1.484829e-08	3.105497e-13
5.900295e+01	1.478710e-08	3.093652e-13
5.902295e+01	1.472616e-08	3.081853e-13
5.904295e+01	1.466548e-08	3.070098e-13
5.906295e+01	1.460504e-08	3.058388e-13
5.908295e+01	1.454486e-08	3.046722e-13
5.910296e+01	1.448492e-08	3.035100e-13
5.912296e+01	1.442523e-08	3.023522e-13
5.914296e+01	1.436578e-08	3.011988e-13
5.916296e+01	1.430658e-08	3.000497e-13
5.918296e+01	1.424763e-08	2.989050e-13
5.920296e+01	1.418892e-08	2.977646e-13
5.922296e+01	1.413044e-08	2.966286e-13
5.924296e+01	1.407222e-08	2.954968e-13
5.926296e+01	1.401423e-08	2.943694e-13
5.928296e+01	1.395647e-08	2.932462e-13
5.930297e+01	1.389896e-08	2.921272e-13
5.932297e+01	1.384169e-08	2.910125e-13
5.934297e+01	1.378465e-08	2.899020e-13
5.936297e+01	1.372784e-08	2.887957e-13
5.938297e+01	1.367127e-08	2.876937e-13
5.940297e+01	1.361493e-08	2.865957e-13
5.942297e+01	1.355883e-08	2.855020e-13
5.944297e+01	1.350296e-08	2.844123e-13
5.946297e+01	1.344731e-08	2.833268e-13
5.948297e+01	1.339190e-08	2.822454e-13
5.950298e+01	1.333671e-08	2.811682e-13
5.952298e+01	1.328175e-08	2.800949e-13
5.954298e+01	1.322702e-08	2.790258e-13
5.956298e+01	1.317251e-08	2.779607e-13
5.958298e+01	1.311823e-08	2.768996e-13
5.960298e+01	1.306418e-08	2.758426e-13
5.962298e+01	1.301034e-08	2.747895e-13
5.964298e+01	1.295673e-08	2.737405e-13
5.966298e+01	1.290333e-08	2.726954e-13
5.968298e+01	1.285016e-08	2.716543e-13
5.970299e+01	1.279721e-08	2.706171e-13
5.972299e+01	1.274447e-08	2.695839e-13
5.974299e+01	1.269196e-08	2.685545e-13
5.976299e+01	1.263965e-08	2.675291e-13
5.978299e+01	1.258757e-08	2.665075e-13
5.980299e+01	1.253570e-08	2.654899e-13
5.982299e+01	1.248404e-08	2.644760e-13
5.984299e+01	1.243260e-08	2.634661e-13
5.986299e+01	1.238136e-08	2.624599e-13
5.988299e+01	1.233034e-08	2.614576e-13
5.990300e+01	1.227953e-08	2.604590e-13
5.992300e+01	1.222893e-08	2.594643e-13
5.994300e+01	1.217854e-08	2.584733e-13
5.996300e+01	1.212835e-08	2.574860e-13
5.998300e+01	1.207837e-08	2.565026e-13
6.000300e+01	1.202860e-08	2.555228e-13
6.002300e+01	1.197903e-08	2.545467e-13
6.004300e+01	1.192967e-08	2.535744e-13
6.006300e+01	1.188051e-08	2.526057e-13
6.008300e+01	1.183155e-08	2.516407e-13
6.010301e+01	1.178280e-08	2.506794e-13
6.012301e+01	1.173424e-08	2.497217e-13
6.014301e+01	1.168589e-08	2.487677e-13
6.016301e+01	1.163774e-08	2.478172e-13
6.018301e+01	1.158978e-08	2.468704e-13
6.020301e+01	1.154202e-08	2.459272e-13
6.022301e+01	1.149446e-08	2.449875e-13
6.024301e+01	1.144709e-08	2.440514e-13
6.026301e+01	1.139992e-08	2.431188e-13
6.028301e+01	1.135294e-08	2.421898e-13
6.030302e+01	1.130616e-08	2.412643e-13
6.032302e+01	1.125957e-08	2.403423e-13
6.034302e+01	1.121317e-08	2.394238e-13
6.036302e+01	1.116697e-08	2.385088e-13
6.038302e+01	1.112095e-08	2.375973e-13
6.040302e+01	1.107512e-08	2.366892e-13
6.042302e+01	1.102949e-08	2.357846e-13
6.044302e+01	1.098404e-08	2.348834e-13
6.046302e+01	1.093877e-08	2.339856e-13
6.048302e+01	1.089370e-08	2.330912e-13
6.050303e+01	1.084881e-08	2.322002e-13
6.052303e+01	1.080410e-08	2.313126e-13
6.054303e+01	1.075958e-08	2.304284e-13
6.056303e+01	1.071524e-08	2.295475e-13
6.058303e+01	1.067109e-08	2.286700e-13
6.060303e+01	1.062712e-08	2.277957e-13
6.062303e+01	1.058333e-08	2.269248e-13
6.064303e+01	1.053971e-08	2.260573e-13
6.066303e+01	1.049628e-08	2.251930e-13
6.068303e+01	1.045303e-08	2.243319e-13
6.070304e+01	1.040996e-08	2.234742e-13
6.072304e+01	1.036706e-08	2.226197e-13
6.074304e+01	1.032434e-08	2.217684e-13
6.076304e+01	1.028180e-08	2.209204e-13
6.078304e+01	1.023943e-08	2.200756e-13
6.080304e+01	1.019724e-08	2.192340e-13
6.082304e+01	1.015522e-08	2.183956e-13
6.084304e+01	1.011337e-08	2.175604e-13
6.086304e+01	1.007169e-08	2.167284e-13
6.088304e+01	1.003019e-08	2.158995e-13
6.090305e+01	9.988860e-09	2.150737e-13
6.092305e+01	9.947699e-09	2.142511e-13
6.094305e+01	9.906708e-09	2.134316e-13
6.096305e+01	9.865885e-09	2.126153e-13
6.098305e+01	9.825231e-09	2.118020e-13
6.100305e+01	9.784744e-09	2.109918e-13
6.102305e+01	9.744424e-09	2.101847e-13
6.104305e+01	9.704270e-09	2.093806e-13
6.106305e+01	9.664282e-09	2.085796e-13
6.108305e+01	9.624459e-09	2.077817e-13
6.110306e+01	9.584799e-09	2.069868e-13
6.112306e+01	9.545303e-09	2.061949e-13
6.114306e+01	9.505970e-09	2.054060e-13
6.116306e+01	9.466799e-09	2.046201e-13
6.118306e+01	9.427790e-09	2.038372e-13
6.120306e+01	9.388941e-09	2.030572e-13
6.122306e+01	9.350252e-09	2.022802e-13
6.124306e+01	9.311723e-09	2.015062e-13
6.126306e+01	9.273352e-09	2.007351e-13
6.128306e+01	9.235140e-09	1.999670e-13
6.130307e+01	9.197085e-09	1.992017e-13
6.132307e+01	9.159187e-09	1.984394e-13
6.134307e+01	9.121445e-09	1.976800e-13
6.136307e+01	9.083858e-09	1.969234e-13
6.138307e+01	9.046427e-09	1.961697e-13
6.140307e+01	9.009150e-09	1.954189e-13
6.142307e+01	8.972026e-09	1.946710e-13
6.144307e+01	8.935056e-09	1.939259e-13
6.146307e+01	8.898237e-09	1.931836e-13
6.148307e+01	8.861571e-09	1.924441e-13
6.150308e+01	8.825055e-09	1.917074e-13
6.152308e+01	8.788691e-09	1.909736e-13
6.154308e+01	8.752476e-09	1.902425e-13
6.156308e+01	8.716410e-09	1.895142e-13
6.158308e+01	8.680493e-09	1.887887e-13
6.160308e+01	8.644723e-09	1.880659e-13
6.162308e+01	8.609102e-09	1.873459e-13
6.164308e+01	8.573627e-09	1.866286e-13
6.166308e+01	8.538298e-09	1.859141e-13
6.168308e+01	8.503115e-09	1.852023e-13
6.170309e+01	8.468077e-09	1.844931e-13
6.172309e+01	8.433183e-09	1.837867e-13
6.174309e+01	8.398433e-09	1.830829e-13
6.176309e+01	8.363826e-09	1.823819e-13
6.178309e+01	8.329362e-09	1.816835e-13
6.180309e+01	8.295040e-09	1.809877e-13
6.182309e+01	8.260859e-09	1.802946e-13
6.184309e+01	8.226820e-09	1.796041e-13
6.186309e+01	8.192920e-09	1.789163e-13
6.188309e+01	8.159160e-09	1.782310e-13
6.190310e+01	8.125540e-09	1.775484e-13
6.192310e+01	8.092057e-09	1.768684e-13
6.194310e+01	8.058713e-09	1.761909e-13
6.196310e+01	8.025507e-09	1.755161e-13
6.198310e+01	7.992437e-09	1.748438e-13
6.200310e+01	7.959503e-09	1.741740e-13
6.202310e+01	7.926705e-09	1.735068e-13
6.204310e+01	7.894042e-09	1.728421e-13
6.206310e+01	7.861514e-09	1.721800e-13
6.208310e+01	7.829120e-09	1.715204e-13
6.210311e+01	7.796860e-09	1.708633e-13
6.212311e+01	7.764732e-09	1.702087e-13
6.214311e+01	7.732737e-09	1.695566e-13
6.216311e+01	7.700873e-09	1.689069e-13
6.218311e+01	7.669141e-09	1.682598e-13
6.220311e+01	7.637540e-09	1.676151e-13
6.222311e+01	7.606069e-09	1.669728e-13
6.224311e+01	7.574728e-09	1.663330e-13
6.226311e+01	7.543516e-09	1.656956e-13
6.228311e+01	7.512432e-09	1.650607e-13
6.230312e+01	7.481476e-09	1.644282e-13
6.232312e+01	7.450649e-09	1.637980e-13
6.234312e+01	7.419948e-09	1.631703e-13
6.236312e+01	7.389373e-09	1.625450e-13
6.238312e+01	7.358925e-09	1.619220e-13
6.240312e+01	7.328602e-09	1.613014e-13
6.242312e+01	7.298404e-09	1.606832e-13
6.244312e+01	7.268331e-09	1.600673e-13
6.246312e+01	7.238381e-09	1.594538e-13
6.248312e+01	7.208555e-09	1.588426e-13
6.250313e+01	7.178852e-09	1.582338e-13
6.252313e+01	7.149271e-09	1.576272e-13
6.254313e+01	7.119812e-09	1.570230e-13
6.256313e+01	7.090475e-09	1.564210e-13
6.258313e+01	7.061258e-09	1.558214e-13
6.260313e+01	7.032162e-09	1.552240e-13
6.262313e+01	7.003186e-09	1.546289e-13
6.264313e+01	6.974329e-09	1.540361e-13
6.266313e+01	6.945591e-09	1.534455e-13
6.268313e+01	6.916971e-09	1.528572e-13
6.270314e+01	6.888470e-09	1.522711e-13
6.272314e+01	6.860086e-09	1.516873e-13
6.274314e+01	6.831819e-09	1.511057e-13
6.276314e+01	6.803668e-09	1.505262e-13
6.278314e+01	6.775633e-09	1.499490e-13
6.280314e+01	6.747714e-09	1.493740e-13
6.282314e+01	6.719910e-09	1.488012e-13
6.284314e+01	6.692221e-09	1.482306e-13
6.286314e+01	6.664645e-09	1.476621e-13
6.288314e+01	6.637184e-09	1.470958e-13
6.290315e+01	6.609835e-09	1.465317e-13
6.292315e+01	6.582599e-09	1.459697e-13
6.294315e+01	6.555475e-09	1.454098e-13
6.296315e+01	6.528464e-09	1.448521e-13
6.298315e+01	6.501563e-09	1.442965e-13
6.300315e+01	6.474773e-09	1.437430e-13
6.302315e+01	6.448094e-09	1.431917e-13
6.304315e+01	6.421525e-09	1.426424e-13
6.306315e+01	6.395065e-09	1.420952e-13
6.308315e+01	6.368714e-09	1.415501e-13
6.310316e+01	6.342472e-09	1.410071e-13
6.312316e+01	6.316338e-09	1.404662e-13
6.314316e+01	6.290311e-09	1.399273e-13
6.316316e+01	6.264392e-09	1.393905e-13
6.318316e+01	6.238580e-09	1.388557e-13
6.320316e+01	6.212874e-09	1.383229e-13
6.322316e+01	6.187274e-09	1.377922e-13
6.324316e+01	6.161780e-09	1.372635e-13
6.326316e+01	6.136390e-09	1.367368e-13
6.328316e+01	6.111105e-09	1.362121e-13
6.330317e+01	6.085925e-09	1.356895e-13
6.332317e+01	6.060848e-09	1.351688e-13
6.334317e+01	6.035874e-09	1.346501e-13
6.336317e+01	6.011004e-09	1.341334e-13
6.338317e+01	5.986236e-09	1.336186e-13
6.340317e+01	5.961570e-09	1.331058e-13
6.342317e+01	5.937005e-09	1.325950e-13
6.344317e+01	5.912542e-09	1.320861e-13
6.346317e+01	5.888180e-09	1.315792e-13
6.348317e+01	5.863918e-09	1.310741e-13
6.350318e+01	5.839756e-09	1.305710e-13
6.352318e+01	5.815693e-09	1.300699e-13
6.354318e+01	5.791730e-09	1.295706e-13
6.356318e+01	5.767866e-09	1.290732e-13
6.358318e+01	5.744099e-09	1.285778e-13
6.360318e+01	5.720431e-09	1.280842e-13
6.362318e+01	5.696861e-09	1.275925e-13
6.364318e+01	5.673387e-09	1.271027e-13
6.366318e+01	5.650010e-09	1.266148e-13
6.368318e+01	5.626730e-09	1.261287e-13
6.370319e+01	5.603545e-09	1.256444e-13
6.372319e+01	5.580456e-09	1.251620e-13
6.374319e+01	5.557462e-09	1.246815e-13
6.376319e+01	5.534563e-09	1.242028e-13
6.378319e+01	5.511758e-09	1.237259e-13
6.380319e+01	5.489048e-09	1.232508e-13
6.382319e+01	5.466430e-09	1.227776e-13
6.384319e+01	5.443907e-09	1.223061e-13
6.386319e+01	5.421475e-09	1.218364e-13
6.388319e+01	5.399137e-09	1.213686e-13
6.390320e+01	5.376890e-09	1.209025e-13
6.392320e+01	5.354735e-09	1.204382e-13
6.394320e+01	5.332671e-09	1.199757e-13
6.396320e+01	5.310699e-09	1.195149e-13
6.398320e+01	5.288816e-09	1.190559e-13
6.400320e+01	5.267024e-09	1.185986e-13
6.402320e+01	5.245322e-09	1.181431e-13
6.404320e+01	5.223709e-09	1.176894e-13
6.406320e+01	5.202186e-09	1.172373e-13
6.408320e+01	5.180750e-09	1.167870e-13
6.410321e+01	5.159404e-09	1.163384e-13
6.412321e+01	5.138145e-09	1.158915e-13
6.414321e+01	5.116974e-09	1.154463e-13
6.416321e+01	5.095890e-09	1.150028e-13
6.418321e+01	5.074893e-09	1.145610e-13
6.420321e+01	5.053982e-09	1.141209e-13
6.422321e+01	5.033158e-09	1.136825e-13
6.424321e+01	5.012420e-09	1.132458e-13
6.426321e+01	4.991767e-09	1.128107e-13
6.428321e+01	4.971199e-09	1.123772e-13
6.430322e+01	4.950715e-09	1.119455e-13
6.432322e+01	4.930317e-09	1.115153e-13
6.434322e+01	4.910002e-09	1.110869e-13
6.436322e+01	4.889771e-09	1.106600e-13
6.438322e+01	4.869623e-09	1.102348e-13
6.440322e+01	4.849559e-09	1.098112e-13
6.442322e+01	4.829577e-09	1.093892e-13
6.444322e+01	4.809677e-09	1.089689e-13
6.446322e+01	4.789860e-09	1.085501e-13
6.448322e+01	4.770124e-09	1.081329e-13
6.450323e+01	4.750469e-09	1.077174e-13
6.452323e+01	4.730895e-09	1.073034e-13
6.454323e+01	4.711403e-09	1.068910e-13
6.456323e+01	4.691990e-09	1.064802e-13
6.458323e+01	4.672657e-09	1.060709e-13
6.460323e+01	4.653404e-09	1.056632e-13
6.462323e+01	4.634231e-09	1.052571e-13
6.464323e+01	4.615136e-09	1.048525e-13
6.466323e+01	4.596120e-09	1.044494e-13
6.468323e+01	4.577183e-09	1.040479e-13
6.470324e+01	4.558323e-09	1.036480e-13
6.472324e+01	4.539541e-09	1.032495e-13
6.474324e+01	4.520837e-09	1.028526e-13
6.476324e+01	4.502210e-09	1.024572e-13
6.478324e+01	4.483659e-09	1.020633e-13
6.480324e+01	4.465185e-09	1.016709e-13
6.482324e+01	4.446787e-09	1.012800e-13
6.484324e+01	4.428465e-09	1.008906e-13
6.486324e+01	4.410218e-09	1.005027e-13
6.488324e+01	4.392047e-09	1.001163e-13
6.490325e+01	4.373950e-09	9.973134e-14
6.492325e+01	4.355928e-09	9.934785e-14
6.494325e+01	4.337980e-09	9.896584e-14
6.496325e+01	4.320106e-09	9.858528e-14
6.498325e+01	4.302306e-09	9.820618e-14
6.500325e+01	4.284579e-09	9.782852e-14
6.502325e+01	4.266926e-09	9.745231e-14
6.504325e+01	4.249345e-09	9.707754e-14
6.506325e+01	4.231836e-09	9.670419e-14
6.508325e+01	4.214400e-09	9.633228e-14
6.510326e+01	4.197035e-09	9.596178e-14
6.512326e+01	4.179742e-09	9.559270e-14
6.514326e+01	4.162520e-09	9.522504e-14
6.516326e+01	4.145369e-09	9.485877e-14
6.518326e+01	4.128289e-09	9.449391e-14
6.520326e+01	4.111280e-09	9.413044e-14
6.522326e+01	4.094340e-09	9.376836e-14
6.524326e+01	4.077470e-09	9.340767e-14
6.526326e+01	4.060670e-09	9.304835e-14
6.528326e+01	4.043939e-09	9.269040e-14
6.530327e+01	4.027277e-09	9.233383e-14
6.532327e+01	4.010683e-09	9.197862e-14
6.534327e+01	3.994158e-09	9.162476e-14
6.536327e+01	3.977701e-09	9.127226e-14
6.538327e+01	3.961312e-09	9.092111e-14
6.540327e+01	3.944990e-09	9.057129e-14
6.542327e+01	3.928736e-09	9.022282e-14
6.544327e+01	3.912548e-09	8.987568e-14
6.546327e+01	3.896428e-09	8.952986e-14
6.548327e+01	3.880373e-09	8.918537e-14
6.550328e+01	3.864385e-09	8.884219e-14
6.552328e+01	3.848463e-09	8.850033e-14
6.554328e+01	3.832606e-09	8.815977e-14
6.556328e+01	3.816815e-09	8.782052e-14
6.558328e+01	3.801089e-09	8.748256e-14
6.560328e+01	3.785427e-09	8.714590e-14
6.562328e+01	3.769831e-09	8.681052e-14
6.564328e+01	3.754298e-09	8.647643e-14
6.566328e+01	3.738829e-09	8.614361e-14
6.568328e+01	3.723424e-09	8.581207e-14
6.570329e+01	3.708083e-09	8.548179e-14
6.572329e+01	3.692805e-09	8.515278e-14
6.574329e+01	3.677590e-09	8.482502e-14
6.576329e+01	3.662437e-09	8.449852e-14
6.578329e+01	3.647347e-09	8.417327e-14
6.580329e+01	3.632319e-09	8.384926e-14
6.582329e+01	3.617353e-09	8.352650e-14
6.584329e+01	3.602449e-09	8.320496e-14
6.586329e+01	3.587606e-09	8.288466e-14
6.588329e+01	3.572824e-09	8.256558e-14
6.590330e+01	3.558104e-09	8.224772e-14
6.592330e+01	3.543443e-09	8.193108e-14
6.594330e+01	3.528844e-09	8.161565e-14
6.596330e+01	3.514304e-09	8.130143e-14
6.598330e+01	3.499824e-09	8.098841e-14
6.600330e+01	3.485404e-09	8.067659e-14
6.602330e+01	3.471044e-09	8.036596e-14
6.604330e+01	3.456742e-09	8.005651e-14
6.606330e+01	3.442500e-09	7.974826e-14
6.608330e+01	3.428316e-09	7.944118e-14
6.610331e+01	3.414191e-09	7.913528e-14
6.612331e+01	3.400124e-09	7.883055e-14
6.614331e+01	3.386114e-09	7.852698e-14
6.616331e+01	3.372163e-09	7.822458e-14
6.618331e+01	3.358269e-09	7.792333e-14
6.620331e+01	3.344432e-09	7.762324e-14
6.622331e+01	3.330653e-09	7.732429e-14
6.624331e+01	3.316930e-09	7.702649e-14
6.626331e+01	3.303263e-09	7.672983e-14
6.628331e+01	3.289653e-09	7.643431e-14
6.630332e+01	3.276099e-09	7.613991e-14
6.632332e+01	3.262601e-09	7.584664e-14
6.634332e+01	3.249159e-09	7.555450e-14
6.636332e+01	3.235772e-09	7.526347e-14
6.638332e+01	3.222440e-09	7.497356e-14
6.640332e+01	3.209163e-09	7.468476e-14
6.642332e+01	3.195941e-09	7.439706e-14
6.644332e+01	3.182773e-09	7.411047e-14
6.646332e+01	3.169659e-09	7.382497e-14
6.648332e+01	3.156600e-09	7.354057e-14
6.650333e+01	3.143594e-09	7.325725e-14
6.652333e+01	3.130642e-09	7.297502e-14
6.654333e+01	3.117743e-09	7.269387e-14
6.656333e+01	3.104898e-09	7.241380e-14
6.658333e+01	3.092105e-09	7.213480e-14
6.660333e+01	3.079365e-09	7.185686e-14
6.662333e+01	3.066678e-09	7.157999e-14
6.664333e+01	3.054042e-09	7.130419e-14
6.666333e+01	3.041459e-09	7.102944e-14
6.668333e+01	3.028928e-09	7.075574e-14
6.670334e+01	3.016448e-09	7.048308e-14
6.672334e+01	3.004020e-09	7.021148e-14
6.674334e+01	2.991643e-09	6.994091e-14
6.676334e+01	2.979317e-09	6.967138e-14
6.678334e+01	2.967042e-09	6.940288e-14
6.680334e+01	2.954818e-09	6.913541e-14
6.682334e+01	2.942643e-09	6.886897e-14
6.684334e+01	2.930519e-09	6.860355e-14
6.686334e+01	2.918445e-09	6.833914e-14
6.688334e+01	2.906421e-09	6.807574e-14
6.690335e+01	2.894446e-09	6.781336e-14
6.692335e+01	2.882521e-09	6.755198e-14
6.694335e+01	2.870644e-09	6.729160e-14
6.696335e+01	2.858817e-09	6.703222e-14
6.698335e+01	2.847038e-09	6.677383e-14
6.700335e+01	2.835308e-09	6.651643e-14
6.702335e+01	2.823626e-09	6.626002e-14
6.704335e+01	2.811993e-09	6.600460e-14
6.706335e+01	2.800407e-09	6.575015e-14
6.708335e+01	2.788869e-09	6.549667e-14
6.710336e+01	2.777379e-09	6.524417e-14
6.712336e+01	2.765935e-09	6.499263e-14
6.714336e+01	2.754540e-09	6.474206e-14
6.716336e+01	2.743191e-09	6.449245e-14
6.718336e+01	2.731888e-09	6.424379e-14
6.720336e+01	2.720633e-09	6.399609e-14
6.722336e+01	2.709424e-09	6.374934e-14
6.724336e+01	2.698260e-09	6.350353e-14
6.726336e+01	2.687143e-09	6.325867e-14
6.728336e+01	2.676072e-09	6.301474e-14
6.730337e+01	2.665046e-09	6.277175e-14
6.732337e+01	2.654066e-09	6.252969e-14
6.734337e+01	2.643131e-09	6.228856e-14
6.736337e+01	2.632241e-09	6.204835e-14
6.738337e+01	2.621396e-09	6.180907e-14
6.740337e+01	2.610596e-09	6.157070e-14
6.742337e+01	2.599840e-09	6.133324e-14
6.744337e+01	2.589129e-09	6.109670e-14
6.746337e+01	2.578461e-09	6.086106e-14
6.748337e+01	2.567838e-09	6.062632e-14
6.750338e+01	2.557258e-09	6.039249e-14
6.752338e+01	2.546722e-09	6.015955e-14
6.754338e+01	2.536230e-09	5.992751e-14
6.756338e+01	2.525780e-09	5.969635e-14
6.758338e+01	2.515374e-09	5.946608e-14
6.760338e+01	2.505010e-09	5.923670e-14
6.762338e+01	2.494690e-09	5.900819e-14
6.764338e+01	2.484411e-09	5.878056e-14
6.766338e+01	2.474175e-09	5.855380e-14
6.768338e+01	2.463982e-09	5.832792e-14
6.770339e+01	2.453830e-09	5.810290e-14
6.772339e+01	2.443720e-09	5.787874e-14
6.774339e+01	2.433652e-09	5.765544e-14
6.776339e+01	2.423625e-09	5.743300e-14
6.778339e+01	2.413640e-09	5.721141e-14
6.780339e+01	2.403695e-09	5.699067e-14
6.782339e+01	2.393792e-09	5.677078e-14
6.784339e+01	2.383930e-09	5.655173e-14
6.786339e+01	2.374108e-09	5.633352e-14
6.788339e+01	2.364326e-09	5.611615e-14
6.790340e+01	2.354585e-09	5.589961e-14
6.792340e+01	2.344884e-09	5.568391e-14
6.794340e+01	2.335223e-09	5.546903e-14
6.796340e+01	2.325602e-09	5.525497e-14
6.798340e+01	2.316021e-09	5.504174e-14
6.800340e+01	2.306479e-09	5.482932e-14
6.802340e+01	2.296976e-09	5.461772e-14
6.804340e+01	2.287512e-09	5.440694e-14
6.806340e+01	2.278088e-09	5.419696e-14
6.808340e+01	2.268702e-09	5.398778e-14
6.810341e+01	2.259355e-09	5.377941e-14
6.812341e+01	2.250046e-09	5.357184e-14
6.814341e+01	2.240776e-09	5.336506e-14
6.816341e+01	2.231544e-09	5.315908e-14
6.818341e+01	2.222350e-09	5.295389e-14
6.820341e+01	2.213194e-09	5.274949e-14
6.822341e+01	2.204076e-09	5.254587e-14
6.824341e+01	2.194995e-09	5.234303e-14
6.826341e+01	2.185952e-09	5.214097e-14
6.828341e+01	2.176946e-09	5.193969e-14
6.830342e+01	2.167977e-09	5.173917e-14
6.832342e+01	2.159045e-09	5.153943e-14
6.834342e+01	2.150149e-09	5.134046e-14
6.836342e+01	2.141291e-09	5.114225e-14
6.838342e+01	2.132469e-09	5.094480e-14
6.840342e+01	2.123683e-09	5.074810e-14
6.842342e+01	2.114933e-09	5.055217e-14
6.844342e+01	2.106220e-09	5.035698e-14
6.846342e+01	2.097542e-09	5.016255e-14
6.848342e+01	2.088901e-09	4.996886e-14
6.850343e+01	2.080294e-09	4.977591e-14
6.852343e+01	2.071724e-09	4.958370e-14
6.854343e+01	2.063188e-09	4.939224e-14
6.856343e+01	2.054688e-09	4.920151e-14
6.858343e+01	2.046223e-09	4.901151e-14
6.860343e+01	2.037792e-09	4.882224e-14
6.862343e+01	2.029397e-09	4.863369e-14
6.864343e+01	2.021036e-09	4.844587e-14
6.866343e+01	2.012709e-09	4.825877e-14
6.868343e+01	2.004417e-09	4.807239e-14
6.870344e+01	1.996159e-09	4.788673e-14
6.872344e+01	1.987935e-09	4.770178e-14
6.874344e+01	1.979745e-09	4.751754e-14
6.876344e+01	1.971588e-09	4.733401e-14
6.878344e+01	1.963465e-09	4.715118e-14
6.880344e+01	1.955376e-09	4.696905e-14
6.882344e+01	1.947320e-09	4.678762e-14
6.884344e+01	1.939297e-09	4.660689e-14
6.886344e+01	1.931307e-09	4.642685e-14
6.888344e+01	1.923350e-09	4.624751e-14
6.890345e+01	1.915426e-09	4.606885e-14
6.892345e+01	1.907534e-09	4.589088e-14
6.894345e+01	1.899675e-09	4.571359e-14
6.896345e+01	1.891849e-09	4.553698e-14
6.898345e+01	1.884054e-09	4.536106e-14
6.900345e+01	1.876292e-09	4.518581e-14
6.902345e+01	1.868562e-09	4.501123e-14
6.904345e+01	1.860864e-09	4.483732e-14
6.906345e+01	1.853197e-09	4.466408e-14
6.908345e+01	1.845562e-09	4.449151e-14
6.910346e+01	1.837959e-09	4.431960e-14
6.912346e+01	1.830386e-09	4.414835e-14
6.914346e+01	1.822845e-09	4.397776e-14
6.916346e+01	1.815335e-09	4.380783e-14
6.918346e+01	1.807856e-09	4.363854e-14
6.920346e+01	1.800408e-09	4.346991e-14
6.922346e+01	1.792990e-09	4.330193e-14
6.924346e+01	1.785603e-09	4.313458e-14
6.926346e+01	1.778247e-09	4.296789e-14
6.928346e+01	1.770920e-09	4.280183e-14
6.930347e+01	1.763624e-09	4.263641e-14
6.932347e+01	1.756358e-09	4.247163e-14
6.934347e+01	1.749122e-09	4.230748e-14
6.936347e+01	1.741916e-09	4.214396e-14
6.938347e+01	1.734739e-09	4.198107e-14
6.940347e+01	1.727592e-09	4.181881e-14
6.942347e+01	1.720475e-09	4.165717e-14
6.944347e+01	1.713387e-09	4.149616e-14
6.946347e+01	1.706328e-09	4.133576e-14
6.948347e+01	1.699298e-09	4.117598e-14
6.950348e+01	1.692297e-09	4.101681e-14
6.952348e+01	1.685325e-09	4.085825e-14
6.954348e+01	1.678382e-09	4.070031e-14
6.956348e+01	1.671467e-09	4.054297e-14
6.958348e+01	1.664581e-09	4.038623e-14
6.960348e+01	1.657723e-09	4.023010e-14
6.962348e+01	1.650893e-09	4.007457e-14
6.964348e+01	1.644091e-09	3.991963e-14
6.966348e+01	1.637318e-09	3.976529e-14
6.968348e+01	1.630572e-09	3.961155e-14
6.970349e+01	1.623855e-09	3.945839e-14
6.972349e+01	1.617164e-09	3.930583e-14
6.974349e+01	1.610502e-09	3.915385e-14
6.976349e+01	1.603867e-09	3.900246e-14
6.978349e+01	1.597259e-09	3.885165e-14
6.980349e+01	1.590679e-09	3.870142e-14
6.982349e+01	1.584125e-09	3.855176e-14
6.984349e+01	1.577599e-09	3.840268e-14
6.986349e+01	1.571100e-09	3.825418e-14
6.988349e+01	1.564627e-09	3.810625e-14
6.990350e+01	1.558181e-09	3.795888e-14
6.992350e+01	1.551761e-09	3.781208e-14
6.994350e+01	1.545368e-09	3.766585e-14
6.996350e+01	1.539002e-09	3.752018e-14
6.998350e+01	1.532661e-09	3.737507e-14
7.000350e+01	1.526347e-09	3.723051e-14
7.002350e+01	1.520058e-09	3.708651e-14
7.004350e+01	1.513796e-09	3.694307e-14
7.006350e+01	1.507559e-09	3.680018e-14
7.008350e+01	1.501348e-09	3.665784e-14
7.010351e+01	1.495163e-09	3.651605e-14
7.012351e+01	1.489003e-09	3.637480e-14
7.014351e+01	1.482869e-09	3.623410e-14
7.016351e+01	1.476760e-09	3.609393e-14
7.018351e+01	1.470676e-09	3.595431e-14
7.020351e+01	1.464617e-09	3.581522e-14
7.022351e+01	1.458583e-09	3.567667e-14
7.024351e+01	1.452574e-09	3.553865e-14
7.026351e+01	1.446589e-09	3.540116e-14
7.028351e+01	1.440630e-09	3.526420e-14
7.030352e+01	1.434694e-09	3.512777e-14
7.032352e+01	1.428784e-09	3.499187e-14
7.034352e+01	1.422897e-09	3.485648e-14
7.036352e+01	1.417035e-09	3.472162e-14
7.038352e+01	1.411197e-09	3.458727e-14
7.040352e+01	1.405383e-09	3.445345e-14
7.042352e+01	1.399593e-09	3.432013e-14
7.044352e+01	1.393827e-09	3.418734e-14
7.046352e+01	1.388085e-09	3.405505e-14
7.048352e+01	1.382367e-09	3.392327e-14
7.050353e+01	1.376671e-09	3.379200e-14
7.052353e+01	1.371000e-09	3.366124e-14
7.054353e+01	1.365352e-09	3.353097e-14
7.056353e+01	1.359727e-09	3.340121e-14
7.058353e+01	1.354125e-09	3.327195e-14
7.060353e+01	1.348546e-09	3.314319e-14
7.062353e+01	1.342990e-09	3.301492e-14
7.064353e+01	1.337457e-09	3.288714e-14
7.066353e+01	1.331947e-09	3.275986e-14
7.068353e+01	1.326460e-09	3.263306e-14
7.070354e+01	1.320995e-09	3.250676e-14
7.072354e+01	1.315553e-09	3.238094e-14
7.074354e+01	1.310133e-09	3.225560e-14
7.076354e+01	1.304736e-09	3.213075e-14
7.078354e+01	1.299361e-09	3.200638e-14
7.080354e+01	1.294007e-09	3.188249e-14
7.082354e+01	1.288677e-09	3.175908e-14
7.084354e+01	1.283368e-09	3.163614e-14
7.086354e+01	1.278080e-09	3.151367e-14
7.088354e+01	1.272815e-09	3.139168e-14
7.090355e+01	1.267571e-09	3.127015e-14
7.092355e+01	1.262349e-09	3.114910e-14
7.094355e+01	1.257149e-09	3.102850e-14
7.096355e+01	1.251969e-09	3.090838e-14
7.098355e+01	1.246812e-09	3.078871e-14
7.100355e+01	1.241675e-09	3.066951e-14
7.102355e+01	1.236560e-09	3.055076e-14
7.104355e+01	1.231465e-09	3.043248e-14
7.106355e+01	1.226392e-09	3.031464e-14
7.108355e+01	1.221339e-09	3.019727e-14
7.110356e+01	1.216308e-09	3.008034e-14
7.112356e+01	1.211297e-09	2.996387e-14
7.114356e+01	1.206307e-09	2.984784e-14
7.116356e+01	1.201337e-09	2.973226e-14
7.118356e+01	1.196388e-09	2.961713e-14
7.120356e+01	1.191459e-09	2.950244e-14
7.122356e+01	1.186551e-09	2.938819e-14
7.124356e+01	1.181662e-09	2.927438e-14
7.126356e+01	1.176794e-09	2.916101e-14
7.128356e+01	1.171946e-09	2.904808e-14
7.130357e+01	1.167118e-09	2.893558e-14
7.132357e+01	1.162310e-09	2.882351e-14
7.134357e+01	1.157521e-09	2.871188e-14
7.136357e+01	1.152753e-09	2.860068e-14
7.138357e+01	1.148004e-09	2.848990e-14
7.140357e+01	1.143274e-09	2.837955e-14
7.142357e+01	1.138564e-09	2.826963e-14
7.144357e+01	1.133874e-09	2.816013e-14
7.146357e+01	1.129202e-09	2.805105e-14
7.148357e+01	1.124550e-09	2.794239e-14
7.150358e+01	1.119918e-09	2.783416e-14
7.152358e+01	1.115304e-09	2.772634e-14
7.154358e+01	1.110709e-09	2.761893e-14
7.156358e+01	1.106133e-09	2.751194e-14
7.158358e+01	1.101576e-09	2.740536e-14
7.160358e+01	1.097038e-09	2.729919e-14
7.162358e+01	1.092519e-09	2.719343e-14
7.164358e+01	1.088018e-09	2.708808e-14
7.166358e+01	1.083536e-09	2.698313e-14
7.168358e+01	1.079072e-09	2.687859e-14
7.170359e+01	1.074626e-09	2.677445e-14
7.172359e+01	1.070199e-09	2.667071e-14
7.174359e+01	1.065790e-09	2.656738e-14
7.176359e+01	1.061400e-09	2.646444e-14
7.178359e+01	1.057027e-09	2.636189e-14
7.180359e+01	1.052672e-09	2.625975e-14
7.182359e+01	1.048336e-09	2.615799e-14
7.184359e+01	1.044017e-09	2.605663e-14
7.186359e+01	1.039716e-09	2.595566e-14
7.188359e+01	1.035433e-09	2.585508e-14
7.190360e+01	1.031167e-09	2.575489e-14
7.192360e+01	1.026919e-09	2.565508e-14
7.194360e+01	1.022688e-09	2.555566e-14
7.196360e+01	1.018475e-09	2.545662e-14
7.198360e+01	1.014279e-09	2.535797e-14
7.200360e+01	1.010101e-09	2.525969e-14
7.202360e+01	1.005940e-09	2.516179e-14
7.204360e+01	1.001795e-09	2.506427e-14
7.206360e+01	9.976684e-10	2.496713e-14
7.208360e+01	9.935704e-10	2.487062e-14
7.210361e+01	9.894750e-10	2.477418e-14
7.212361e+01	9.853999e-10	2.467818e-14
7.214361e+01	9.813575e-10	2.458290e-14
7.216361e+01	9.773152e-10	2.448762e-14
7.218361e+01	9.733109e-10	2.439319e-14
7.220361e+01	9.693117e-10	2.429886e-14
7.222361e+01	9.653282e-10	2.420489e-14
7.224361e+01	9.613702e-10	2.411147e-14
7.226361e+01	9.574122e-10	2.401805e-14
7.228361e+01	9.534900e-10	2.392543e-14
7.230362e+01	9.495725e-10	2.383291e-14
7.232362e+01	9.456704e-10	2.374073e-14
7.234362e+01	9.417930e-10	2.364910e-14
7.236362e+01	9.379156e-10	2.355747e-14
7.238362e+01	9.340733e-10	2.346662e-14
7.240362e+01	9.302356e-10	2.337586e-14
7.242362e+01	9.264130e-10	2.328544e-14
7.244362e+01	9.226146e-10	2.319556e-14
7.246362e+01	9.188162e-10	2.310568e-14
7.248362e+01	9.150522e-10	2.301655e-14
7.250363e+01	9.112926e-10	2.292753e-14
7.252363e+01	9.075479e-10	2.283884e-14
7.254363e+01	9.038268e-10	2.275067e-14
7.256363e+01	9.001057e-10	2.266250e-14
7.258363e+01	8.964184e-10	2.257508e-14
7.260363e+01	8.927354e-10	2.248776e-14
7.262363e+01	8.890669e-10	2.240076e-14
7.264363e+01	8.854216e-10	2.231427e-14
7.266363e+01	8.817763e-10	2.222779e-14
7.268363e+01	8.781641e-10	2.214204e-14
7.270364e+01	8.745561e-10	2.205638e-14
7.272364e+01	8.709623e-10	2.197104e-14
7.274364e+01	8.673913e-10	2.188621e-14
7.276364e+01	8.638202e-10	2.180137e-14
7.278364e+01	8.602815e-10	2.171726e-14
7.280364e+01	8.567470e-10	2.163324e-14
7.282364e+01	8.532265e-10	2.154952e-14
7.284364e+01	8.497281e-10	2.146631e-14
7.286364e+01	8.462298e-10	2.138309e-14
7.288364e+01	8.427632e-10	2.130059e-14
7.290365e+01	8.393007e-10	2.121817e-14
7.292365e+01	8.358518e-10	2.113606e-14
7.294365e+01	8.324247e-10	2.105443e-14
7.296365e+01	8.289976e-10	2.097280e-14
7.298365e+01	8.256016e-10	2.089187e-14
7.300365e+01	8.222096e-10	2.081103e-14
7.302365e+01	8.188310e-10	2.073048e-14
7.304365e+01	8.154737e-10	2.065041e-14
7.306365e+01	8.121164e-10	2.057035e-14
7.308365e+01	8.087895e-10	2.049096e-14
7.310366e+01	8.054666e-10	2.041166e-14
7.312366e+01	8.021568e-10	2.033265e-14
7.314366e+01	7.988679e-10	2.025411e-14
7.316366e+01	7.955790e-10	2.017558e-14
7.318366e+01	7.923199e-10	2.009770e-14
7.320366e+01	7.890646e-10	2.001992e-14
7.322366e+01	7.858222e-10	1.994242e-14
7.324366e+01	7.826003e-10	1.986538e-14
7.326366e+01	7.793783e-10	1.978834e-14
7.328366e+01	7.761856e-10	1.971196e-14
7.330367e+01	7.729966e-10	1.963566e-14
7.332367e+01	7.698203e-10	1.955964e-14
7.334367e+01	7.666639e-10	1.948408e-14
7.336367e+01	7.635076e-10	1.940851e-14
7.338367e+01	7.603799e-10	1.933358e-14
7.340367e+01	7.572559e-10	1.925874e-14
7.342367e+01	7.541442e-10	1.918418e-14
7.344367e+01	7.510522e-10	1.911005e-14
7.346367e+01	7.479601e-10	1.903593e-14
7.348367e+01	7.448961e-10	1.896244e-14
7.350368e+01	7.418357e-10	1.888902e-14
7.352368e+01	7.387874e-10	1.881588e-14
7.354368e+01	7.357583e-10	1.874318e-14
7.356368e+01	7.327293e-10	1.867047e-14
7.358368e+01	7.297277e-10	1.859838e-14
7.360368e+01	7.267296e-10	1.852637e-14
7.362368e+01	7.237434e-10	1.845463e-14
7.364368e+01	7.207760e-10	1.838331e-14
7.366368e+01	7.178086e-10	1.831199e-14
7.368368e+01	7.148681e-10	1.824128e-14
7.370369e+01	7.119311e-10	1.817064e-14
7.372369e+01	7.090057e-10	1.810027e-14
7.374369e+01	7.060987e-10	1.803032e-14
7.376369e+01	7.031918e-10	1.796036e-14
7.378369e+01	7.003112e-10	1.789100e-14
7.380369e+01	6.974340e-10	1.782172e-14
7.382369e+01	6.945682e-10	1.775269e-14
7.384369e+01	6.917204e-10	1.768407e-14
7.386369e+01	6.888726e-10	1.761545e-14
7.388369e+01	6.860507e-10	1.754742e-14
7.390370e+01	6.832321e-10	1.747946e-14
7.392370e+01	6.804247e-10	1.741175e-14
7.394370e+01	6.776349e-10	1.734444e-14
7.396370e+01	6.748451e-10	1.727714e-14
7.398370e+01	6.720807e-10	1.721040e-14
7.400370e+01	6.693194e-10	1.714374e-14
7.402370e+01	6.665692e-10	1.707733e-14
7.404370e+01	6.638362e-10	1.701131e-14
7.406370e+01	6.611032e-10	1.694529e-14
7.408370e+01	6.583951e-10	1.687983e-14
7.410371e+01	6.556901e-10	1.681444e-14
7.412371e+01	6.529959e-10	1.674930e-14
7.414371e+01	6.503186e-10	1.668454e-14
7.416371e+01	6.476412e-10	1.661978e-14
7.418371e+01	6.449883e-10	1.655557e-14
7.420371e+01	6.423384e-10	1.649144e-14
7.422371e+01	6.396990e-10	1.642754e-14
7.424371e+01	6.370762e-10	1.636402e-14
7.426371e+01	6.344534e-10	1.630050e-14
7.428371e+01	6.318545e-10	1.623752e-14
7.430372e+01	6.292585e-10	1.617461e-14
7.432372e+01	6.266729e-10	1.611193e-14
7.434372e+01	6.241035e-10	1.604963e-14
7.436372e+01	6.215341e-10	1.598732e-14
7.438372e+01	6.189881e-10	1.592555e-14
7.440372e+01	6.164450e-10	1.586384e-14
7.442372e+01	6.139121e-10	1.580236e-14
7.444372e+01	6.113950e-10	1.574125e-14
7.446372e+01	6.088780e-10	1.568013e-14
7.448372e+01	6.063838e-10	1.561954e-14
7.450373e+01	6.038925e-10	1.555901e-14
7.452373e+01	6.014111e-10	1.549871e-14
7.454373e+01	5.989453e-10	1.543877e-14
7.456373e+01	5.964795e-10	1.537882e-14
7.458373e+01	5.940362e-10	1.531939e-14
7.460373e+01	5.915956e-10	1.526002e-14
7.462373e+01	5.891648e-10	1.520087e-14
7.464373e+01	5.867492e-10	1.514207e-14
7.466373e+01	5.843336e-10	1.508327e-14
7.468373e+01	5.819400e-10	1.502497e-14
7.470374e+01	5.795491e-10	1.496674e-14
7.472374e+01	5.771678e-10	1.490872e-14
7.474374e+01	5.748014e-10	1.485105e-14
7.476374e+01	5.724350e-10	1.479337e-14
7.478374e+01	5.700902e-10	1.473619e-14
7.480374e+01	5.677480e-10	1.467907e-14
7.482374e+01	5.654152e-10	1.462217e-14
7.484374e+01	5.630970e-10	1.456560e-14
7.486374e+01	5.607787e-10	1.450902e-14
7.488374e+01	5.584817e-10	1.445294e-14
7.490375e+01	5.561872e-10	1.439691e-14
7.492375e+01	5.539019e-10	1.434109e-14
7.494375e+01	5.516309e-10	1.428560e-14
7.496375e+01	5.493599e-10	1.423011e-14
7.498375e+01	5.471095e-10	1.417510e-14
7.500375e+01	5.448618e-10	1.412014e-14
7.502375e+01	5.426230e-10	1.406540e-14
7.504375e+01	5.403983e-10	1.401097e-14
7.506375e+01	5.381735e-10	1.395654e-14
7.508375e+01	5.359690e-10	1.390258e-14
7.510376e+01	5.337670e-10	1.384868e-14
7.512376e+01	5.315739e-10	1.379497e-14
7.514376e+01	5.293944e-10	1.374159e-14
7.516376e+01	5.272150e-10	1.368820e-14
7.518376e+01	5.250554e-10	1.363528e-14
7.520376e+01	5.228982e-10	1.358240e-14
7.522376e+01	5.207497e-10	1.352973e-14
7.524376e+01	5.186147e-10	1.347737e-14
7.526376e+01	5.164796e-10	1.342500e-14
7.528376e+01	5.143640e-10	1.337309e-14
7.530377e+01	5.122508e-10	1.332123e-14
7.532377e+01	5.101460e-10	1.326956e-14
7.534377e+01	5.080544e-10	1.321820e-14
7.536377e+01	5.059628e-10	1.316684e-14
7.538377e+01	5.038903e-10	1.311592e-14
7.540377e+01	5.018201e-10	1.306505e-14
7.542377e+01	4.997582e-10	1.301437e-14
7.544377e+01	4.977092e-10	1.296399e-14
7.546377e+01	4.956602e-10	1.291362e-14
7.548377e+01	4.936299e-10	1.286367e-14
7.550378e+01	4.916019e-10	1.281378e-14
7.552378e+01	4.895820e-10	1.276407e-14
7.554378e+01	4.875747e-10	1.271466e-14
7.556378e+01	4.855675e-10	1.266524e-14
7.558378e+01	4.835785e-10	1.261625e-14
7.560378e+01	4.815918e-10	1.256731e-14
7.562378e+01	4.796130e-10	1.251856e-14
7.564378e+01	4.776466e-10	1.247009e-14
7.566378e+01	4.756802e-10	1.242162e-14
7.568378e+01	4.737318e-10	1.237357e-14
7.570379e+01	4.717855e-10	1.232557e-14
7.572379e+01	4.698470e-10	1.227775e-14
7.574379e+01	4.679207e-10	1.223021e-14
7.576379e+01	4.659943e-10	1.218267e-14
7.578379e+01	4.640856e-10	1.213554e-14
7.580379e+01	4.621789e-10	1.208846e-14
7.582379e+01	4.602799e-10	1.204155e-14
7.584379e+01	4.583928e-10	1.199492e-14
7.586379e+01	4.565057e-10	1.194829e-14
7.588379e+01	4.546358e-10	1.190206e-14
7.590380e+01	4.527680e-10	1.185588e-14
7.592380e+01	4.509076e-10	1.180988e-14
7.594380e+01	4.490589e-10	1.176414e-14
7.596380e+01	4.472102e-10	1.171840e-14
7.598380e+01	4.453784e-10	1.167306e-14
7.600380e+01	4.435487e-10	1.162776e-14
7.602380e+01	4.417262e-10	1.158264e-14
7.604380e+01	4.399152e-10	1.153778e-14
7.606380e+01	4.381041e-10	1.149292e-14
7.608380e+01	4.363096e-10	1.144844e-14
7.610381e+01	4.345171e-10	1.140402e-14
7.612381e+01	4.327318e-10	1.135976e-14
7.614381e+01	4.309576e-10	1.131575e-14
7.616381e+01	4.291834e-10	1.127175e-14
7.618381e+01	4.274255e-10	1.122813e-14
7.620381e+01	4.256695e-10	1.118455e-14
7.622381e+01	4.239205e-10	1.114114e-14
7.624381e+01	4.221825e-10	1.109798e-14
7.626381e+01	4.204444e-10	1.105483e-14
7.628381e+01	4.187223e-10	1.101204e-14
7.630382e+01	4.170020e-10	1.096930e-14
7.632382e+01	4.152887e-10	1.092672e-14
7.634382e+01	4.135860e-10	1.088438e-14
7.636382e+01	4.118833e-10	1.084205e-14
7.638382e+01	4.101963e-10	1.080009e-14
7.640382e+01	4.085110e-10	1.075816e-14
7.642382e+01	4.068326e-10	1.071640e-14
7.644382e+01	4.051646e-10	1.067488e-14
7.646382e+01	4.034966e-10	1.063336e-14
7.648382e+01	4.018439e-10	1.059220e-14
7.650383e+01	4.001930e-10	1.055108e-14
7.652383e+01	3.985487e-10	1.051011e-14
7.654383e+01	3.969147e-10	1.046939e-14
7.656383e+01	3.952807e-10	1.042866e-14
7.658383e+01	3.936616e-10	1.038829e-14
7.660383e+01	3.920443e-10	1.034796e-14
7.662383e+01	3.904336e-10	1.030778e-14
7.664383e+01	3.888328e-10	1.026784e-14
7.666383e+01	3.872321e-10	1.022789e-14
7.668383e+01	3.856460e-10	1.018829e-14
7.670384e+01	3.840616e-10	1.014873e-14
7.672384e+01	3.824836e-10	1.010932e-14
7.674384e+01	3.809155e-10	1.007015e-14
7.676384e+01	3.793473e-10	1.003097e-14
7.678384e+01	3.777935e-10	9.992127e-15
7.680384e+01	3.762414e-10	9.953326e-15
7.682384e+01	3.746956e-10	9.914673e-15
7.684384e+01	3.731594e-10	9.876246e-15
7.686384e+01	3.716232e-10	9.837819e-15
7.688384e+01	3.701010e-10	9.799723e-15
7.690385e+01	3.685805e-10	9.761666e-15
7.692385e+01	3.670662e-10	9.723754e-15
7.694385e+01	3.655613e-10	9.686064e-15
7.696385e+01	3.640563e-10	9.648373e-15
7.698385e+01	3.625652e-10	9.611008e-15
7.700385e+01	3.610756e-10	9.573681e-15
7.702385e+01	3.595921e-10	9.536495e-15
7.704385e+01	3.581178e-10	9.499528e-15
7.706385e+01	3.566435e-10	9.462560e-15
7.708385e+01	3.551828e-10	9.425911e-15
7.710386e+01	3.537236e-10	9.389299e-15
7.712386e+01	3.522703e-10	9.352827e-15
7.714386e+01	3.508260e-10	9.316568e-15
7.716386e+01	3.493817e-10	9.280309e-15
7.718386e+01	3.479507e-10	9.244363e-15
7.720386e+01	3.465212e-10	9.208454e-15
7.722386e+01	3.450975e-10	9.172681e-15
7.724386e+01	3.436826e-10	9.137118e-15
7.726386e+01	3.422678e-10	9.101554e-15
7.728386e+01	3.408659e-10	9.066298e-15
7.730387e+01	3.394655e-10	9.031077e-15
7.732387e+01	3.380708e-10	8.995990e-15
7.734387e+01	3.366847e-10	8.961109e-15
7.736387e+01	3.352987e-10	8.926227e-15
7.738387e+01	3.339253e-10	8.891647e-15
7.740387e+01	3.325535e-10	8.857101e-15
7.742387e+01	3.311872e-10	8.822688e-15
7.744387e+01	3.298294e-10	8.788475e-15
7.746387e+01	3.284715e-10	8.754263e-15
7.748387e+01	3.271262e-10	8.720346e-15
7.750388e+01	3.257822e-10	8.686463e-15
7.752388e+01	3.244437e-10	8.652710e-15
7.754388e+01	3.231136e-10	8.619154e-15
7.756388e+01	3.217834e-10	8.585598e-15
7.758388e+01	3.204654e-10	8.552332e-15
7.760388e+01	3.191488e-10	8.519099e-15
7.762388e+01	3.178376e-10	8.485993e-15
7.764388e+01	3.165345e-10	8.453081e-15
7.766388e+01	3.152314e-10	8.420168e-15
7.768388e+01	3.139403e-10	8.387540e-15
7.770389e+01	3.126506e-10	8.354945e-15
7.772389e+01	3.113660e-10	8.322475e-15
7.774389e+01	3.100895e-10	8.290194e-15
7.776389e+01	3.088129e-10	8.257913e-15
7.778389e+01	3.075481e-10	8.225911e-15
7.780389e+01	3.062846e-10	8.193941e-15
7.782389e+01	3.050262e-10	8.162094e-15
7.784389e+01	3.037757e-10	8.130432e-15
7.786389e+01	3.025251e-10	8.098770e-15
7.788389e+01	3.012860e-10	8.067383e-15
7.790390e+01	3.000482e-10	8.036026e-15
7.792390e+01	2.988155e-10	8.004790e-15
7.794390e+01	2.975904e-10	7.973736e-15
7.796390e+01	2.963653e-10	7.942682e-15
7.798390e+01	2.951515e-10	7.911897e-15
7.800390e+01	2.939389e-10	7.881142e-15
7.802390e+01	2.927313e-10	7.850506e-15
7.804390e+01	2.915311e-10	7.820048e-15
7.806390e+01	2.903310e-10	7.789590e-15
7.808390e+01	2.891418e-10	7.759395e-15
7.810391e+01	2.879540e-10	7.729231e-15
7.812391e+01	2.867709e-10	7.699183e-15
7.814391e+01	2.855952e-10	7.669309e-15
7.816391e+01	2.844195e-10	7.639436e-15
7.818391e+01	2.832546e-10	7.609821e-15
7.820391e+01	2.820909e-10	7.580236e-15
7.822391e+01	2.809320e-10	7.550764e-15
7.824391e+01	2.797802e-10	7.521464e-15
7.826391e+01	2.786284e-10	7.492164e-15
7.828391e+01	2.774872e-10	7.463118e-15
7.830392e+01	2.763472e-10	7.434100e-15
7.832392e+01	2.752119e-10	7.405194e-15
7.834392e+01	2.740836e-10	7.376457e-15
7.836392e+01	2.729553e-10	7.347719e-15
7.838392e+01	2.718373e-10	7.319231e-15
7.840392e+01	2.707205e-10	7.290770e-15
7.842392e+01	2.696083e-10	7.262419e-15
7.844392e+01	2.685030e-10	7.234234e-15
7.846392e+01	2.673976e-10	7.206048e-15
7.848392e+01	2.663024e-10	7.178106e-15
7.850393e+01	2.652084e-10	7.150192e-15
7.852393e+01	2.641188e-10	7.122386e-15
7.854393e+01	2.630360e-10	7.094741e-15
7.856393e+01	2.619531e-10	7.067096e-15
7.858393e+01	2.608803e-10	7.039692e-15
7.860393e+01	2.598085e-10	7.012314e-15
7.862393e+01	2.587411e-10	6.985041e-15
7.864393e+01	2.576803e-10	6.957927e-15
7.866393e+01	2.566195e-10	6.930814e-15
7.868393e+01	2.555685e-10	6.903935e-15
7.870394e+01	2.545186e-10	6.877083e-15
7.872394e+01	2.534729e-10	6.850334e-15
7.874394e+01	2.524337e-10	6.823741e-15
7.876394e+01	2.513945e-10	6.797148e-15
7.878394e+01	2.503649e-10	6.770786e-15
7.880394e+01	2.493364e-10	6.744449e-15
7.882394e+01	2.483120e-10	6.718214e-15
7.884394e+01	2.472940e-10	6.692132e-15
7.886394e+01	2.462759e-10	6.666049e-15
7.888394e+01	2.452673e-10	6.640193e-15
7.890395e+01	2.442597e-10	6.614363e-15
7.892395e+01	2.432562e-10	6.588632e-15
7.894395e+01	2.422589e-10	6.563050e-15
7.896395e+01	2.412616e-10	6.537469e-15
7.898395e+01	2.402735e-10	6.512110e-15
7.900395e+01	2.392864e-10	6.486775e-15
7.902395e+01	2.383033e-10	6.461539e-15
7.904395e+01	2.373263e-10	6.436449e-15
7.906395e+01	2.363493e-10	6.411359e-15
7.908395e+01	2.353813e-10	6.386487e-15
7.910396e+01	2.344143e-10	6.361639e-15
7.912396e+01	2.334513e-10	6.336887e-15
7.914396e+01	2.324942e-10	6.312279e-15
7.916396e+01	2.315371e-10	6.287671e-15
7.918396e+01	2.305888e-10	6.263277e-15
7.920396e+01	2.296415e-10	6.238907e-15
7.922396e+01	2.286981e-10	6.214630e-15
7.924396e+01	2.277605e-10	6.190495e-15
7.926396e+01	2.268228e-10	6.166360e-15
7.928396e+01	2.258939e-10	6.142435e-15
7.930397e+01	2.249659e-10	6.118533e-15
7.932397e+01	2.240416e-10	6.094723e-15
7.934397e+01	2.231231e-10	6.071051e-15
7.936397e+01	2.222046e-10	6.047380e-15
7.938397e+01	2.212945e-10	6.023914e-15
7.940397e+01	2.203854e-10	6.000471e-15
7.942397e+01	2.194800e-10	5.977119e-15
7.944397e+01	2.185802e-10	5.953903e-15
7.946397e+01	2.176804e-10	5.930686e-15
7.948397e+01	2.167889e-10	5.907672e-15
7.950398e+01	2.158983e-10	5.884679e-15
7.952398e+01	2.150113e-10	5.861776e-15
7.954398e+01	2.141298e-10	5.839006e-15
7.956398e+01	2.132483e-10	5.816235e-15
7.958398e+01	2.123749e-10	5.793663e-15
7.960398e+01	2.115025e-10	5.771113e-15
7.962398e+01	2.106336e-10	5.748650e-15
7.964398e+01	2.097700e-10	5.726317e-15
7.966398e+01	2.089065e-10	5.703984e-15
7.968398e+01	2.080509e-10	5.681846e-15
7.970399e+01	2.071962e-10	5.659729e-15
7.972399e+01	2.063450e-10	5.637698e-15
7.974399e+01	2.054990e-10	5.615794e-15
7.976399e+01	2.046531e-10	5.593891e-15
7.978399e+01	2.038149e-10	5.572178e-15
7.980399e+01	2.029776e-10	5.550486e-15
7.982399e+01	2.021437e-10	5.528878e-15
7.984399e+01	2.013150e-10	5.507396e-15
7.986399e+01	2.004862e-10	5.485913e-15
7.988399e+01	1.996652e-10	5.464618e-15
7.990400e+01	1.988449e-10	5.443343e-15
7.992400e+01	1.980280e-10	5.422151e-15
7.994400e+01	1.972161e-10	5.401082e-15
7.996400e+01	1.964043e-10	5.380012e-15
7.998400e+01	1.955999e-10	5.359127e-15
8.000400e+01	1.947963e-10	5.338261e-15
8.002400e+01	1.939961e-10	5.317476e-15
8.004400e+01	1.932008e-10	5.296812e-15
8.006400e+01	1.924054e-10	5.276147e-15
8.008400e+01	1.916174e-10	5.255663e-15
8.010401e+01	1.908302e-10	5.235199e-15
8.012401e+01	1.900463e-10	5.214814e-15
8.014401e+01	1.892671e-10	5.194547e-15
8.016401e+01	1.884880e-10	5.174280e-15
8.018401e+01	1.877161e-10	5.154189e-15
8.020401e+01	1.869449e-10	5.134118e-15
8.022401e+01	1.861769e-10	5.114125e-15
8.024401e+01	1.854136e-10	5.094248e-15
8.026401e+01	1.846504e-10	5.074371e-15
8.028401e+01	1.838941e-10	5.054667e-15
8.030402e+01	1.831387e-10	5.034982e-15
8.032402e+01	1.823863e-10	5.015373e-15
8.034402e+01	1.816386e-10	4.995878e-15
8.036402e+01	1.808908e-10	4.976384e-15
8.038402e+01	1.801500e-10	4.957059e-15
8.040402e+01	1.794099e-10	4.937752e-15
8.042402e+01	1.786729e-10	4.918521e-15
8.044402e+01	1.779404e-10	4.899401e-15
8.046402e+01	1.772079e-10	4.880281e-15
8.048402e+01	1.764822e-10	4.861328e-15
8.050403e+01	1.757571e-10	4.842393e-15
8.052403e+01	1.750351e-10	4.823531e-15
8.054403e+01	1.743175e-10	4.804779e-15
8.056403e+01	1.735999e-10	4.786027e-15
8.058403e+01	1.728890e-10	4.767439e-15
8.060403e+01	1.721787e-10	4.748868e-15
8.062403e+01	1.714714e-10	4.730369e-15
8.064403e+01	1.707684e-10	4.711978e-15
8.066403e+01	1.700654e-10	4.693586e-15
8.068403e+01	1.693689e-10	4.675355e-15
8.070404e+01	1.686732e-10	4.657142e-15
8.072404e+01	1.679802e-10	4.638999e-15
8.074404e+01	1.672916e-10	4.620962e-15
8.076404e+01	1.666029e-10	4.602924e-15
8.078404e+01	1.659206e-10	4.585044e-15
8.080404e+01	1.652390e-10	4.567181e-15
8.082404e+01	1.645602e-10	4.549387e-15
8.084404e+01	1.638855e-10	4.531697e-15
8.086404e+01	1.632109e-10	4.514006e-15
8.088404e+01	1.625425e-10	4.496470e-15
8.090405e+01	1.618747e-10	4.478951e-15
8.092405e+01	1.612098e-10	4.461500e-15
8.094405e+01	1.605488e-10	4.444149e-15
8.096405e+01	1.598879e-10	4.426799e-15
8.098405e+01	1.592331e-10	4.409601e-15
8.100405e+01	1.585790e-10	4.392418e-15
8.102405e+01	1.579275e-10	4.375303e-15
8.104405e+01	1.572801e-10	4.358287e-15
8.106405e+01	1.566326e-10	4.341270e-15
8.108405e+01	1.559912e-10	4.324403e-15
8.110406e+01	1.553503e-10	4.307551e-15
8.112406e+01	1.547122e-10	4.290766e-15
8.114406e+01	1.540779e-10	4.274077e-15
8.116406e+01	1.534436e-10	4.257388e-15
8.118406e+01	1.528152e-10	4.240845e-15
8.120406e+01	1.521874e-10	4.224318e-15
8.122406e+01	1.515623e-10	4.207855e-15
8.124406e+01	1.509409e-10	4.191488e-15
8.126406e+01	1.503195e-10	4.175120e-15
8.128406e+01	1.497040e-10	4.158896e-15
8.130407e+01	1.490889e-10	4.142686e-15
8.132407e+01	1.484765e-10	4.126541e-15
8.134407e+01	1.478678e-10	4.110488e-15
8.136407e+01	1.472591e-10	4.094435e-15
8.138407e+01	1.466560e-10	4.078524e-15
8.140407e+01	1.460535e-10	4.062626e-15
8.142407e+01	1.454536e-10	4.046791e-15
8.144407e+01	1.448573e-10	4.031048e-15
8.146407e+01	1.442609e-10	4.015304e-15
8.148407e+01	1.436702e-10	3.999699e-15
8.150408e+01	1.430799e-10	3.984107e-15
8.152408e+01	1.424922e-10	3.968578e-15
8.154408e+01	1.419080e-10	3.953137e-15
8.156408e+01	1.413238e-10	3.937697e-15
8.158408e+01	1.407451e-10	3.922392e-15
8.160408e+01	1.401669e-10	3.907100e-15
8.162408e+01	1.395911e-10	3.891870e-15
8.164408e+01	1.390188e-10	3.876726e-15
8.166408e+01	1.384466e-10	3.861583e-15
8.168408e+01	1.378796e-10	3.846573e-15
8.170409e+01	1.373132e-10	3.831576e-15
8.172409e+01	1.367491e-10	3.816639e-15
8.174409e+01	1.361885e-10	3.801787e-15
8.176409e+01	1.356278e-10	3.786935e-15
8.178409e+01	1.350724e-10	3.772214e-15
8.180409e+01	1.345175e-10	3.757506e-15
8.182409e+01	1.339650e-10	3.742856e-15
8.184409e+01	1.334157e-10	3.728291e-15
8.186409e+01	1.328665e-10	3.713725e-15
8.188409e+01	1.323224e-10	3.699287e-15
8.190410e+01	1.317788e-10	3.684863e-15
8.192410e+01	1.312375e-10	3.670495e-15
8.194410e+01	1.306995e-10	3.656210e-15
8.196410e+01	1.301614e-10	3.641925e-15
8.198410e+01	1.296284e-10	3.627765e-15
8.200410e+01	1.290959e-10	3.613618e-15
8.202410e+01	1.285656e-10	3.599527e-15
8.204410e+01	1.280385e-10	3.585517e-15
8.206410e+01	1.275114e-10	3.571507e-15
8.208410e+01	1.269893e-10	3.557620e-15
8.210411e+01	1.264676e-10	3.543746e-15
8.212411e+01	1.259481e-10	3.529927e-15
8.214411e+01	1.254317e-10	3.516186e-15
8.216411e+01	1.249154e-10	3.502446e-15
8.218411e+01	1.244038e-10	3.488827e-15
8.220411e+01	1.238928e-10	3.475220e-15
8.222411e+01	1.233839e-10	3.461667e-15
8.224411e+01	1.228780e-10	3.448191e-15
8.226411e+01	1.223722e-10	3.434716e-15
8.228411e+01	1.218711e-10	3.421359e-15
8.230412e+01	1.213704e-10	3.408014e-15
8.232412e+01	1.208718e-10	3.394722e-15
8.234412e+01	1.203763e-10	3.381506e-15
8.236412e+01	1.198808e-10	3.368290e-15
8.238412e+01	1.193899e-10	3.355190e-15
8.240412e+01	1.188994e-10	3.342103e-15
8.242412e+01	1.184110e-10	3.329066e-15
8.244412e+01	1.179255e-10	3.316105e-15
8.246412e+01	1.174401e-10	3.303144e-15
8.248412e+01	1.169592e-10	3.290297e-15
8.250413e+01	1.164787e-10	3.277461e-15
8.252413e+01	1.160002e-10	3.264676e-15
8.254413e+01	1.155247e-10	3.251965e-15
8.256413e+01	1.150491e-10	3.239254e-15
8.258413e+01	1.145780e-10	3.226654e-15
8.260413e+01	1.141073e-10	3.214066e-15
8.262413e+01	1.136386e-10	3.201527e-15
8.264413e+01	1.131727e-10	3.189061e-15
8.266413e+01	1.127068e-10	3.176594e-15
8.268413e+01	1.122453e-10	3.164237e-15
8.270414e+01	1.117842e-10	3.151892e-15
8.272414e+01	1.113250e-10	3.139595e-15
8.274414e+01	1.108686e-10	3.127369e-15
8.276414e+01	1.104122e-10	3.115142e-15
8.278414e+01	1.099601e-10	3.103024e-15
8.280414e+01	1.095083e-10	3.090916e-15
8.282414e+01	1.090585e-10	3.078856e-15
8.284414e+01	1.086114e-10	3.066865e-15
8.286414e+01	1.081643e-10	3.054875e-15
8.288414e+01	1.077214e-10	3.042990e-15
8.290415e+01	1.072789e-10	3.031115e-15
8.292415e+01	1.068382e-10	3.019288e-15
8.294415e+01	1.064002e-10	3.007529e-15
8.296415e+01	1.059622e-10	2.995769e-15
8.298415e+01	1.055283e-10	2.984113e-15
8.300415e+01	1.050948e-10	2.972468e-15
8.302415e+01	1.046631e-10	2.960868e-15
8.304415e+01	1.042340e-10	2.949335e-15
8.306415e+01	1.038049e-10	2.937803e-15
8.308415e+01	1.033798e-10	2.926372e-15
8.310416e+01	1.029552e-10	2.914950e-15
8.312416e+01	1.025323e-10	2.903575e-15
8.314416e+01	1.021119e-10	2.892264e-15
8.316416e+01	1.016916e-10	2.880954e-15
8.318416e+01	1.012751e-10	2.869743e-15
8.320416e+01	1.008591e-10	2.858542e-15
8.322416e+01	1.004448e-10	2.847386e-15
8.324416e+01	1.000330e-10	2.836293e-15
8.326416e+01	9.962124e-11	2.825201e-15
8.328416e+01	9.921330e-11	2.814206e-15
8.330417e+01	9.880573e-11	2.803221e-15
8.332417e+01	9.839987e-11	2.792280e-15
8.334417e+01	9.799647e-11	2.781402e-15
8.336417e+01	9.759307e-11	2.770523e-15
8.338417e+01	9.719343e-11	2.759741e-15
8.340417e+01	9.679416e-11	2.748967e-15
8.342417e+01	9.639657e-11	2.738237e-15
8.344417e+01	9.600138e-11	2.727568e-15
8.346417e+01	9.560619e-11	2.716900e-15
8.348417e+01	9.521469e-11	2.706325e-15
8.350418e+01	9.482355e-11	2.695760e-15
8.352418e+01	9.443406e-11	2.685236e-15
8.354418e+01	9.404691e-11	2.674773e-15
8.356418e+01	9.365977e-11	2.664310e-15
8.358418e+01	9.327624e-11	2.653940e-15
8.360418e+01	9.289306e-11	2.643578e-15
8.362418e+01	9.251150e-11	2.633258e-15
8.364418e+01	9.213224e-11	2.622996e-15
8.366418e+01	9.175298e-11	2.612735e-15
8.368418e+01	9.137726e-11	2.602565e-15
8.370419e+01	9.100188e-11	2.592403e-15
8.372419e+01	9.062809e-11	2.582281e-15
8.374419e+01	9.025655e-11	2.572218e-15
8.376419e+01	8.988501e-11	2.562155e-15
8.378419e+01	8.951695e-11	2.552180e-15
8.380419e+01	8.914921e-11	2.542215e-15
8.382419e+01	8.878303e-11	2.532289e-15
8.384419e+01	8.841905e-11	2.522419e-15
8.386419e+01	8.805508e-11	2.512550e-15
8.388419e+01	8.769451e-11	2.502768e-15
8.390420e+01	8.733426e-11	2.492995e-15
8.392420e+01	8.697553e-11	2.483260e-15
8.394420e+01	8.661897e-11	2.473581e-15
8.396420e+01	8.626241e-11	2.463902e-15
8.398420e+01	8.590917e-11	2.454309e-15
8.400420e+01	8.555626e-11	2.444724e-15
8.402420e+01	8.520484e-11	2.435177e-15
8.404420e+01	8.485553e-11	2.425685e-15
8.406420e+01	8.450623e-11	2.416193e-15
8.408420e+01	8.416019e-11	2.406785e-15
8.410421e+01	8.381446e-11	2.397385e-15
8.412421e+01	8.347019e-11	2.388022e-15
8.414421e+01	8.312800e-11	2.378713e-15
8.416421e+01	8.278581e-11	2.369404e-15
8.418421e+01	8.244682e-11	2.360178e-15
8.420421e+01	8.210813e-11	2.350959e-15
8.422421e+01	8.177087e-11	2.341777e-15
8.424421e+01	8.143565e-11	2.332648e-15
8.426421e+01	8.110042e-11	2.323518e-15
8.428421e+01	8.076833e-11	2.314470e-15
8.430422e+01	8.043654e-11	2.305429e-15
8.432422e+01	8.010615e-11	2.296424e-15
8.434422e+01	7.977775e-11	2.287471e-15
8.436422e+01	7.944935e-11	2.278518e-15
8.438422e+01	7.912402e-11	2.269644e-15
8.440422e+01	7.879898e-11	2.260778e-15
8.442422e+01	7.847532e-11	2.251947e-15
8.444422e+01	7.815360e-11	2.243166e-15
8.446422e+01	7.783189e-11	2.234386e-15
8.448422e+01	7.751319e-11	2.225683e-15
8.450423e+01	7.719476e-11	2.216988e-15
8.452423e+01	7.687769e-11	2.208328e-15
8.454423e+01	7.656253e-11	2.199717e-15
8.456423e+01	7.624737e-11	2.191106e-15
8.458423e+01	7.593515e-11	2.182571e-15
8.460423e+01	7.562321e-11	2.174044e-15
8.462423e+01	7.531260e-11	2.165550e-15
8.464423e+01	7.500385e-11	2.157106e-15
8.466423e+01	7.469510e-11	2.148661e-15
8.468423e+01	7.438924e-11	2.140291e-15
8.470424e+01	7.408366e-11	2.131928e-15
8.472424e+01	7.377936e-11	2.123599e-15
8.474424e+01	7.347690e-11	2.115317e-15
8.476424e+01	7.317444e-11	2.107035e-15
8.478424e+01	7.287481e-11	2.098827e-15
8.480424e+01	7.257545e-11	2.090626e-15
8.482424e+01	7.227735e-11	2.082457e-15
8.484424e+01	7.198105e-11	2.074335e-15
8.486424e+01	7.168474e-11	2.066213e-15
8.488424e+01	7.139122e-11	2.058164e-15
8.490425e+01	7.109794e-11	2.050120e-15
8.492425e+01	7.080592e-11	2.042110e-15
8.494425e+01	7.051565e-11	2.034145e-15
8.496425e+01	7.022538e-11	2.026180e-15
8.498425e+01	6.993782e-11	2.018285e-15
8.500425e+01	6.965052e-11	2.010397e-15
8.502425e+01	6.936444e-11	2.002541e-15
8.504425e+01	6.908008e-11	1.994730e-15
8.506425e+01	6.879572e-11	1.986919e-15
8.508425e+01	6.851403e-11	1.979177e-15
8.510426e+01	6.823257e-11	1.971441e-15
8.512426e+01	6.795232e-11	1.963737e-15
8.514426e+01	6.767375e-11	1.956076e-15
8.516426e+01	6.739518e-11	1.948416e-15
8.518426e+01	6.711921e-11	1.940823e-15
8.520426e+01	6.684349e-11	1.933237e-15
8.522426e+01	6.656895e-11	1.925682e-15
8.524426e+01	6.629604e-11	1.918169e-15
8.526426e+01	6.602314e-11	1.910657e-15
8.528426e+01	6.575280e-11	1.903211e-15
8.530427e+01	6.548269e-11	1.895771e-15
8.532427e+01	6.521374e-11	1.888361e-15
8.534427e+01	6.494639e-11	1.880994e-15
8.536427e+01	6.467905e-11	1.873627e-15
8.538427e+01	6.441421e-11	1.866325e-15
8.540427e+01	6.414960e-11	1.859029e-15
8.542427e+01	6.388612e-11	1.851762e-15
8.544427e+01	6.362422e-11	1.844537e-15
8.546427e+01	6.336232e-11	1.837312e-15
8.548427e+01	6.310287e-11	1.830151e-15
8.550428e+01	6.284365e-11	1.822996e-15
8.552428e+01	6.258553e-11	1.815869e-15
8.554428e+01	6.232897e-11	1.808784e-15
8.556428e+01	6.207240e-11	1.801698e-15
8.558428e+01	6.181823e-11	1.794676e-15
8.560428e+01	6.156429e-11	1.787659e-15
8.562428e+01	6.131143e-11	1.780670e-15
8.564428e+01	6.106008e-11	1.773721e-15
8.566428e+01	6.080874e-11	1.766773e-15
8.568428e+01	6.055975e-11	1.759886e-15
8.570429e+01	6.031098e-11	1.753004e-15
8.572429e+01	6.006326e-11	1.746151e-15
8.574429e+01	5.981703e-11	1.739336e-15
8.576429e+01	5.957081e-11	1.732522e-15
8.578429e+01	5.932689e-11	1.725768e-15
8.580429e+01	5.908318e-11	1.719020e-15
8.582429e+01	5.884051e-11	1.712299e-15
8.584429e+01	5.859929e-11	1.705616e-15
8.586429e+01	5.835808e-11	1.698933e-15
8.588429e+01	5.811913e-11	1.692309e-15
8.590430e+01	5.788038e-11	1.685691e-15
8.592430e+01	5.764265e-11	1.679100e-15
8.594430e+01	5.740635e-11	1.672546e-15
8.596430e+01	5.717004e-11	1.665993e-15
8.598430e+01	5.693596e-11	1.659497e-15
8.600430e+01	5.670207e-11	1.653007e-15
8.602430e+01	5.646918e-11	1.646543e-15
8.604430e+01	5.623769e-11	1.640116e-15
8.606430e+01	5.600619e-11	1.633689e-15
8.608430e+01	5.577688e-11	1.627319e-15
8.610431e+01	5.554775e-11	1.620955e-15
8.612431e+01	5.531960e-11	1.614616e-15
8.614431e+01	5.509282e-11	1.608313e-15
8.616431e+01	5.486604e-11	1.602010e-15
8.618431e+01	5.464139e-11	1.595763e-15
8.620431e+01	5.441693e-11	1.589521e-15
8.622431e+01	5.419343e-11	1.583305e-15
8.624431e+01	5.397127e-11	1.577124e-15
8.626431e+01	5.374910e-11	1.570943e-15
8.628431e+01	5.352903e-11	1.564817e-15
8.630432e+01	5.330914e-11	1.558695e-15
8.632432e+01	5.309019e-11	1.552599e-15
8.634432e+01	5.287255e-11	1.546538e-15
8.636432e+01	5.265490e-11	1.540476e-15
8.638432e+01	5.243931e-11	1.534468e-15
8.640432e+01	5.222389e-11	1.528465e-15
8.642432e+01	5.200940e-11	1.522487e-15
8.644432e+01	5.179619e-11	1.516543e-15
8.646432e+01	5.158298e-11	1.510598e-15
8.648432e+01	5.137178e-11	1.504707e-15
8.650433e+01	5.116075e-11	1.498820e-15
8.652433e+01	5.095063e-11	1.492957e-15
8.654433e+01	5.074176e-11	1.487127e-15
8.656433e+01	5.053289e-11	1.481298e-15
8.658433e+01	5.032598e-11	1.475520e-15
8.660433e+01	5.011925e-11	1.469747e-15
8.662433e+01	4.991340e-11	1.463998e-15
8.664433e+01	4.970879e-11	1.458281e-15
8.666433e+01	4.950417e-11	1.452564e-15
8.668433e+01	4.930148e-11	1.446898e-15
8.670434e+01	4.909895e-11	1.441237e-15
8.672434e+01	4.889730e-11	1.435598e-15
8.674434e+01	4.869685e-11	1.429992e-15
8.676434e+01	4.849639e-11	1.424385e-15
8.678434e+01	4.829783e-11	1.418829e-15
8.680434e+01	4.809943e-11	1.413277e-15
8.682434e+01	4.790188e-11	1.407748e-15
8.684434e+01	4.770551e-11	1.402250e-15
8.686434e+01	4.750914e-11	1.396752e-15
8.688434e+01	4.731462e-11	1.391303e-15
8.690435e+01	4.712025e-11	1.385858e-15
8.692435e+01	4.692673e-11	1.380436e-15
8.694435e+01	4.673435e-11	1.375044e-15
8.696435e+01	4.654198e-11	1.369653e-15
8.698435e+01	4.635142e-11	1.364309e-15
8.700435e+01	4.616102e-11	1.358970e-15
8.702435e+01	4.597143e-11	1.353652e-15
8.704435e+01	4.578297e-11	1.348365e-15
8.706435e+01	4.559452e-11	1.343077e-15
8.708435e+01	4.540783e-11	1.337837e-15
8.710436e+01	4.522131e-11	1.332601e-15
8.712436e+01	4.503558e-11	1.327386e-15
8.714436e+01	4.485096e-11	1.322201e-15
8.716436e+01	4.466634e-11	1.317016e-15
8.718436e+01	4.448346e-11	1.311877e-15
8.720436e+01	4.430073e-11	1.306742e-15
8.722436e+01	4.411878e-11	1.301629e-15
8.724436e+01	4.393792e-11	1.296544e-15
8.726436e+01	4.375706e-11	1.291459e-15
8.728436e+01	4.357790e-11	1.286419e-15
8.730437e+01	4.339889e-11	1.281384e-15
8.732437e+01	4.322065e-11	1.276369e-15
8.734437e+01	4.304347e-11	1.271382e-15
8.736437e+01	4.286629e-11	1.266396e-15
8.738437e+01	4.269079e-11	1.261454e-15
8.740437e+01	4.251542e-11	1.256516e-15
8.742437e+01	4.234081e-11	1.251598e-15
8.744437e+01	4.216724e-11	1.246708e-15
8.746437e+01	4.199366e-11	1.241818e-15
8.748437e+01	4.182173e-11	1.236971e-15
8.750438e+01	4.164993e-11	1.232129e-15
8.752438e+01	4.147888e-11	1.227306e-15
8.754438e+01	4.130884e-11	1.222510e-15
8.756438e+01	4.113880e-11	1.217715e-15
8.758438e+01	4.097036e-11	1.212962e-15
8.760438e+01	4.080206e-11	1.208213e-15
8.762438e+01	4.063449e-11	1.203484e-15
8.764438e+01	4.046791e-11	1.198781e-15
8.766438e+01	4.030134e-11	1.194078e-15
8.768438e+01	4.013633e-11	1.189418e-15
8.770439e+01	3.997146e-11	1.184761e-15
8.772439e+01	3.980730e-11	1.180123e-15
8.774439e+01	3.964411e-11	1.175511e-15
8.776439e+01	3.948093e-11	1.170899e-15
8.778439e+01	3.931928e-11	1.166329e-15
8.780439e+01	3.915776e-11	1.161762e-15
8.782439e+01	3.899695e-11	1.157214e-15
8.784439e+01	3.883708e-11	1.152691e-15
8.786439e+01	3.867722e-11	1.148169e-15
8.788439e+01	3.851886e-11	1.143687e-15
8.790440e+01	3.836063e-11	1.139208e-15
8.792440e+01	3.820309e-11	1.134748e-15
8.794440e+01	3.804648e-11	1.130313e-15
8.796440e+01	3.788987e-11	1.125878e-15
8.798440e+01	3.773474e-11	1.121483e-15
8.800440e+01	3.757973e-11	1.117091e-15
8.802440e+01	3.742540e-11	1.112717e-15
8.804440e+01	3.727198e-11	1.108367e-15
8.806440e+01	3.711856e-11	1.104018e-15
8.808440e+01	3.696658e-11	1.099708e-15
8.810441e+01	3.681473e-11	1.095401e-15
8.812441e+01	3.666354e-11	1.091112e-15
8.814441e+01	3.651324e-11	1.086847e-15
8.816441e+01	3.636294e-11	1.082582e-15
8.818441e+01	3.621406e-11	1.078355e-15
8.820441e+01	3.606530e-11	1.074131e-15
8.822441e+01	3.591719e-11	1.069925e-15
8.824441e+01	3.576995e-11	1.065743e-15
8.826441e+01	3.562271e-11	1.061560e-15
8.828441e+01	3.547687e-11	1.057415e-15
8.830442e+01	3.533113e-11	1.053273e-15
8.832442e+01	3.518603e-11	1.049149e-15
8.834442e+01	3.504179e-11	1.045047e-15
8.836442e+01	3.489755e-11	1.040946e-15
8.838442e+01	3.475468e-11	1.036881e-15
8.840442e+01	3.461191e-11	1.032819e-15
8.842442e+01	3.446977e-11	1.028774e-15
8.844442e+01	3.432846e-11	1.024752e-15
8.846442e+01	3.418716e-11	1.020730e-15
8.848442e+01	3.404719e-11	1.016744e-15
8.850443e+01	3.390733e-11	1.012761e-15
8.852443e+01	3.376808e-11	1.008794e-15
8.854443e+01	3.362965e-11	1.004850e-15
8.856443e+01	3.349122e-11	1.000906e-15
8.858443e+01	3.335410e-11	9.969968e-16
8.860443e+01	3.321709e-11	9.930909e-16
8.862443e+01	3.308068e-11	9.892011e-16
8.864443e+01	3.294507e-11	9.853331e-16
8.866443e+01	3.280946e-11	9.814652e-16
8.868443e+01	3.267513e-11	9.776320e-16
8.870444e+01	3.254091e-11	9.738017e-16
8.872444e+01	3.240727e-11	9.699872e-16
8.874444e+01	3.227442e-11	9.661941e-16
8.876444e+01	3.214157e-11	9.624010e-16
8.878444e+01	3.200998e-11	9.586421e-16
8.880444e+01	3.187849e-11	9.548859e-16
8.882444e+01	3.174757e-11	9.511453e-16
8.884444e+01	3.161743e-11	9.474257e-16
8.886444e+01	3.148728e-11	9.437061e-16
8.888444e+01	3.135837e-11	9.400199e-16
8.890445e+01	3.122956e-11	9.363365e-16
8.892445e+01	3.110131e-11	9.326683e-16
8.894445e+01	3.097381e-11	9.290207e-16
8.896445e+01	3.084632e-11	9.253731e-16
8.898445e+01	3.072003e-11	9.217583e-16
8.900445e+01	3.059384e-11	9.181462e-16
8.902445e+01	3.046820e-11	9.145490e-16
8.904445e+01	3.034330e-11	9.109721e-16
8.906445e+01	3.021840e-11	9.073951e-16
8.908445e+01	3.009468e-11	9.038504e-16
8.910446e+01	2.997106e-11	9.003082e-16
8.912446e+01	2.984798e-11	8.967807e-16
8.914446e+01	2.972562e-11	8.932730e-16
8.916446e+01	2.960326e-11	8.897653e-16
8.918446e+01	2.948206e-11	8.862892e-16
8.920446e+01	2.936096e-11	8.828157e-16
8.922446e+01	2.924038e-11	8.793565e-16
8.924446e+01	2.912052e-11	8.759167e-16
8.926446e+01	2.900065e-11	8.724770e-16
8.928446e+01	2.888192e-11	8.690682e-16
8.930447e+01	2.876328e-11	8.656619e-16
8.932447e+01	2.864516e-11	8.622698e-16
8.934447e+01	2.852773e-11	8.588966e-16
8.936447e+01	2.841031e-11	8.555235e-16
8.938447e+01	2.829399e-11	8.521808e-16
8.940447e+01	2.817777e-11	8.488404e-16
8.942447e+01	2.806205e-11	8.455140e-16
8.944447e+01	2.794702e-11	8.422062e-16
8.946447e+01	2.783198e-11	8.388984e-16
8.948447e+01	2.771804e-11	8.356204e-16
8.950448e+01	2.760418e-11	8.323448e-16
8.952448e+01	2.749082e-11	8.290828e-16
8.954448e+01	2.737812e-11	8.258391e-16
8.956448e+01	2.726543e-11	8.225954e-16
8.958448e+01	2.715380e-11	8.193809e-16
8.960448e+01	2.704226e-11	8.161688e-16
8.962448e+01	2.693121e-11	8.129700e-16
8.964448e+01	2.682081e-11	8.097891e-16
8.966448e+01	2.671041e-11	8.066082e-16
8.968448e+01	2.660106e-11	8.034560e-16
8.970449e+01	2.649179e-11	8.003061e-16
8.972449e+01	2.638300e-11	7.971693e-16
8.974449e+01	2.627484e-11	7.940500e-16
8.976449e+01	2.616669e-11	7.909308e-16
8.978449e+01	2.605957e-11	7.878397e-16
8.980449e+01	2.595252e-11	7.847508e-16
8.982449e+01	2.584594e-11	7.816747e-16
8.984449e+01	2.573999e-11	7.786159e-16
8.986449e+01	2.563404e-11	7.755571e-16
8.988449e+01	2.552910e-11	7.725259e-16
8.990450e+01	2.542423e-11	7.694968e-16
8.992450e+01	2.531982e-11	7.664804e-16
8.994450e+01	2.521603e-11	7.634809e-16
8.996450e+01	2.511224e-11	7.604813e-16
8.998450e+01	2.500943e-11	7.575089e-16
9.000450e+01	2.490670e-11	7.545385e-16
9.002450e+01	2.480441e-11	7.515805e-16
9.004450e+01	2.470273e-11	7.486391e-16
9.006450e+01	2.460105e-11	7.456977e-16
9.008450e+01	2.450034e-11	7.427828e-16
9.010451e+01	2.439970e-11	7.398701e-16
9.012451e+01	2.429950e-11	7.369694e-16
9.014451e+01	2.419989e-11	7.340850e-16
9.016451e+01	2.410028e-11	7.312006e-16
9.018451e+01	2.400161e-11	7.283422e-16
9.020451e+01	2.390302e-11	7.254859e-16
9.022451e+01	2.380486e-11	7.226415e-16
9.024451e+01	2.370728e-11	7.198129e-16
9.026451e+01	2.360969e-11	7.169844e-16
9.028451e+01	2.351304e-11	7.141815e-16
9.030452e+01	2.341645e-11	7.113805e-16
9.032452e+01	2.332029e-11	7.085912e-16
9.034452e+01	2.322470e-11	7.058175e-16
9.036452e+01	2.312910e-11	7.030438e-16
9.038452e+01	2.303441e-11	7.002952e-16
9.040452e+01	2.293979e-11	6.975485e-16
9.042452e+01	2.284559e-11	6.948133e-16
9.044452e+01	2.275194e-11	6.920934e-16
9.046452e+01	2.265829e-11	6.893734e-16
9.048452e+01	2.256553e-11	6.866781e-16
9.050453e+01	2.247284e-11	6.839847e-16
9.052453e+01	2.238055e-11	6.813025e-16
9.054453e+01	2.228881e-11	6.786353e-16
9.056453e+01	2.219706e-11	6.759681e-16
9.058453e+01	2.210619e-11	6.733250e-16
9.060453e+01	2.201539e-11	6.706838e-16
9.062453e+01	2.192498e-11	6.680536e-16
9.064453e+01	2.183510e-11	6.654381e-16
9.066453e+01	2.174523e-11	6.628226e-16
9.068453e+01	2.165621e-11	6.602308e-16
9.070454e+01	2.156725e-11	6.576407e-16
9.072454e+01	2.147868e-11	6.550616e-16
9.074454e+01	2.139064e-11	6.524968e-16
9.076454e+01	2.130259e-11	6.499320e-16
9.078454e+01	2.121538e-11	6.473904e-16
9.080454e+01	2.112823e-11	6.448506e-16
9.082454e+01	2.104147e-11	6.423214e-16
9.084454e+01	2.095522e-11	6.398063e-16
9.086454e+01	2.086896e-11	6.372913e-16
9.088454e+01	2.078353e-11	6.347990e-16
9.090455e+01	2.069816e-11	6.323084e-16
9.092455e+01	2.061316e-11	6.298283e-16
9.094455e+01	2.052866e-11	6.273620e-16
9.096455e+01	2.044416e-11	6.248957e-16
9.098455e+01	2.036047e-11	6.224517e-16
9.100455e+01	2.027683e-11	6.200095e-16
9.102455e+01	2.019357e-11	6.175774e-16
9.104455e+01	2.011079e-11	6.151590e-16
9.106455e+01	2.002801e-11	6.127405e-16
9.108455e+01	1.994602e-11	6.103439e-16
9.110456e+01	1.986409e-11	6.079490e-16
9.112456e+01	1.978252e-11	6.055642e-16
9.114456e+01	1.970142e-11	6.031926e-16
9.116456e+01	1.962033e-11	6.008210e-16
9.118456e+01	1.954001e-11	5.984709e-16
9.120456e+01	1.945975e-11	5.961225e-16
9.122456e+01	1.937984e-11	5.937839e-16
9.124456e+01	1.930039e-11	5.914583e-16
9.126456e+01	1.922095e-11	5.891327e-16
9.128456e+01	1.914227e-11	5.868282e-16
9.130457e+01	1.906364e-11	5.845253e-16
9.132457e+01	1.898535e-11	5.822320e-16
9.134457e+01	1.890753e-11	5.799516e-16
9.136457e+01	1.882970e-11	5.776711e-16
9.138457e+01	1.875262e-11	5.754113e-16
9.140457e+01	1.867559e-11	5.731530e-16
9.142457e+01	1.859890e-11	5.709043e-16
9.144457e+01	1.852266e-11	5.686680e-16
9.146457e+01	1.844642e-11	5.664318e-16
9.148457e+01	1.837090e-11	5.642159e-16
9.150458e+01	1.829544e-11	5.620014e-16
9.152458e+01	1.822031e-11	5.597963e-16
9.154458e+01	1.814562e-11	5.576034e-16
9.156458e+01	1.807093e-11	5.554105e-16
9.158458e+01	1.799696e-11	5.532376e-16
9.160458e+01	1.792303e-11	5.510661e-16
9.162458e+01	1.784943e-11	5.489037e-16
9.164458e+01	1.777626e-11	5.467534e-16
9.166458e+01	1.770310e-11	5.446031e-16
9.168458e+01	1.763062e-11	5.424723e-16
9.170459e+01	1.755820e-11	5.403429e-16
9.172459e+01	1.748610e-11	5.382225e-16
9.174459e+01	1.741442e-11	5.361139e-16
9.176459e+01	1.734274e-11	5.340053e-16
9.178459e+01	1.727175e-11	5.319158e-16
9.180459e+01	1.720080e-11	5.298278e-16
9.182459e+01	1.713017e-11	5.277485e-16
9.184459e+01	1.705995e-11	5.256808e-16
9.186459e+01	1.698973e-11	5.236131e-16
9.188459e+01	1.692018e-11	5.215642e-16
9.190460e+01	1.685068e-11	5.195167e-16
9.192460e+01	1.678148e-11	5.174778e-16
9.194460e+01	1.671269e-11	5.154502e-16
9.196460e+01	1.664390e-11	5.134226e-16
9.198460e+01	1.657577e-11	5.114135e-16
9.200460e+01	1.650768e-11	5.094056e-16
9.202460e+01	1.643990e-11	5.074063e-16
9.204460e+01	1.637250e-11	5.054181e-16
9.206460e+01	1.630511e-11	5.034298e-16
9.208460e+01	1.623837e-11	5.014597e-16
9.210461e+01	1.617167e-11	4.994908e-16
9.212461e+01	1.610526e-11	4.975303e-16
9.214461e+01	1.603924e-11	4.955806e-16
9.216461e+01	1.597322e-11	4.936310e-16
9.218461e+01	1.590783e-11	4.916990e-16
9.220461e+01	1.584249e-11	4.897684e-16
9.222461e+01	1.577744e-11	4.878459e-16
9.224461e+01	1.571276e-11	4.859341e-16
9.226461e+01	1.564809e-11	4.840223e-16
9.228461e+01	1.558403e-11	4.821278e-16
9.230462e+01	1.552002e-11	4.802347e-16
9.232462e+01	1.545629e-11	4.783495e-16
9.234462e+01	1.539293e-11	4.764748e-16
9.236462e+01	1.532957e-11	4.746001e-16
9.238462e+01	1.526682e-11	4.727424e-16
9.240462e+01	1.520411e-11	4.708860e-16
9.242462e+01	1.514168e-11	4.690374e-16
9.244462e+01	1.507961e-11	4.671991e-16
9.246462e+01	1.501754e-11	4.653607e-16
9.248462e+01	1.495606e-11	4.635392e-16
9.250463e+01	1.489463e-11	4.617188e-16
9.252463e+01	1.483347e-11	4.599061e-16
9.254463e+01	1.477266e-11	4.581034e-16
9.256463e+01	1.471186e-11	4.563008e-16
9.258463e+01	1.465164e-11	4.545145e-16
9.260463e+01	1.459145e-11	4.527295e-16
9.262463e+01	1.453154e-11	4.509520e-16
9.264463e+01	1.447197e-11	4.491843e-16
9.266463e+01	1.441240e-11	4.474167e-16
9.268463e+01	1.435340e-11	4.456651e-16
9.270464e+01	1.429445e-11	4.439147e-16
9.272464e+01	1.423575e-11	4.421717e-16
9.274464e+01	1.417739e-11	4.404384e-16
9.276464e+01	1.411904e-11	4.387050e-16
9.278464e+01	1.406124e-11	4.369875e-16
9.280464e+01	1.400349e-11	4.352711e-16
9.282464e+01	1.394598e-11	4.335619e-16
9.284464e+01	1.388882e-11	4.318622e-16
9.286464e+01	1.383165e-11	4.301625e-16
9.288464e+01	1.377503e-11	4.284783e-16
9.290465e+01	1.371845e-11	4.267952e-16
9.292465e+01	1.366212e-11	4.251193e-16
9.294465e+01	1.360611e-11	4.234526e-16
9.296465e+01	1.355011e-11	4.217859e-16
9.298465e+01	1.349464e-11	4.201344e-16
9.300465e+01	1.343921e-11	4.184840e-16
9.302465e+01	1.338403e-11	4.168406e-16
9.304465e+01	1.332917e-11	4.152062e-16
9.306465e+01	1.327430e-11	4.135719e-16
9.308465e+01	1.321996e-11	4.119525e-16
9.310466e+01	1.316566e-11	4.103341e-16
9.312466e+01	1.311160e-11	4.087226e-16
9.314466e+01	1.305786e-11	4.071200e-16
9.316466e+01	1.300411e-11	4.055174e-16
9.318466e+01	1.295088e-11	4.039295e-16
9.320466e+01	1.289768e-11	4.023425e-16
9.322466e+01	1.284472e-11	4.007623e-16
9.324466e+01	1.279207e-11	3.991908e-16
9.326466e+01	1.273942e-11	3.976193e-16
9.328466e+01	1.268727e-11	3.960622e-16
9.330467e+01	1.263515e-11	3.945061e-16
9.332467e+01	1.258327e-11	3.929566e-16
9.334467e+01	1.253169e-11	3.914156e-16
9.336467e+01	1.248011e-11	3.898747e-16
9.338467e+01	1.242902e-11	3.883478e-16
9.340467e+01	1.237797e-11	3.868219e-16
9.342467e+01	1.232715e-11	3.853025e-16
9.344467e+01	1.227662e-11	3.837914e-16
9.346467e+01	1.222608e-11	3.822804e-16
9.348467e+01	1.217604e-11	3.807832e-16
9.350468e+01	1.212602e-11	3.792869e-16
9.352468e+01	1.207623e-11	3.777970e-16
9.354468e+01	1.202673e-11	3.763153e-16
9.356468e+01	1.197723e-11	3.748336e-16
9.358468e+01	1.192820e-11	3.733655e-16
9.360468e+01	1.187921e-11	3.718983e-16
9.362468e+01	1.183043e-11	3.704373e-16
9.364468e+01	1.178193e-11	3.689844e-16
9.366468e+01	1.173344e-11	3.675315e-16
9.368468e+01	1.168541e-11	3.660919e-16
9.370469e+01	1.163741e-11	3.646532e-16
9.372469e+01	1.158963e-11	3.632206e-16
9.374469e+01	1.154212e-11	3.617960e-16
9.376469e+01	1.149461e-11	3.603713e-16
9.378469e+01	1.144756e-11	3.589596e-16
9.380469e+01	1.140054e-11	3.575489e-16
9.382469e+01	1.135373e-11	3.561441e-16
9.384469e+01	1.130719e-11	3.547471e-16
9.386469e+01	1.126065e-11	3.533501e-16
9.388469e+01	1.121455e-11	3.519659e-16
9.390470e+01	1.116849e-11	3.505825e-16
9.392470e+01	1.112263e-11	3.492051e-16
9.394470e+01	1.107704e-11	3.478352e-16
9.396470e+01	1.103145e-11	3.464654e-16
9.398470e+01	1.098629e-11	3.451081e-16
9.400470e+01	1.094116e-11	3.437516e-16
9.402470e+01	1.089624e-11	3.424009e-16
9.404470e+01	1.085157e-11	3.410576e-16
9.406470e+01	1.080691e-11	3.397144e-16
9.408470e+01	1.076267e-11	3.383834e-16
9.410471e+01	1.071846e-11	3.370533e-16
9.412471e+01	1.067445e-11	3.357289e-16
9.414471e+01	1.063070e-11	3.344117e-16
9.416471e+01	1.058694e-11	3.330946e-16
9.418471e+01	1.054361e-11	3.317895e-16
9.420471e+01	1.050030e-11	3.304852e-16
9.422471e+01	1.045718e-11	3.291865e-16
9.424471e+01	1.041432e-11	3.278950e-16
9.426471e+01	1.037145e-11	3.266034e-16
9.428471e+01	1.032900e-11	3.253237e-16
9.430472e+01	1.028657e-11	3.240448e-16
9.432472e+01	1.024434e-11	3.227713e-16
9.434472e+01	1.020235e-11	3.215048e-16
9.436472e+01	1.016035e-11	3.202384e-16
9.438472e+01	1.011876e-11	3.189835e-16
9.440472e+01	1.007720e-11	3.177295e-16
9.442472e+01	1.003582e-11	3.164807e-16
9.444472e+01	9.994686e-12	3.152389e-16
9.446472e+01	9.953548e-12	3.139971e-16
9.448472e+01	9.912805e-12	3.127666e-16
9.450473e+01	9.872088e-12	3.115369e-16
9.452473e+01	9.831554e-12	3.103125e-16
9.454473e+01	9.791253e-12	3.090947e-16
9.456473e+01	9.750953e-12	3.078770e-16
9.458473e+01	9.711040e-12	3.066705e-16
9.460473e+01	9.671151e-12	3.054647e-16
9.462473e+01	9.631442e-12	3.042640e-16
9.464473e+01	9.591962e-12	3.030700e-16
9.466473e+01	9.552482e-12	3.018760e-16
9.468473e+01	9.513381e-12	3.006929e-16
9.470474e+01	9.474305e-12	2.995105e-16
9.472474e+01	9.435404e-12	2.983332e-16
9.474474e+01	9.396728e-12	2.971624e-16
9.476474e+01	9.358051e-12	2.959915e-16
9.478474e+01	9.319746e-12	2.948315e-16
9.480474e+01	9.281466e-12	2.936721e-16
9.482474e+01	9.243357e-12	2.925177e-16
9.484474e+01	9.205468e-12	2.913696e-16
9.486474e+01	9.167578e-12	2.902215e-16
9.488474e+01	9.130053e-12	2.890840e-16
9.490475e+01	9.092552e-12	2.879471e-16
9.492475e+01	9.055219e-12	2.868152e-16
9.494475e+01	9.018101e-12	2.856894e-16
9.496475e+01	8.980982e-12	2.845636e-16
9.498475e+01	8.944221e-12	2.834482e-16
9.500475e+01	8.907483e-12	2.823335e-16
9.502475e+01	8.870910e-12	2.812235e-16
9.504475e+01	8.834548e-12	2.801196e-16
9.506475e+01	8.798185e-12	2.790158e-16
9.508475e+01	8.762172e-12	2.779221e-16
9.510476e+01	8.726182e-12	2.768290e-16
9.512476e+01	8.690354e-12	2.757406e-16
9.514476e+01	8.654731e-12	2.746582e-16
9.516476e+01	8.619109e-12	2.735758e-16
9.518476e+01	8.583829e-12	2.725033e-16
9.520476e+01	8.548571e-12	2.714315e-16
9.522476e+01	8.513472e-12	2.703643e-16
9.524476e+01	8.478575e-12	2.693029e-16
9.526476e+01	8.443678e-12	2.682415e-16
9.528476e+01	8.409116e-12	2.671899e-16
9.530477e+01	8.374576e-12	2.661390e-16
9.532477e+01	8.340191e-12	2.650925e-16
9.534477e+01	8.306004e-12	2.640518e-16
9.536477e+01	8.271817e-12	2.630110e-16
9.538477e+01	8.237960e-12	2.619799e-16
9.540477e+01	8.204122e-12	2.609493e-16
9.542477e+01	8.170438e-12	2.599232e-16
9.544477e+01	8.136947e-12	2.589027e-16
9.546477e+01	8.103456e-12	2.578823e-16
9.548477e+01	8.070287e-12	2.568712e-16
9.550478e+01	8.037139e-12	2.558606e-16
9.552478e+01	8.004140e-12	2.548545e-16
9.554478e+01	7.971330e-12	2.538538e-16
9.556478e+01	7.938521e-12	2.528532e-16
9.558478e+01	7.906028e-12	2.518618e-16
9.560478e+01	7.873554e-12	2.508709e-16
9.562478e+01	7.841227e-12	2.498843e-16
9.564478e+01	7.809085e-12	2.489031e-16
9.566478e+01	7.776944e-12	2.479220e-16
9.568478e+01	7.745112e-12	2.469498e-16
9.570479e+01	7.713299e-12	2.459782e-16
9.572479e+01	7.681630e-12	2.450108e-16
9.574479e+01	7.650143e-12	2.440487e-16
9.576479e+01	7.618655e-12	2.430866e-16
9.578479e+01	7.587471e-12	2.421334e-16
9.580479e+01	7.556306e-12	2.411807e-16
9.582479e+01	7.525282e-12	2.402321e-16
9.584479e+01	7.494435e-12	2.392887e-16
9.586479e+01	7.463589e-12	2.383453e-16
9.588479e+01	7.433040e-12	2.374107e-16
9.590480e+01	7.402509e-12	2.364765e-16
9.592480e+01	7.372116e-12	2.355464e-16
9.594480e+01	7.341898e-12	2.346213e-16
9.596480e+01	7.311679e-12	2.336963e-16
9.598480e+01	7.281752e-12	2.327798e-16
9.600480e+01	7.251842e-12	2.318638e-16
9.602480e+01	7.222069e-12	2.309518e-16
9.604480e+01	7.192465e-12	2.300447e-16
9.606480e+01	7.162861e-12	2.291377e-16
9.608480e+01	7.133544e-12	2.282390e-16
9.610481e+01	7.104243e-12	2.273408e-16
9.612481e+01	7.075075e-12	2.264465e-16
9.614481e+01	7.046074e-12	2.255571e-16
9.616481e+01	7.017073e-12	2.246678e-16
9.618481e+01	6.988352e-12	2.237866e-16
9.620481e+01	6.959648e-12	2.229059e-16
9.622481e+01	6.931074e-12	2.220290e-16
9.624481e+01	6.902663e-12	2.211569e-16
9.626481e+01	6.874252e-12	2.202848e-16
9.628481e+01	6.846116e-12	2.194207e-16
9.630482e+01	6.817996e-12	2.185572e-16
9.632482e+01	6.790003e-12	2.176974e-16
9.634482e+01	6.762171e-12	2.168422e-16
9.636482e+01	6.734339e-12	2.159871e-16
9.638482e+01	6.706775e-12	2.151399e-16
9.640482e+01	6.679227e-12	2.142931e-16
9.642482e+01	6.651805e-12	2.134500e-16
9.644482e+01	6.624539e-12	2.126115e-16
9.646482e+01	6.597273e-12	2.117730e-16
9.648482e+01	6.570270e-12	2.109423e-16
9.650483e+01	6.543283e-12	2.101120e-16
9.652483e+01	6.516419e-12	2.092853e-16
9.654483e+01	6.489708e-12	2.084631e-16
9.656483e+01	6.462997e-12	2.076410e-16
9.658483e+01	6.436544e-12	2.068264e-16
9.660483e+01	6.410107e-12	2.060123e-16
9.662483e+01	6.383789e-12	2.052017e-16
9.664483e+01	6.357622e-12	2.043955e-16
9.666483e+01	6.331455e-12	2.035893e-16
9.668483e+01	6.305540e-12	2.027906e-16
9.670484e+01	6.279641e-12	2.019923e-16
9.672484e+01	6.253859e-12	2.011975e-16
9.674484e+01	6.228225e-12	2.004070e-16
9.676484e+01	6.202590e-12	1.996165e-16
9.678484e+01	6.177203e-12	1.988333e-16
9.680484e+01	6.151831e-12	1.980506e-16
9.682484e+01	6.126574e-12	1.972712e-16
9.684484e+01	6.101461e-12	1.964961e-16
9.686484e+01	6.076348e-12	1.957210e-16
9.688484e+01	6.051478e-12	1.949531e-16
9.690485e+01	6.026622e-12	1.941856e-16
9.692485e+01	6.001879e-12	1.934214e-16
9.694485e+01	5.977278e-12	1.926614e-16
9.696485e+01	5.952676e-12	1.919014e-16
9.698485e+01	5.928312e-12	1.911484e-16
9.700485e+01	5.903962e-12	1.903958e-16
9.702485e+01	5.879723e-12	1.896465e-16
9.704485e+01	5.855622e-12	1.889013e-16
9.706485e+01	5.831521e-12	1.881561e-16
9.708485e+01	5.807653e-12	1.874177e-16
9.710486e+01	5.783799e-12	1.866798e-16
9.712486e+01	5.760053e-12	1.859451e-16
9.714486e+01	5.736443e-12	1.852144e-16
9.716486e+01	5.712832e-12	1.844836e-16
9.718486e+01	5.689450e-12	1.837597e-16
9.720486e+01	5.666082e-12	1.830361e-16
9.722486e+01	5.642819e-12	1.823157e-16
9.724486e+01	5.619689e-12	1.815992e-16
9.726486e+01	5.596560e-12	1.808827e-16
9.728486e+01	5.573654e-12	1.801729e-16
9.730487e+01	5.550760e-12	1.794634e-16
9.732487e+01	5.527972e-12	1.787570e-16
9.734487e+01	5.505313e-12	1.780545e-16
9.736487e+01	5.482653e-12	1.773519e-16
9.738487e+01	5.460214e-12	1.766559e-16
9.740487e+01	5.437786e-12	1.759602e-16
9.742487e+01	5.415462e-12	1.752676e-16
9.744487e+01	5.393264e-12	1.745787e-16
9.746487e+01	5.371066e-12	1.738898e-16
9.748487e+01	5.349083e-12	1.732073e-16
9.750488e+01	5.327112e-12	1.725252e-16
9.752488e+01	5.305242e-12	1.718461e-16
9.754488e+01	5.283496e-12	1.711706e-16
9.756488e+01	5.261750e-12	1.704952e-16
9.758488e+01	5.240214e-12	1.698260e-16
9.760488e+01	5.218691e-12	1.691571e-16
9.762488e+01	5.197265e-12	1.684912e-16
9.764488e+01	5.175962e-12	1.678289e-16
9.766488e+01	5.154659e-12	1.671666e-16
9.768488e+01	5.133562e-12	1.665104e-16
9.770489e+01	5.112476e-12	1.658546e-16
9.772489e+01	5.091487e-12	1.652017e-16
9.774489e+01	5.070617e-12	1.645523e-16
9.776489e+01	5.049747e-12	1.639028e-16
9.778489e+01	5.029080e-12	1.632595e-16
9.780489e+01	5.008423e-12	1.626164e-16
9.782489e+01	4.987862e-12	1.619762e-16
9.784489e+01	4.967417e-12	1.613394e-16
9.786489e+01	4.946971e-12	1.607026e-16
9.788489e+01	4.926725e-12	1.600718e-16
9.790490e+01	4.906489e-12	1.594413e-16
9.792490e+01	4.886345e-12	1.588135e-16
9.794490e+01	4.866317e-12	1.581891e-16
9.796490e+01	4.846288e-12	1.575648e-16
9.798490e+01	4.826453e-12	1.569462e-16
9.800490e+01	4.806629e-12	1.563280e-16
9.802490e+01	4.786896e-12	1.557124e-16
9.804490e+01	4.767274e-12	1.551002e-16
9.806490e+01	4.747653e-12	1.544880e-16
9.808490e+01	4.728222e-12	1.538815e-16
9.810491e+01	4.708802e-12	1.532753e-16
9.812491e+01	4.689470e-12	1.526717e-16
9.814491e+01	4.670248e-12	1.520715e-16
9.816491e+01	4.651026e-12	1.514712e-16
9.818491e+01	4.631991e-12	1.508765e-16
9.820491e+01	4.612966e-12	1.502821e-16
9.822491e+01	4.594028e-12	1.496903e-16
9.824491e+01	4.575197e-12	1.491017e-16
9.826491e+01	4.556366e-12	1.485131e-16
9.828491e+01	4.537718e-12	1.479300e-16
9.830492e+01	4.519080e-12	1.473472e-16
9.832492e+01	4.500528e-12	1.467669e-16
9.834492e+01	4.482080e-12	1.461898e-16
9.836492e+01	4.463633e-12	1.456127e-16
9.838492e+01	4.445365e-12	1.450409e-16
9.840492e+01	4.427106e-12	1.444694e-16
9.842492e+01	4.408931e-12	1.439005e-16
9.844492e+01	4.390859e-12	1.433346e-16
9.846492e+01	4.372787e-12	1.427687e-16
9.848492e+01	4.354891e-12	1.422081e-16
9.850493e+01	4.337004e-12	1.416477e-16
9.852493e+01	4.319199e-12	1.410899e-16
9.854493e+01	4.301495e-12	1.405350e-16
9.856493e+01	4.283791e-12	1.399802e-16
9.858493e+01	4.266258e-12	1.394305e-16
9.860493e+01	4.248735e-12	1.388810e-16
9.862493e+01	4.231293e-12	1.383340e-16
9.864493e+01	4.213949e-12	1.377900e-16
9.866493e+01	4.196605e-12	1.372459e-16
9.868493e+01	4.179430e-12	1.367069e-16
9.870494e+01	4.162264e-12	1.361682e-16
9.872494e+01	4.145176e-12	1.356319e-16
9.874494e+01	4.128186e-12	1.350984e-16
9.876494e+01	4.111195e-12	1.345650e-16
9.878494e+01	4.094369e-12	1.340365e-16
9.880494e+01	4.077552e-12	1.335083e-16
9.882494e+01	4.060813e-12	1.329824e-16
9.884494e+01	4.044168e-12	1.324593e-16
9.886494e+01	4.027523e-12	1.319363e-16
9.888494e+01	4.011040e-12	1.314181e-16
9.890495e+01	3.994565e-12	1.309002e-16
9.892495e+01	3.978166e-12	1.303845e-16
9.894495e+01	3.961860e-12	1.298717e-16
9.896495e+01	3.945554e-12	1.293588e-16
9.898495e+01	3.929406e-12	1.288507e-16
9.900495e+01	3.913267e-12	1.283429e-16
9.902495e+01	3.897202e-12	1.278373e-16
9.904495e+01	3.881227e-12	1.273344e-16
9.906495e+01	3.865253e-12	1.268315e-16
9.908495e+01	3.849434e-12	1.263333e-16
9.910496e+01	3.833623e-12	1.258354e-16
9.912496e+01	3.817885e-12	1.253397e-16
9.914496e+01	3.802236e-12	1.248466e-16
9.916496e+01	3.786587e-12	1.243535e-16
9.918496e+01	3.771090e-12	1.238650e-16
9.920496e+01	3.755601e-12	1.233768e-16
9.922496e+01	3.740183e-12	1.228907e-16
9.924496e+01	3.724853e-12	1.224073e-16
9.926496e+01	3.709522e-12	1.219238e-16
9.928496e+01	3.694340e-12	1.214448e-16
9.930497e+01	3.679167e-12	1.209661e-16
9.932497e+01	3.664063e-12	1.204895e-16
9.934497e+01	3.649044e-12	1.200155e-16
9.936497e+01	3.634026e-12	1.195414e-16
9.938497e+01	3.619153e-12	1.190718e-16
9.940497e+01	3.604288e-12	1.186024e-16
9.942497e+01	3.589492e-12	1.181351e-16
9.944497e+01	3.574779e-12	1.176703e-16
9.946497e+01	3.560066e-12	1.172055e-16
9.948497e+01	3.545496e-12	1.167450e-16
9.950498e+01	3.530934e-12	1.162848e-16
9.952498e+01	3.516438e-12	1.158266e-16
9.954498e+01	3.502025e-12	1.153709e-16
9.956498e+01	3.487611e-12	1.149151e-16
9.958498e+01	3.473338e-12	1.144636e-16
9.960498e+01	3.459072e-12	1.140124e-16
9.962498e+01	3.444872e-12	1.135631e-16
9.964498e+01	3.430752e-12	1.131162e-16
9.966498e+01	3.416632e-12	1.126694e-16
9.968498e+01	3.402649e-12	1.122267e-16
9.970499e+01	3.388673e-12	1.117842e-16
9.972499e+01	3.374762e-12	1.113437e-16
9.974499e+01	3.360930e-12	1.109055e-16
9.976499e+01	3.347097e-12	1.104674e-16
9.978499e+01	3.333399e-12	1.100333e-16
9.980499e+01	3.319708e-12	1.095995e-16
9.982499e+01	3.306080e-12	1.091676e-16
9.984499e+01	3.292529e-12	1.087380e-16
9.986499e+01	3.278977e-12	1.083084e-16
9.988499e+01	3.265558e-12	1.078828e-16
9.990500e+01	3.252146e-12	1.074574e-16
9.992500e+01	3.238795e-12	1.070339e-16
9.994500e+01	3.225520e-12	1.066126e-16
9.996500e+01	3.212244e-12	1.061914e-16
9.998500e+01	3.199098e-12	1.057741e-16
1.000050e+02	3.185959e-12	1.053570e-16
1.000250e+02	3.172880e-12	1.049418e-16
1.000450e+02	3.159875e-12	1.045288e-16
1.000650e+02	3.146869e-12	1.041157e-16
1.000850e+02	3.133991e-12	1.037066e-16
1.001050e+02	3.121119e-12	1.032976e-16
1.001250e+02	3.108306e-12	1.028905e-16
1.001450e+02	3.095566e-12	1.024855e-16
1.001650e+02	3.082825e-12	1.020805e-16
1.001850e+02	3.070209e-12	1.016794e-16
1.002050e+02	3.057599e-12	1.012784e-16
1.002250e+02	3.045047e-12	1.008792e-16
1.002450e+02	3.032566e-12	1.004821e-16
1.002650e+02	3.020084e-12	1.000850e-16
1.002850e+02	3.007725e-12	9.969168e-17
1.003050e+02	2.995371e-12	9.929851e-17
1.003250e+02	2.983075e-12	9.890708e-17
1.003450e+02	2.970848e-12	9.851776e-17
1.003650e+02	2.958621e-12	9.812844e-17
1.003850e+02	2.946513e-12	9.774275e-17
1.004050e+02	2.934411e-12	9.735725e-17
1.004250e+02	2.922365e-12	9.697345e-17
1.004450e+02	2.910386e-12	9.659173e-17
1.004650e+02	2.898408e-12	9.621000e-17
1.004850e+02	2.886547e-12	9.583183e-17
1.005050e+02	2.874691e-12	9.545385e-17
1.005250e+02	2.862890e-12	9.507754e-17
1.005450e+02	2.851155e-12	9.470325e-17
1.005650e+02	2.839421e-12	9.432897e-17
1.005850e+02	2.827801e-12	9.395818e-17
1.006050e+02	2.816186e-12	9.358757e-17
1.006250e+02	2.804626e-12	9.321860e-17
1.006450e+02	2.793130e-12	9.285161e-17
1.006650e+02	2.781634e-12	9.248463e-17
1.006850e+02	2.770251e-12	9.212108e-17
1.007050e+02	2.758873e-12	9.175769e-17
1.007250e+02	2.747548e-12	9.139592e-17
1.007450e+02	2.736286e-12	9.103609e-17
1.007650e+02	2.725024e-12	9.067626e-17
1.007850e+02	2.713872e-12	9.031980e-17
1.008050e+02	2.702726e-12	8.996350e-17
1.008250e+02	2.691631e-12	8.960879e-17
1.008450e+02	2.680598e-12	8.925598e-17
1.008650e+02	2.669566e-12	8.890317e-17
1.008850e+02	2.658641e-12	8.855366e-17
1.009050e+02	2.647721e-12	8.820431e-17
1.009250e+02	2.636852e-12	8.785652e-17
1.009450e+02	2.626044e-12	8.751059e-17
1.009650e+02	2.615236e-12	8.716466e-17
1.009850e+02	2.604534e-12	8.682198e-17
1.010051e+02	2.593837e-12	8.647944e-17
1.010251e+02	2.583189e-12	8.613843e-17
1.010451e+02	2.572601e-12	8.579925e-17
1.010651e+02	2.562013e-12	8.546007e-17
1.010851e+02	2.551528e-12	8.512407e-17
1.011051e+02	2.541048e-12	8.478822e-17
1.011251e+02	2.530618e-12	8.445386e-17
1.011451e+02	2.520245e-12	8.412130e-17
1.011651e+02	2.509872e-12	8.378874e-17
1.011851e+02	2.499601e-12	8.345929e-17
1.012051e+02	2.489335e-12	8.312999e-17
1.012251e+02	2.479116e-12	8.280216e-17
1.012451e+02	2.468955e-12	8.247609e-17
1.012651e+02	2.458793e-12	8.215001e-17
1.012851e+02	2.448731e-12	8.182699e-17
1.013051e+02	2.438674e-12	8.150412e-17
1.013251e+02	2.428663e-12	8.118268e-17
1.013451e+02	2.418709e-12	8.086297e-17
1.013651e+02	2.408754e-12	8.054326e-17
1.013851e+02	2.398897e-12	8.022654e-17
1.014051e+02	2.389044e-12	7.990996e-17
1.014251e+02	2.379237e-12	7.959480e-17
1.014451e+02	2.369485e-12	7.928133e-17
1.014651e+02	2.359733e-12	7.896785e-17
1.014851e+02	2.350076e-12	7.865732e-17
1.015051e+02	2.340424e-12	7.834692e-17
1.015251e+02	2.330817e-12	7.803791e-17
1.015451e+02	2.321263e-12	7.773055e-17
1.015651e+02	2.311710e-12	7.742319e-17
1.015851e+02	2.302249e-12	7.711872e-17
1.016051e+02	2.292794e-12	7.681437e-17
1.016251e+02	2.283382e-12	7.651139e-17
1.016451e+02	2.274023e-12	7.621003e-17
1.016651e+02	2.264664e-12	7.590867e-17
1.016851e+02	2.255396e-12	7.561014e-17
1.017051e+02	2.246133e-12	7.531174e-17
1.017251e+02	2.236913e-12	7.501467e-17
1.017451e+02	2.227744e-12	7.471919e-17
1.017651e+02	2.218575e-12	7.442371e-17
1.017851e+02	2.209496e-12	7.413100e-17
1.018051e+02	2.200422e-12	7.383842e-17
1.018251e+02	2.191389e-12	7.354715e-17
1.018451e+02	2.182407e-12	7.325744e-17
1.018651e+02	2.173425e-12	7.296773e-17
1.018851e+02	2.164531e-12	7.268074e-17
1.019051e+02	2.155641e-12	7.239386e-17
1.019251e+02	2.146792e-12	7.210828e-17
1.019451e+02	2.137993e-12	7.182422e-17
1.019651e+02	2.129194e-12	7.154016e-17
1.019851e+02	2.120481e-12	7.125877e-17
1.020051e+02	2.111771e-12	7.097750e-17
1.020251e+02	2.103103e-12	7.069749e-17
1.020451e+02	2.094483e-12	7.041897e-17
1.020651e+02	2.085863e-12	7.014046e-17
1.020851e+02	2.077327e-12	6.986456e-17
1.021051e+02	2.068795e-12	6.958878e-17
1.021251e+02	2.060303e-12	6.931424e-17
1.021451e+02	2.051858e-12	6.904116e-17
1.021651e+02	2.043413e-12	6.876808e-17
1.021851e+02	2.035051e-12	6.849757e-17
1.022051e+02	2.026693e-12	6.822717e-17
1.022251e+02	2.018374e-12	6.795798e-17
1.022451e+02	2.010101e-12	6.769024e-17
1.022651e+02	2.001828e-12	6.742249e-17
1.022851e+02	1.993636e-12	6.715726e-17
1.023051e+02	1.985448e-12	6.689214e-17
1.023251e+02	1.977298e-12	6.662821e-17
1.023451e+02	1.969194e-12	6.636569e-17
1.023651e+02	1.961089e-12	6.610316e-17
1.023851e+02	1.953064e-12	6.584311e-17
1.024051e+02	1.945043e-12	6.558317e-17
1.024251e+02	1.937059e-12	6.532439e-17
1.024451e+02	1.929119e-12	6.506699e-17
1.024651e+02	1.921179e-12	6.480960e-17
1.024851e+02	1.913318e-12	6.455462e-17
1.025051e+02	1.905459e-12	6.429975e-17
1.025251e+02	1.897638e-12	6.404603e-17
1.025451e+02	1.889860e-12	6.379366e-17
1.025651e+02	1.882082e-12	6.354128e-17
1.025851e+02	1.874380e-12	6.329129e-17
1.026051e+02	1.866682e-12	6.304139e-17
1.026251e+02	1.859020e-12	6.279262e-17
1.026451e+02	1.851400e-12	6.254518e-17
1.026651e+02	1.843780e-12	6.229773e-17
1.026851e+02	1.836235e-12	6.205262e-17
1.027051e+02	1.828694e-12	6.180760e-17
1.027251e+02	1.821187e-12	6.156369e-17
1.027451e+02	1.813723e-12	6.132108e-17
1.027651e+02	1.806258e-12	6.107846e-17
1.027851e+02	1.798867e-12	6.083814e-17
1.028051e+02	1.791479e-12	6.059790e-17
1.028251e+02	1.784125e-12	6.035875e-17
1.028451e+02	1.776812e-12	6.012088e-17
1.028651e+02	1.769500e-12	5.988300e-17
1.028851e+02	1.762259e-12	5.964737e-17
1.029051e+02	1.755021e-12	5.941183e-17
1.029251e+02	1.747817e-12	5.917735e-17
1.029451e+02	1.740653e-12	5.894412e-17
1.029651e+02	1.733489e-12	5.871089e-17
1.029851e+02	1.726396e-12	5.847985e-17
1.030052e+02	1.719305e-12	5.824891e-17
1.030252e+02	1.712248e-12	5.801901e-17
1.030452e+02	1.705230e-12	5.779033e-17
1.030652e+02	1.698212e-12	5.756166e-17
1.030852e+02	1.691263e-12	5.733514e-17
1.031052e+02	1.684316e-12	5.710870e-17
1.031252e+02	1.677403e-12	5.688330e-17
1.031452e+02	1.670528e-12	5.665908e-17
1.031652e+02	1.663652e-12	5.643487e-17
1.031852e+02	1.656845e-12	5.621278e-17
1.032052e+02	1.650040e-12	5.599077e-17
1.032252e+02	1.643267e-12	5.576976e-17
1.032452e+02	1.636532e-12	5.554993e-17
1.032652e+02	1.629796e-12	5.533010e-17
1.032852e+02	1.623127e-12	5.511234e-17
1.033052e+02	1.616461e-12	5.489466e-17
1.033252e+02	1.609826e-12	5.467797e-17
1.033452e+02	1.603227e-12	5.446243e-17
1.033652e+02	1.596629e-12	5.424690e-17
1.033852e+02	1.590096e-12	5.403339e-17
1.034052e+02	1.583565e-12	5.381997e-17
1.034252e+02	1.577065e-12	5.360751e-17
1.034452e+02	1.570601e-12	5.339618e-17
1.034652e+02	1.564137e-12	5.318485e-17
1.034852e+02	1.557737e-12	5.297552e-17
1.035052e+02	1.551339e-12	5.276626e-17
1.035252e+02	1.544971e-12	5.255796e-17
1.035452e+02	1.538639e-12	5.235076e-17
1.035652e+02	1.532306e-12	5.214356e-17
1.035852e+02	1.526036e-12	5.193831e-17
1.036052e+02	1.519769e-12	5.173314e-17
1.036252e+02	1.513531e-12	5.152891e-17
1.036452e+02	1.507327e-12	5.132575e-17
1.036652e+02	1.501124e-12	5.112260e-17
1.036852e+02	1.494981e-12	5.092136e-17
1.037052e+02	1.488841e-12	5.072020e-17
1.037252e+02	1.482730e-12	5.051996e-17
1.037452e+02	1.476653e-12	5.032077e-17
1.037652e+02	1.470575e-12	5.012159e-17
1.037852e+02	1.464558e-12	4.992428e-17
1.038052e+02	1.458543e-12	4.972705e-17
1.038252e+02	1.452556e-12	4.953072e-17
1.038452e+02	1.446602e-12	4.933543e-17
1.038652e+02	1.440649e-12	4.914013e-17
1.038852e+02	1.434754e-12	4.894668e-17
1.039052e+02	1.428861e-12	4.875331e-17
1.039252e+02	1.422996e-12	4.856081e-17
1.039452e+02	1.417164e-12	4.836933e-17
1.039652e+02	1.411331e-12	4.817785e-17
1.039852e+02	1.405556e-12	4.798818e-17
1.040052e+02	1.399783e-12	4.779858e-17
1.040252e+02	1.394038e-12	4.760985e-17
1.040452e+02	1.388324e-12	4.742211e-17
1.040652e+02	1.382610e-12	4.723437e-17
1.040852e+02	1.376953e-12	4.704841e-17
1.041052e+02	1.371298e-12	4.686251e-17
1.041252e+02	1.365669e-12	4.667746e-17
1.041452e+02	1.360072e-12	4.649339e-17
1.041652e+02	1.354474e-12	4.630932e-17
1.041852e+02	1.348932e-12	4.612700e-17
1.042052e+02	1.343392e-12	4.594473e-17
1.042252e+02	1.337878e-12	4.576330e-17
1.042452e+02	1.332394e-12	4.558283e-17
1.042652e+02	1.326911e-12	4.540236e-17
1.042852e+02	1.321481e-12	4.522359e-17
1.043052e+02	1.316054e-12	4.504489e-17
1.043252e+02	1.310652e-12	4.486700e-17
1.043452e+02	1.305280e-12	4.469006e-17
1.043652e+02	1.299908e-12	4.451311e-17
1.043852e+02	1.294589e-12	4.433784e-17
1.044052e+02	1.289272e-12	4.416263e-17
1.044252e+02	1.283980e-12	4.398822e-17
1.044452e+02	1.278717e-12	4.381473e-17
1.044652e+02	1.273455e-12	4.364124e-17
1.044852e+02	1.268244e-12	4.346939e-17
1.045052e+02	1.263035e-12	4.329761e-17
1.045252e+02	1.257851e-12	4.312661e-17
1.045452e+02	1.252696e-12	4.295651e-17
1.045652e+02	1.247540e-12	4.278641e-17
1.045852e+02	1.242435e-12	4.261792e-17
1.046052e+02	1.237333e-12	4.244949e-17
1.046252e+02	1.232254e-12	4.228183e-17
1.046452e+02	1.227203e-12	4.211506e-17
1.046652e+02	1.222153e-12	4.194829e-17
1.046852e+02	1.217152e-12	4.178309e-17
1.047052e+02	1.212153e-12	4.161796e-17
1.047252e+02	1.207178e-12	4.145357e-17
1.047452e+02	1.202230e-12	4.129006e-17
1.047652e+02	1.197282e-12	4.112654e-17
1.047852e+02	1.192383e-12	4.096458e-17
1.048052e+02	1.187486e-12	4.080267e-17
1.048252e+02	1.182612e-12	4.064150e-17
1.048452e+02	1.177765e-12	4.048118e-17
1.048652e+02	1.172918e-12	4.032086e-17
1.048852e+02	1.168118e-12	4.016207e-17
1.049052e+02	1.163321e-12	4.000332e-17
1.049252e+02	1.158546e-12	3.984530e-17
1.049452e+02	1.153797e-12	3.968812e-17
1.049652e+02	1.149049e-12	3.953093e-17
1.049852e+02	1.144347e-12	3.937524e-17
1.050053e+02	1.139647e-12	3.921960e-17
1.050253e+02	1.134970e-12	3.906467e-17
1.050453e+02	1.130318e-12	3.891055e-17
1.050653e+02	1.125666e-12	3.875644e-17
1.050853e+02	1.121060e-12	3.860379e-17
1.051053e+02	1.116456e-12	3.845119e-17
1.051253e+02	1.111874e-12	3.829929e-17
1.051453e+02	1.107316e-12	3.814819e-17
1.051653e+02	1.102759e-12	3.799709e-17
1.051853e+02	1.098247e-12	3.784743e-17
1.052053e+02	1.093736e-12	3.769781e-17
1.052253e+02	1.089247e-12	3.754888e-17
1.052453e+02	1.084783e-12	3.740073e-17
1.052653e+02	1.080318e-12	3.725259e-17
1.052853e+02	1.075898e-12	3.710585e-17
1.053053e+02	1.071479e-12	3.695916e-17
1.053253e+02	1.067081e-12	3.681314e-17
1.053453e+02	1.062708e-12	3.666789e-17
1.053653e+02	1.058334e-12	3.652264e-17
1.053853e+02	1.054004e-12	3.637877e-17
1.054053e+02	1.049675e-12	3.623494e-17
1.054253e+02	1.045367e-12	3.609178e-17
1.054453e+02	1.041082e-12	3.594937e-17
1.054653e+02	1.036798e-12	3.580696e-17
1.054853e+02	1.032555e-12	3.566590e-17
1.055053e+02	1.028315e-12	3.552489e-17
1.055253e+02	1.024094e-12	3.538453e-17
1.055453e+02	1.019897e-12	3.524490e-17
1.055653e+02	1.015699e-12	3.510527e-17
1.055853e+02	1.011543e-12	3.496698e-17
1.056053e+02	1.007389e-12	3.482872e-17
1.056253e+02	1.003254e-12	3.469110e-17
1.056453e+02	9.991422e-13	3.455421e-17
1.056653e+02	9.950303e-13	3.441731e-17
1.056853e+02	9.909589e-13	3.428172e-17
1.057053e+02	9.868890e-13	3.414616e-17
1.057253e+02	9.828385e-13	3.401124e-17
1.057453e+02	9.788102e-13	3.387702e-17
1.057653e+02	9.747819e-13	3.374280e-17
1.057853e+02	9.707935e-13	3.360986e-17
1.058053e+02	9.668064e-13	3.347696e-17
1.058253e+02	9.628383e-13	3.334467e-17
1.058453e+02	9.588920e-13	3.321307e-17
1.058653e+02	9.549457e-13	3.308148e-17
1.058853e+02	9.510384e-13	3.295113e-17
1.059053e+02	9.471324e-13	3.282083e-17
1.059253e+02	9.432451e-13	3.269113e-17
1.059453e+02	9.393791e-13	3.256211e-17
1.059653e+02	9.355131e-13	3.243309e-17
1.059853e+02	9.316854e-13	3.230530e-17
1.060053e+02	9.278589e-13	3.217754e-17
1.060253e+02	9.240507e-13	3.205038e-17
1.060453e+02	9.202634e-13	3.192388e-17
1.060653e+02	9.164760e-13	3.179738e-17
1.060853e+02	9.127262e-13	3.167209e-17
1.061053e+02	9.089776e-13	3.154683e-17
1.061253e+02	9.052469e-13	3.142216e-17
1.061453e+02	9.015366e-13	3.129813e-17
1.061653e+02	8.978264e-13	3.117411e-17
1.061853e+02	8.941528e-13	3.105126e-17
1.062053e+02	8.904805e-13	3.092846e-17
1.062253e+02	8.868258e-13	3.080622e-17
1.062453e+02	8.831910e-13	3.068462e-17
1.062653e+02	8.795563e-13	3.056302e-17
1.062853e+02	8.759575e-13	3.044258e-17
1.063053e+02	8.723599e-13	3.032218e-17
1.063253e+02	8.687796e-13	3.020233e-17
1.063453e+02	8.652188e-13	3.008311e-17
1.063653e+02	8.616580e-13	2.996389e-17
1.063853e+02	8.581325e-13	2.984581e-17
1.064053e+02	8.546081e-13	2.972776e-17
1.064253e+02	8.511006e-13	2.961026e-17
1.064453e+02	8.476123e-13	2.949337e-17
1.064653e+02	8.441239e-13	2.937648e-17
1.064853e+02	8.406702e-13	2.926071e-17
1.065053e+02	8.372175e-13	2.914497e-17
1.065253e+02	8.337814e-13	2.902976e-17
1.065453e+02	8.303641e-13	2.891516e-17
1.065653e+02	8.269467e-13	2.880056e-17
1.065853e+02	8.235633e-13	2.868705e-17
1.066053e+02	8.201809e-13	2.857358e-17
1.066253e+02	8.168147e-13	2.846063e-17
1.066453e+02	8.134669e-13	2.834827e-17
1.066653e+02	8.101191e-13	2.823591e-17
1.066853e+02	8.068045e-13	2.812462e-17
1.067053e+02	8.034909e-13	2.801337e-17
1.067253e+02	8.001933e-13	2.790262e-17
1.067453e+02	7.969136e-13	2.779246e-17
1.067653e+02	7.936339e-13	2.768230e-17
1.067853e+02	7.903868e-13	2.757319e-17
1.068053e+02	7.871406e-13	2.746411e-17
1.068253e+02	7.839101e-13	2.735554e-17
1.068453e+02	7.806972e-13	2.724753e-17
1.068653e+02	7.774842e-13	2.713953e-17
1.068853e+02	7.743032e-13	2.703255e-17
1.069053e+02	7.711231e-13	2.692561e-17
1.069253e+02	7.679583e-13	2.681916e-17
1.069453e+02	7.648108e-13	2.671326e-17
1.069653e+02	7.616632e-13	2.660737e-17
1.069853e+02	7.585469e-13	2.650249e-17
1.070054e+02	7.554315e-13	2.639764e-17
1.070254e+02	7.523312e-13	2.629327e-17
1.070454e+02	7.492477e-13	2.618945e-17
1.070654e+02	7.461642e-13	2.608563e-17
1.070854e+02	7.431113e-13	2.598280e-17
1.071054e+02	7.400593e-13	2.588000e-17
1.071254e+02	7.370220e-13	2.577767e-17
1.071454e+02	7.340013e-13	2.567588e-17
1.071654e+02	7.309805e-13	2.557409e-17
1.071854e+02	7.279898e-13	2.547327e-17
1.072054e+02	7.249999e-13	2.537249e-17
1.072254e+02	7.220245e-13	2.527216e-17
1.072454e+02	7.190652e-13	2.517237e-17
1.072654e+02	7.161059e-13	2.507257e-17
1.072854e+02	7.131760e-13	2.497372e-17
1.073054e+02	7.102470e-13	2.487491e-17
1.073254e+02	7.073321e-13	2.477655e-17
1.073454e+02	7.044331e-13	2.467870e-17
1.073654e+02	7.015340e-13	2.458086e-17
1.073854e+02	6.986637e-13	2.448395e-17
1.074054e+02	6.957943e-13	2.438706e-17
1.074254e+02	6.929388e-13	2.429063e-17
1.074454e+02	6.900987e-13	2.419470e-17
1.074654e+02	6.872586e-13	2.409877e-17
1.074854e+02	6.844468e-13	2.400376e-17
1.075054e+02	6.816358e-13	2.390877e-17
1.075254e+02	6.788383e-13	2.381422e-17
1.075454e+02	6.760560e-13	2.372017e-17
1.075654e+02	6.732738e-13	2.362612e-17
1.075854e+02	6.705192e-13	2.353296e-17
1.076054e+02	6.677653e-13	2.343984e-17
1.076254e+02	6.650248e-13	2.334714e-17
1.076454e+02	6.622992e-13	2.325493e-17
1.076654e+02	6.595735e-13	2.316272e-17
1.076854e+02	6.568750e-13	2.307139e-17
1.077054e+02	6.541772e-13	2.298008e-17
1.077254e+02	6.514924e-13	2.288920e-17
1.077454e+02	6.488223e-13	2.279879e-17
1.077654e+02	6.461521e-13	2.270839e-17
1.077854e+02	6.435084e-13	2.261884e-17
1.078054e+02	6.408656e-13	2.252932e-17
1.078254e+02	6.382355e-13	2.244022e-17
1.078454e+02	6.356196e-13	2.235158e-17
1.078654e+02	6.330038e-13	2.226295e-17
1.078854e+02	6.304139e-13	2.217516e-17
1.079054e+02	6.278248e-13	2.208739e-17
1.079254e+02	6.252483e-13	2.200003e-17
1.079454e+02	6.226856e-13	2.191313e-17
1.079654e+02	6.201230e-13	2.182623e-17
1.079854e+02	6.175859e-13	2.174016e-17
1.080054e+02	6.150495e-13	2.165411e-17
1.080254e+02	6.125254e-13	2.156846e-17
1.080454e+02	6.100149e-13	2.148326e-17
1.080654e+02	6.075044e-13	2.139806e-17
1.080854e+02	6.050189e-13	2.131367e-17
1.081054e+02	6.025341e-13	2.122931e-17
1.081254e+02	6.000614e-13	2.114534e-17
1.081454e+02	5.976020e-13	2.106180e-17
1.081654e+02	5.951426e-13	2.097827e-17
1.081854e+02	5.927077e-13	2.089554e-17
1.082054e+02	5.902735e-13	2.081282e-17
1.082254e+02	5.878510e-13	2.073050e-17
1.082454e+02	5.854417e-13	2.064860e-17
1.082654e+02	5.830324e-13	2.056670e-17
1.082854e+02	5.806470e-13	2.048559e-17
1.083054e+02	5.782623e-13	2.040449e-17
1.083254e+02	5.758892e-13	2.032378e-17
1.083454e+02	5.735289e-13	2.024348e-17
1.083654e+02	5.711686e-13	2.016319e-17
1.083854e+02	5.688318e-13	2.008366e-17
1.084054e+02	5.664956e-13	2.000416e-17
1.084254e+02	5.641707e-13	1.992502e-17
1.084454e+02	5.618585e-13	1.984630e-17
1.084654e+02	5.595462e-13	1.976758e-17
1.084854e+02	5.572570e-13	1.968961e-17
1.085054e+02	5.549683e-13	1.961166e-17
1.085254e+02	5.526908e-13	1.953407e-17
1.085454e+02	5.504256e-13	1.945689e-17
1.085654e+02	5.481603e-13	1.937971e-17
1.085854e+02	5.459177e-13	1.930327e-17
1.086054e+02	5.436756e-13	1.922685e-17
1.086254e+02	5.414445e-13	1.915078e-17
1.086454e+02	5.392253e-13	1.907511e-17
1.086654e+02	5.370062e-13	1.899944e-17
1.086854e+02	5.348092e-13	1.892450e-17
1.087054e+02	5.326128e-13	1.884957e-17
1.087254e+02	5.304270e-13	1.877499e-17
1.087454e+02	5.282530e-13	1.870080e-17
1.087654e+02	5.260791e-13	1.862662e-17
1.087854e+02	5.239268e-13	1.855314e-17
1.088054e+02	5.217750e-13	1.847968e-17
1.088254e+02	5.196337e-13	1.840656e-17
1.088454e+02	5.175040e-13	1.833383e-17
1.088654e+02	5.153743e-13	1.826109e-17
1.088854e+02	5.132658e-13	1.818905e-17
1.089054e+02	5.111578e-13	1.811703e-17
1.089254e+02	5.090601e-13	1.804535e-17
1.089454e+02	5.069737e-13	1.797404e-17
1.089654e+02	5.048873e-13	1.790273e-17
1.089854e+02	5.028218e-13	1.783210e-17
1.090055e+02	5.007567e-13	1.776149e-17
1.090255e+02	4.987017e-13	1.769121e-17
1.090455e+02	4.966577e-13	1.762130e-17
1.090655e+02	4.946138e-13	1.755138e-17
1.090855e+02	4.925903e-13	1.748214e-17
1.091055e+02	4.905672e-13	1.741291e-17
1.091255e+02	4.885540e-13	1.734401e-17
1.091455e+02	4.865517e-13	1.727546e-17
1.091655e+02	4.845493e-13	1.720692e-17
1.091855e+02	4.825670e-13	1.713903e-17
1.092055e+02	4.805851e-13	1.707116e-17
1.092255e+02	4.786129e-13	1.700360e-17
1.092455e+02	4.766513e-13	1.693640e-17
1.092655e+02	4.746897e-13	1.686920e-17
1.092855e+02	4.727477e-13	1.680264e-17
1.093055e+02	4.708061e-13	1.673610e-17
1.093255e+02	4.688741e-13	1.666987e-17
1.093455e+02	4.669524e-13	1.660398e-17
1.093655e+02	4.650307e-13	1.653809e-17
1.093855e+02	4.631282e-13	1.647284e-17
1.094055e+02	4.612262e-13	1.640760e-17
1.094255e+02	4.593334e-13	1.634267e-17
1.094455e+02	4.574508e-13	1.627807e-17
1.094655e+02	4.555682e-13	1.621347e-17
1.094855e+02	4.537045e-13	1.614950e-17
1.095055e+02	4.518411e-13	1.608554e-17
1.095255e+02	4.499869e-13	1.602188e-17
1.095455e+02	4.481426e-13	1.595855e-17
1.095655e+02	4.462984e-13	1.589522e-17
1.095855e+02	4.444725e-13	1.583249e-17
1.096055e+02	4.426471e-13	1.576979e-17
1.096255e+02	4.408306e-13	1.570737e-17
1.096455e+02	4.390239e-13	1.564528e-17
1.096655e+02	4.372171e-13	1.558319e-17
1.096855e+02	4.354284e-13	1.552170e-17
1.097055e+02	4.336402e-13	1.546022e-17
1.097255e+02	4.318606e-13	1.539903e-17
1.097455e+02	4.300906e-13	1.533815e-17
1.097655e+02	4.283207e-13	1.527728e-17
1.097855e+02	4.265684e-13	1.521699e-17
1.098055e+02	4.248165e-13	1.515672e-17
1.098255e+02	4.230732e-13	1.509672e-17
1.098455e+02	4.213392e-13	1.503704e-17
1.098655e+02	4.196053e-13	1.497736e-17
1.098855e+02	4.178886e-13	1.491825e-17
1.099055e+02	4.161724e-13	1.485916e-17
1.099255e+02	4.144646e-13	1.480034e-17
1.099455e+02	4.127659e-13	1.474183e-17
1.099655e+02	4.110672e-13	1.468332e-17
1.099855e+02	4.093855e-13	1.462537e-17
1.100055e+02	4.077042e-13	1.456743e-17
1.100255e+02	4.060311e-13	1.450977e-17
1.100455e+02	4.043670e-13	1.445240e-17
1.100655e+02	4.027029e-13	1.439504e-17
1.100855e+02	4.010554e-13	1.433822e-17
1.101055e+02	3.994084e-13	1.428142e-17
1.101255e+02	3.977693e-13	1.422489e-17
1.101455e+02	3.961391e-13	1.416865e-17
1.101655e+02	3.945088e-13	1.411240e-17
1.101855e+02	3.928949e-13	1.405670e-17
1.102055e+02	3.912813e-13	1.400102e-17
1.102255e+02	3.896756e-13	1.394559e-17
1.102455e+02	3.880786e-13	1.389045e-17
1.102655e+02	3.864815e-13	1.383531e-17
1.102855e+02	3.849004e-13	1.378070e-17
1.103055e+02	3.833196e-13	1.372610e-17
1.103255e+02	3.817466e-13	1.367176e-17
1.103455e+02	3.801821e-13	1.361770e-17
1.103655e+02	3.786175e-13	1.356365e-17
1.103855e+02	3.770686e-13	1.351011e-17
1.104055e+02	3.755200e-13	1.345658e-17
1.104255e+02	3.739790e-13	1.340330e-17
1.104455e+02	3.724463e-13	1.335030e-17
1.104655e+02	3.709135e-13	1.329730e-17
1.104855e+02	3.693961e-13	1.324481e-17
1.105055e+02	3.678791e-13	1.319234e-17
1.105255e+02	3.663694e-13	1.314011e-17
1.105455e+02	3.648679e-13	1.308814e-17
1.105655e+02	3.633663e-13	1.303618e-17
1.105855e+02	3.618798e-13	1.298472e-17
1.106055e+02	3.603936e-13	1.293327e-17
1.106255e+02	3.589147e-13	1.288207e-17
1.106455e+02	3.574437e-13	1.283112e-17
1.106655e+02	3.559727e-13	1.278018e-17
1.106855e+02	3.545165e-13	1.272973e-17
1.107055e+02	3.530605e-13	1.267929e-17
1.107255e+02	3.516117e-13	1.262908e-17
1.107455e+02	3.501706e-13	1.257914e-17
1.107655e+02	3.487296e-13	1.252919e-17
1.107855e+02	3.473030e-13	1.247973e-17
1.108055e+02	3.458766e-13	1.243028e-17
1.108255e+02	3.444573e-13	1.238106e-17
1.108455e+02	3.430456e-13	1.233209e-17
1.108655e+02	3.416338e-13	1.228313e-17
1.108855e+02	3.402362e-13	1.223463e-17
1.109055e+02	3.388389e-13	1.218615e-17
1.109255e+02	3.374485e-13	1.213789e-17
1.109455e+02	3.360655e-13	1.208989e-17
1.109655e+02	3.346825e-13	1.204188e-17
1.109855e+02	3.333133e-13	1.199434e-17
1.110056e+02	3.319444e-13	1.194681e-17
1.110256e+02	3.305823e-13	1.189950e-17
1.110456e+02	3.292274e-13	1.185243e-17
1.110656e+02	3.278725e-13	1.180537e-17
1.110856e+02	3.265313e-13	1.175876e-17
1.111056e+02	3.251902e-13	1.171215e-17
1.111256e+02	3.238558e-13	1.166577e-17
1.111456e+02	3.225285e-13	1.161963e-17
1.111656e+02	3.212012e-13	1.157349e-17
1.111856e+02	3.198872e-13	1.152779e-17
1.112056e+02	3.185735e-13	1.148210e-17
1.112256e+02	3.172662e-13	1.143663e-17
1.112456e+02	3.159659e-13	1.139139e-17
1.112656e+02	3.146656e-13	1.134615e-17
1.112856e+02	3.133784e-13	1.130135e-17
1.113056e+02	3.120914e-13	1.125656e-17
1.113256e+02	3.108107e-13	1.121198e-17
1.113456e+02	3.095369e-13	1.116763e-17
1.113656e+02	3.082630e-13	1.112328e-17
1.113856e+02	3.070020e-13	1.107936e-17
1.114056e+02	3.057412e-13	1.103544e-17
1.114256e+02	3.044866e-13	1.099174e-17
1.114456e+02	3.032387e-13	1.094825e-17
1.114656e+02	3.019907e-13	1.090477e-17
1.114856e+02	3.007554e-13	1.086171e-17
1.115056e+02	2.995202e-13	1.081866e-17
1.115256e+02	2.982911e-13	1.077581e-17
1.115456e+02	2.970686e-13	1.073318e-17
1.115656e+02	2.958461e-13	1.069055e-17
1.115856e+02	2.946358e-13	1.064833e-17
1.116056e+02	2.934258e-13	1.060612e-17
1.116256e+02	2.922218e-13	1.056411e-17
1.116456e+02	2.910241e-13	1.052232e-17
1.116656e+02	2.898265e-13	1.048053e-17
1.116856e+02	2.886408e-13	1.043914e-17
1.117056e+02	2.874554e-13	1.039775e-17
1.117256e+02	2.862759e-13	1.035657e-17
1.117456e+02	2.851026e-13	1.031560e-17
1.117656e+02	2.839293e-13	1.027462e-17
1.117856e+02	2.827678e-13	1.023404e-17
1.118056e+02	2.816066e-13	1.019347e-17
1.118256e+02	2.804510e-13	1.015310e-17
1.118456e+02	2.793016e-13	1.011292e-17
1.118656e+02	2.781522e-13	1.007275e-17
1.118856e+02	2.770144e-13	1.003297e-17
1.119056e+02	2.758767e-13	9.993197e-18
1.119256e+02	2.747447e-13	9.953612e-18
1.119456e+02	2.736187e-13	9.914229e-18
1.119656e+02	2.724926e-13	9.874845e-18
1.119856e+02	2.713779e-13	9.835844e-18
1.120056e+02	2.702634e-13	9.796849e-18
1.120256e+02	2.691544e-13	9.758039e-18
1.120456e+02	2.680513e-13	9.719429e-18
1.120656e+02	2.669482e-13	9.680818e-18
1.120856e+02	2.658562e-13	9.642581e-18
1.121056e+02	2.647644e-13	9.604351e-18
1.121256e+02	2.636780e-13	9.566302e-18
1.121456e+02	2.625973e-13	9.528449e-18
1.121656e+02	2.615166e-13	9.490595e-18
1.121856e+02	2.604469e-13	9.453108e-18
1.122056e+02	2.593773e-13	9.415628e-18
1.122256e+02	2.583129e-13	9.378326e-18
1.122456e+02	2.572543e-13	9.341214e-18
1.122656e+02	2.561956e-13	9.304103e-18
1.122856e+02	2.551476e-13	9.267352e-18
1.123056e+02	2.540997e-13	9.230606e-18
1.123256e+02	2.530571e-13	9.194036e-18
1.123456e+02	2.520199e-13	9.157652e-18
1.123656e+02	2.509828e-13	9.121269e-18
1.123856e+02	2.499561e-13	9.085238e-18
1.124056e+02	2.489296e-13	9.049213e-18
1.124256e+02	2.479082e-13	9.013360e-18
1.124456e+02	2.468921e-13	8.977690e-18
1.124656e+02	2.458761e-13	8.942020e-18
1.124856e+02	2.448703e-13	8.906696e-18
1.125056e+02	2.438647e-13	8.871378e-18
1.125256e+02	2.428640e-13	8.836228e-18
1.125456e+02	2.418687e-13	8.801258e-18
1.125656e+02	2.408733e-13	8.766288e-18
1.125856e+02	2.398880e-13	8.731657e-18
1.126056e+02	2.389028e-13	8.697031e-18
1.126256e+02	2.379225e-13	8.662571e-18
1.126456e+02	2.369474e-13	8.628286e-18
1.126656e+02	2.359723e-13	8.594002e-18
1.126856e+02	2.350070e-13	8.560051e-18
1.127056e+02	2.340419e-13	8.526104e-18
1.127256e+02	2.330816e-13	8.492320e-18
1.127456e+02	2.321263e-13	8.458708e-18
1.127656e+02	2.311711e-13	8.425096e-18
1.127856e+02	2.302254e-13	8.391811e-18
1.128056e+02	2.292799e-13	8.358530e-18
1.128256e+02	2.283391e-13	8.325408e-18
1.128456e+02	2.274033e-13	8.292456e-18
1.128656e+02	2.264675e-13	8.259503e-18
1.128856e+02	2.255411e-13	8.226871e-18
1.129056e+02	2.246149e-13	8.194243e-18
1.129256e+02	2.236932e-13	8.161771e-18
1.129456e+02	2.227764e-13	8.129465e-18
1.129656e+02	2.218596e-13	8.097159e-18
1.129856e+02	2.209521e-13	8.065167e-18
1.130057e+02	2.200447e-13	8.033179e-18
1.130257e+02	2.191418e-13	8.001345e-18
1.130457e+02	2.182437e-13	7.969672e-18
1.130657e+02	2.173456e-13	7.938000e-18
1.130857e+02	2.164565e-13	7.906635e-18
1.131057e+02	2.155675e-13	7.875275e-18
1.131257e+02	2.146830e-13	7.844065e-18
1.131457e+02	2.138032e-13	7.813014e-18
1.131657e+02	2.129233e-13	7.781963e-18
1.131857e+02	2.120523e-13	7.751214e-18
1.132057e+02	2.111815e-13	7.720469e-18
1.132257e+02	2.103150e-13	7.689872e-18
1.132457e+02	2.094530e-13	7.659430e-18
1.132657e+02	2.085911e-13	7.628988e-18
1.132857e+02	2.077378e-13	7.598842e-18
1.133057e+02	2.068847e-13	7.568701e-18
1.133257e+02	2.060358e-13	7.538703e-18
1.133457e+02	2.051914e-13	7.508859e-18
1.133657e+02	2.043470e-13	7.479014e-18
1.133857e+02	2.035111e-13	7.449460e-18
1.134057e+02	2.026753e-13	7.419910e-18
1.134257e+02	2.018437e-13	7.390501e-18
1.134457e+02	2.010165e-13	7.361242e-18
1.134657e+02	2.001892e-13	7.331983e-18
1.134857e+02	1.993704e-13	7.303009e-18
1.135057e+02	1.985516e-13	7.274039e-18
1.135257e+02	1.977369e-13	7.245207e-18
1.135457e+02	1.969265e-13	7.216522e-18
1.135657e+02	1.961161e-13	7.187837e-18
1.135857e+02	1.953139e-13	7.159432e-18
1.136057e+02	1.945118e-13	7.131030e-18
1.136257e+02	1.937137e-13	7.102764e-18
1.136457e+02	1.929198e-13	7.074642e-18
1.136657e+02	1.921259e-13	7.046520e-18
1.136857e+02	1.913400e-13	7.018672e-18
1.137057e+02	1.905542e-13	6.990827e-18
1.137257e+02	1.897723e-13	6.963116e-18
1.137457e+02	1.889946e-13	6.935546e-18
1.137657e+02	1.882168e-13	6.907976e-18
1.137857e+02	1.874469e-13	6.880674e-18
1.138057e+02	1.866771e-13	6.853376e-18
1.138257e+02	1.859111e-13	6.826209e-18
1.138457e+02	1.851492e-13	6.799180e-18
1.138657e+02	1.843873e-13	6.772151e-18
1.138857e+02	1.836331e-13	6.745385e-18
1.139057e+02	1.828789e-13	6.718622e-18
1.139257e+02	1.821285e-13	6.691989e-18
1.139457e+02	1.813821e-13	6.665490e-18
1.139657e+02	1.806357e-13	6.638991e-18
1.139857e+02	1.798968e-13	6.612751e-18
1.140057e+02	1.791580e-13	6.586513e-18
1.140257e+02	1.784229e-13	6.560402e-18
1.140457e+02	1.776917e-13	6.534424e-18
1.140657e+02	1.769604e-13	6.508445e-18
1.140857e+02	1.762366e-13	6.482720e-18
1.141057e+02	1.755128e-13	6.456997e-18
1.141257e+02	1.747927e-13	6.431399e-18
1.141457e+02	1.740763e-13	6.405930e-18
1.141657e+02	1.733600e-13	6.380461e-18
1.141857e+02	1.726509e-13	6.355241e-18
1.142057e+02	1.719418e-13	6.330023e-18
1.142257e+02	1.712363e-13	6.304927e-18
1.142457e+02	1.705346e-13	6.279958e-18
1.142657e+02	1.698328e-13	6.254989e-18
1.142857e+02	1.691381e-13	6.230264e-18
1.143057e+02	1.684435e-13	6.205541e-18
1.143257e+02	1.677523e-13	6.180938e-18
1.143457e+02	1.670648e-13	6.156459e-18
1.143657e+02	1.663773e-13	6.131980e-18
1.143857e+02	1.656968e-13	6.107740e-18
1.144057e+02	1.650163e-13	6.083503e-18
1.144257e+02	1.643392e-13	6.059383e-18
1.144457e+02	1.636657e-13	6.035384e-18
1.144657e+02	1.629922e-13	6.011386e-18
1.144857e+02	1.623255e-13	5.987622e-18
1.145057e+02	1.616589e-13	5.963860e-18
1.145257e+02	1.609956e-13	5.940214e-18
1.145457e+02	1.603358e-13	5.916686e-18
1.145657e+02	1.596760e-13	5.893159e-18
1.145857e+02	1.590228e-13	5.869862e-18
1.146057e+02	1.583698e-13	5.846566e-18
1.146257e+02	1.577200e-13	5.823384e-18
1.146457e+02	1.570736e-13	5.800318e-18
1.146657e+02	1.564272e-13	5.777253e-18
1.146857e+02	1.557874e-13	5.754413e-18
1.147057e+02	1.551476e-13	5.731575e-18
1.147257e+02	1.545110e-13	5.708848e-18
1.147457e+02	1.538778e-13	5.686235e-18
1.147657e+02	1.532445e-13	5.663622e-18
1.147857e+02	1.526177e-13	5.641231e-18
1.148057e+02	1.519910e-13	5.618841e-18
1.148257e+02	1.513673e-13	5.596560e-18
1.148457e+02	1.507470e-13	5.574391e-18
1.148657e+02	1.501266e-13	5.552223e-18
1.148857e+02	1.495126e-13	5.530271e-18
1.149057e+02	1.488986e-13	5.508321e-18
1.149257e+02	1.482876e-13	5.486477e-18
1.149457e+02	1.476799e-13	5.464744e-18
1.149657e+02	1.470722e-13	5.443010e-18
1.149857e+02	1.464706e-13	5.421489e-18
1.150058e+02	1.458691e-13	5.399970e-18
1.150258e+02	1.452706e-13	5.378555e-18
1.150458e+02	1.446752e-13	5.357249e-18
1.150658e+02	1.440799e-13	5.335942e-18
1.150858e+02	1.434906e-13	5.314843e-18
1.151058e+02	1.429013e-13	5.293747e-18
1.151258e+02	1.423150e-13	5.272753e-18
1.151458e+02	1.417317e-13	5.251864e-18
1.151658e+02	1.411485e-13	5.230976e-18
1.151858e+02	1.405711e-13	5.210292e-18
1.152058e+02	1.399938e-13	5.189610e-18
1.152258e+02	1.394195e-13	5.169027e-18
1.152458e+02	1.388481e-13	5.148549e-18
1.152658e+02	1.382767e-13	5.128071e-18
1.152858e+02	1.377111e-13	5.107793e-18
1.153058e+02	1.371456e-13	5.087517e-18
1.153258e+02	1.365829e-13	5.067339e-18
1.153458e+02	1.360231e-13	5.047263e-18
1.153658e+02	1.354634e-13	5.027187e-18
1.153858e+02	1.349093e-13	5.007307e-18
1.154058e+02	1.343552e-13	4.987429e-18
1.154258e+02	1.338040e-13	4.967648e-18
1.154458e+02	1.332556e-13	4.947966e-18
1.154658e+02	1.327073e-13	4.928284e-18
1.154858e+02	1.321645e-13	4.908795e-18
1.155058e+02	1.316217e-13	4.889307e-18
1.155258e+02	1.310817e-13	4.869914e-18
1.155458e+02	1.305445e-13	4.850618e-18
1.155658e+02	1.300072e-13	4.831323e-18
1.155858e+02	1.294755e-13	4.812217e-18
1.156058e+02	1.289438e-13	4.793112e-18
1.156258e+02	1.284147e-13	4.774099e-18
1.156458e+02	1.278884e-13	4.755183e-18
1.156658e+02	1.273622e-13	4.736267e-18
1.156858e+02	1.268412e-13	4.717535e-18
1.157058e+02	1.263203e-13	4.698806e-18
1.157258e+02	1.258021e-13	4.680167e-18
1.157458e+02	1.252865e-13	4.661622e-18
1.157658e+02	1.247709e-13	4.643077e-18
1.157858e+02	1.242606e-13	4.624714e-18
1.158058e+02	1.237503e-13	4.606352e-18
1.158258e+02	1.232425e-13	4.588079e-18
1.158458e+02	1.227375e-13	4.569898e-18
1.158658e+02	1.222324e-13	4.551717e-18
1.158858e+02	1.217324e-13	4.533715e-18
1.159058e+02	1.212325e-13	4.515714e-18
1.159258e+02	1.207351e-13	4.497800e-18
1.159458e+02	1.202403e-13	4.479976e-18
1.159658e+02	1.197455e-13	4.462153e-18
1.159858e+02	1.192557e-13	4.444504e-18
1.160058e+02	1.187660e-13	4.426856e-18
1.160258e+02	1.182787e-13	4.409294e-18
1.160458e+02	1.177940e-13	4.391820e-18
1.160658e+02	1.173092e-13	4.374347e-18
1.160858e+02	1.168294e-13	4.357045e-18
1.161058e+02	1.163496e-13	4.339743e-18
1.161258e+02	1.158723e-13	4.322527e-18
1.161458e+02	1.153974e-13	4.305396e-18
1.161658e+02	1.149225e-13	4.288266e-18
1.161858e+02	1.144525e-13	4.271303e-18
1.162058e+02	1.139825e-13	4.254342e-18
1.162258e+02	1.135148e-13	4.237464e-18
1.162458e+02	1.130496e-13	4.220670e-18
1.162658e+02	1.125844e-13	4.203876e-18
1.162858e+02	1.121239e-13	4.187247e-18
1.163058e+02	1.116634e-13	4.170619e-18
1.163258e+02	1.112053e-13	4.154072e-18
1.163458e+02	1.107496e-13	4.137608e-18
1.163658e+02	1.102938e-13	4.121144e-18
1.163858e+02	1.098427e-13	4.104841e-18
1.164058e+02	1.093916e-13	4.088540e-18
1.164258e+02	1.089428e-13	4.072318e-18
1.164458e+02	1.084963e-13	4.056177e-18
1.164658e+02	1.080499e-13	4.040037e-18
1.164858e+02	1.076079e-13	4.024054e-18
1.165058e+02	1.071660e-13	4.008073e-18
1.165258e+02	1.067263e-13	3.992170e-18
1.165458e+02	1.062889e-13	3.976347e-18
1.165658e+02	1.058516e-13	3.960523e-18
1.165858e+02	1.054186e-13	3.944855e-18
1.166058e+02	1.049857e-13	3.929188e-18
1.166258e+02	1.045550e-13	3.913597e-18
1.166458e+02	1.041265e-13	3.898084e-18
1.166658e+02	1.036980e-13	3.882572e-18
1.166858e+02	1.032738e-13	3.867211e-18
1.167058e+02	1.028497e-13	3.851852e-18
1.167258e+02	1.024278e-13	3.836568e-18
1.167458e+02	1.020080e-13	3.821360e-18
1.167658e+02	1.015882e-13	3.806152e-18
1.167858e+02	1.011727e-13	3.791094e-18
1.168058e+02	1.007572e-13	3.776036e-18
1.168258e+02	1.003439e-13	3.761052e-18
1.168458e+02	9.993263e-14	3.746143e-18
1.168658e+02	9.952140e-14	3.731234e-18
1.168858e+02	9.911435e-14	3.716471e-18
1.169058e+02	9.870733e-14	3.701709e-18
1.169258e+02	9.830236e-14	3.687020e-18
1.169458e+02	9.789949e-14	3.672404e-18
1.169658e+02	9.749663e-14	3.657787e-18
1.169858e+02	9.709786e-14	3.643315e-18
1.170059e+02	9.669912e-14	3.628843e-18
1.170259e+02	9.630239e-14	3.614442e-18
1.170459e+02	9.590772e-14	3.600113e-18
1.170659e+02	9.551305e-14	3.585784e-18
1.170859e+02	9.512240e-14	3.571596e-18
1.171059e+02	9.473177e-14	3.557409e-18
1.171259e+02	9.434311e-14	3.543291e-18
1.171459e+02	9.395648e-14	3.529244e-18
1.171659e+02	9.356984e-14	3.515196e-18
1.171859e+02	9.318713e-14	3.501287e-18
1.172059e+02	9.280445e-14	3.487378e-18
1.172259e+02	9.242370e-14	3.473538e-18
1.172459e+02	9.204493e-14	3.459767e-18
1.172659e+02	9.166616e-14	3.445995e-18
1.172859e+02	9.129124e-14	3.432359e-18
1.173059e+02	9.091634e-14	3.418724e-18
1.173259e+02	9.054335e-14	3.405156e-18
1.173459e+02	9.017228e-14	3.391655e-18
1.173659e+02	8.980121e-14	3.378154e-18
1.173859e+02	8.943393e-14	3.364786e-18
1.174059e+02	8.906666e-14	3.351419e-18
1.174259e+02	8.870125e-14	3.338117e-18
1.174459e+02	8.833773e-14	3.324882e-18
1.174659e+02	8.797422e-14	3.311646e-18
1.174859e+02	8.761440e-14	3.298541e-18
1.175059e+02	8.725461e-14	3.285437e-18
1.175259e+02	8.689663e-14	3.272396e-18
1.175459e+02	8.654051e-14	3.259421e-18
1.175659e+02	8.618439e-14	3.246446e-18
1.175859e+02	8.583190e-14	3.233598e-18
1.176059e+02	8.547942e-14	3.220751e-18
1.176259e+02	8.512873e-14	3.207967e-18
1.176459e+02	8.477986e-14	3.195247e-18
1.176659e+02	8.443098e-14	3.182526e-18
1.176859e+02	8.408567e-14	3.169932e-18
1.177059e+02	8.374036e-14	3.157337e-18
1.177259e+02	8.339681e-14	3.144804e-18
1.177459e+02	8.305503e-14	3.132334e-18
1.177659e+02	8.271325e-14	3.119864e-18
1.177859e+02	8.237496e-14	3.107516e-18
1.178059e+02	8.203668e-14	3.095169e-18
1.178259e+02	8.170012e-14	3.082883e-18
1.178459e+02	8.136529e-14	3.070658e-18
1.178659e+02	8.103047e-14	3.058432e-18
1.178859e+02	8.069906e-14	3.046328e-18
1.179059e+02	8.036766e-14	3.034223e-18
1.179259e+02	8.003795e-14	3.022178e-18
1.179459e+02	7.970994e-14	3.010194e-18
1.179659e+02	7.938193e-14	2.998209e-18
1.179859e+02	7.905726e-14	2.986342e-18
1.180059e+02	7.873261e-14	2.974475e-18
1.180259e+02	7.840960e-14	2.962667e-18
1.180459e+02	7.808827e-14	2.950918e-18
1.180659e+02	7.776693e-14	2.939169e-18
1.180859e+02	7.744887e-14	2.927535e-18
1.181059e+02	7.713082e-14	2.915902e-18
1.181259e+02	7.681439e-14	2.904326e-18
1.181459e+02	7.649959e-14	2.892808e-18
1.181659e+02	7.618479e-14	2.881290e-18
1.181859e+02	7.587320e-14	2.869885e-18
1.182059e+02	7.556162e-14	2.858480e-18
1.182259e+02	7.525163e-14	2.847132e-18
1.182459e+02	7.494323e-14	2.835840e-18
1.182659e+02	7.463484e-14	2.824548e-18
1.182859e+02	7.432959e-14	2.813368e-18
1.183059e+02	7.402435e-14	2.802187e-18
1.183259e+02	7.372066e-14	2.791062e-18
1.183459e+02	7.341854e-14	2.779992e-18
1.183659e+02	7.311642e-14	2.768922e-18
1.183859e+02	7.281739e-14	2.757962e-18
1.184059e+02	7.251836e-14	2.747001e-18
1.184259e+02	7.222085e-14	2.736094e-18
1.184459e+02	7.192488e-14	2.725242e-18
1.184659e+02	7.162890e-14	2.714390e-18
1.184859e+02	7.133595e-14	2.703645e-18
1.185059e+02	7.104300e-14	2.692900e-18
1.185259e+02	7.075155e-14	2.682208e-18
1.185459e+02	7.046160e-14	2.671569e-18
1.185659e+02	7.017165e-14	2.660930e-18
1.185859e+02	6.988466e-14	2.650396e-18
1.186059e+02	6.959767e-14	2.639862e-18
1.186259e+02	6.931215e-14	2.629380e-18
1.186459e+02	6.902810e-14	2.618950e-18
1.186659e+02	6.874404e-14	2.608521e-18
1.186859e+02	6.846289e-14	2.598194e-18
1.187059e+02	6.818175e-14	2.587867e-18
1.187259e+02	6.790203e-14	2.577591e-18
1.187459e+02	6.762376e-14	2.567367e-18
1.187659e+02	6.734549e-14	2.557142e-18
1.187859e+02	6.707006e-14	2.547018e-18
1.188059e+02	6.679463e-14	2.536895e-18
1.188259e+02	6.652061e-14	2.526821e-18
1.188459e+02	6.624800e-14	2.516797e-18
1.188659e+02	6.597538e-14	2.506774e-18
1.188859e+02	6.570556e-14	2.496849e-18
1.189059e+02	6.543573e-14	2.486925e-18
1.189259e+02	6.516729e-14	2.477049e-18
1.189459e+02	6.490022e-14	2.467222e-18
1.189659e+02	6.463316e-14	2.457396e-18
1.189859e+02	6.436882e-14	2.447666e-18
1.190060e+02	6.410449e-14	2.437937e-18
1.190260e+02	6.384151e-14	2.428256e-18
1.190460e+02	6.357987e-14	2.418622e-18
1.190660e+02	6.331824e-14	2.408989e-18
1.190860e+02	6.305928e-14	2.399451e-18
1.191060e+02	6.280033e-14	2.389913e-18
1.191260e+02	6.254270e-14	2.380422e-18
1.191460e+02	6.228639e-14	2.370978e-18
1.191660e+02	6.203008e-14	2.361534e-18
1.191860e+02	6.177639e-14	2.352184e-18
1.192060e+02	6.152270e-14	2.342833e-18
1.192260e+02	6.127031e-14	2.333529e-18
1.192460e+02	6.101922e-14	2.324271e-18
1.192660e+02	6.076812e-14	2.315012e-18
1.192860e+02	6.051960e-14	2.305846e-18
1.193060e+02	6.027107e-14	2.296679e-18
1.193260e+02	6.002382e-14	2.287558e-18
1.193460e+02	5.977783e-14	2.278482e-18
1.193660e+02	5.953185e-14	2.269406e-18
1.193860e+02	5.928838e-14	2.260419e-18
1.194060e+02	5.904490e-14	2.251433e-18
1.194260e+02	5.880268e-14	2.242491e-18
1.194460e+02	5.856170e-14	2.233593e-18
1.194660e+02	5.832072e-14	2.224696e-18
1.194860e+02	5.808220e-14	2.215886e-18
1.195060e+02	5.784369e-14	2.207077e-18
1.195260e+02	5.760639e-14	2.198311e-18
1.195460e+02	5.737031e-14	2.189588e-18
1.195660e+02	5.713424e-14	2.180866e-18
1.195860e+02	5.690057e-14	2.172229e-18
1.196060e+02	5.666691e-14	2.163593e-18
1.196260e+02	5.643444e-14	2.154999e-18
1.196460e+02	5.620317e-14	2.146448e-18
1.196660e+02	5.597190e-14	2.137897e-18
1.196860e+02	5.574298e-14	2.129431e-18
1.197060e+02	5.551407e-14	2.120964e-18
1.197260e+02	5.528634e-14	2.112540e-18
1.197460e+02	5.505977e-14	2.104157e-18
1.197660e+02	5.483320e-14	2.095774e-18
1.197860e+02	5.460895e-14	2.087474e-18
1.198060e+02	5.438469e-14	2.079174e-18
1.198260e+02	5.416159e-14	2.070915e-18
1.198460e+02	5.393963e-14	2.062697e-18
1.198660e+02	5.371767e-14	2.054479e-18
1.198860e+02	5.349798e-14	2.046343e-18
1.199060e+02	5.327829e-14	2.038206e-18
1.199260e+02	5.305973e-14	2.030110e-18
1.199460e+02	5.284228e-14	2.022053e-18
1.199660e+02	5.262484e-14	2.013997e-18
1.199860e+02	5.240962e-14	2.006020e-18
1.200060e+02	5.219440e-14	1.998044e-18
1.200260e+02	5.198028e-14	1.990107e-18
1.200460e+02	5.176726e-14	1.982209e-18
1.200660e+02	5.155425e-14	1.974311e-18
1.200860e+02	5.134340e-14	1.966491e-18
1.201060e+02	5.113256e-14	1.958672e-18
1.201260e+02	5.092280e-14	1.950891e-18
1.201460e+02	5.071411e-14	1.943148e-18
1.201660e+02	5.050543e-14	1.935406e-18
1.201860e+02	5.029888e-14	1.927740e-18
1.202060e+02	5.009233e-14	1.920074e-18
1.202260e+02	4.988684e-14	1.912446e-18
1.202460e+02	4.968239e-14	1.904856e-18
1.202660e+02	4.947796e-14	1.897266e-18
1.202860e+02	4.927561e-14	1.889751e-18
1.203060e+02	4.907326e-14	1.882236e-18
1.203260e+02	4.887195e-14	1.874758e-18
1.203460e+02	4.867166e-14	1.867317e-18
1.203660e+02	4.847139e-14	1.859877e-18
1.203860e+02	4.827315e-14	1.852509e-18
1.204060e+02	4.807492e-14	1.845142e-18
1.204260e+02	4.787771e-14	1.837812e-18
1.204460e+02	4.768150e-14	1.830517e-18
1.204660e+02	4.748530e-14	1.823223e-18
1.204860e+02	4.729110e-14	1.816001e-18
1.205060e+02	4.709689e-14	1.808778e-18
1.205260e+02	4.690369e-14	1.801592e-18
1.205460e+02	4.671148e-14	1.794441e-18
1.205660e+02	4.651927e-14	1.787290e-18
1.205860e+02	4.632902e-14	1.780210e-18
1.206060e+02	4.613877e-14	1.773130e-18
1.206260e+02	4.594950e-14	1.766085e-18
1.206460e+02	4.576119e-14	1.759075e-18
1.206660e+02	4.557290e-14	1.752065e-18
1.206860e+02	4.538651e-14	1.745124e-18
1.207060e+02	4.520013e-14	1.738183e-18
1.207260e+02	4.501472e-14	1.731276e-18
1.207460e+02	4.483024e-14	1.724404e-18
1.207660e+02	4.464578e-14	1.717532e-18
1.207860e+02	4.446319e-14	1.710728e-18
1.208060e+02	4.428060e-14	1.703923e-18
1.208260e+02	4.409895e-14	1.697153e-18
1.208460e+02	4.391823e-14	1.690416e-18
1.208660e+02	4.373752e-14	1.683679e-18
1.208860e+02	4.355864e-14	1.677009e-18
1.209060e+02	4.337977e-14	1.670338e-18
1.209260e+02	4.320182e-14	1.663701e-18
1.209460e+02	4.302478e-14	1.657096e-18
1.209660e+02	4.284774e-14	1.650492e-18
1.209860e+02	4.267251e-14	1.643953e-18
1.210061e+02	4.249727e-14	1.637414e-18
1.210261e+02	4.232294e-14	1.630907e-18
1.210461e+02	4.214950e-14	1.624433e-18
1.210661e+02	4.197607e-14	1.617958e-18
1.210861e+02	4.180440e-14	1.611548e-18
1.211061e+02	4.163273e-14	1.605137e-18
1.211261e+02	4.146194e-14	1.598759e-18
1.211461e+02	4.129203e-14	1.592412e-18
1.211661e+02	4.112212e-14	1.586065e-18
1.211861e+02	4.095395e-14	1.579781e-18
1.212061e+02	4.078577e-14	1.573496e-18
1.212261e+02	4.061846e-14	1.567243e-18
1.212461e+02	4.045201e-14	1.561021e-18
1.212661e+02	4.028556e-14	1.554799e-18
1.212861e+02	4.012080e-14	1.548638e-18
1.213061e+02	3.995605e-14	1.542478e-18
1.213261e+02	3.979214e-14	1.536348e-18
1.213461e+02	3.962907e-14	1.530248e-18
1.213661e+02	3.946601e-14	1.524149e-18
1.213861e+02	3.930461e-14	1.518109e-18
1.214061e+02	3.914320e-14	1.512070e-18
1.214261e+02	3.898263e-14	1.506060e-18
1.214461e+02	3.882288e-14	1.500081e-18
1.214661e+02	3.866314e-14	1.494101e-18
1.214861e+02	3.850502e-14	1.488181e-18
1.215061e+02	3.834690e-14	1.482260e-18
1.215261e+02	3.818960e-14	1.476369e-18
1.215461e+02	3.803309e-14	1.470507e-18
1.215661e+02	3.787660e-14	1.464645e-18
1.215861e+02	3.772170e-14	1.458841e-18
1.216061e+02	3.756679e-14	1.453037e-18
1.216261e+02	3.741269e-14	1.447262e-18
1.216461e+02	3.725937e-14	1.441516e-18
1.216661e+02	3.710606e-14	1.435769e-18
1.216861e+02	3.695431e-14	1.430080e-18
1.217061e+02	3.680256e-14	1.424390e-18
1.217261e+02	3.665159e-14	1.418728e-18
1.217461e+02	3.650139e-14	1.413095e-18
1.217661e+02	3.635120e-14	1.407462e-18
1.217861e+02	3.620254e-14	1.401884e-18
1.218061e+02	3.605387e-14	1.396306e-18
1.218261e+02	3.590598e-14	1.390756e-18
1.218461e+02	3.575884e-14	1.385233e-18
1.218661e+02	3.561170e-14	1.379711e-18
1.218861e+02	3.546606e-14	1.374243e-18
1.219061e+02	3.532042e-14	1.368775e-18
1.219261e+02	3.517554e-14	1.363335e-18
1.219461e+02	3.503139e-14	1.357921e-18
1.219661e+02	3.488725e-14	1.352507e-18
1.219861e+02	3.474457e-14	1.347147e-18
1.220061e+02	3.460189e-14	1.341786e-18
1.220261e+02	3.445995e-14	1.336453e-18
1.220461e+02	3.431874e-14	1.331145e-18
1.220661e+02	3.417753e-14	1.325838e-18
1.220861e+02	3.403775e-14	1.320583e-18
1.221061e+02	3.389798e-14	1.315329e-18
1.221261e+02	3.375893e-14	1.310100e-18
1.221461e+02	3.362058e-14	1.304897e-18
1.221661e+02	3.348225e-14	1.299695e-18
1.221861e+02	3.334532e-14	1.294543e-18
1.222061e+02	3.320839e-14	1.289392e-18
1.222261e+02	3.307217e-14	1.284266e-18
1.222461e+02	3.293664e-14	1.279166e-18
1.222661e+02	3.280112e-14	1.274066e-18
1.222861e+02	3.266697e-14	1.269016e-18
1.223061e+02	3.253283e-14	1.263966e-18
1.223261e+02	3.239938e-14	1.258941e-18
1.223461e+02	3.226660e-14	1.253941e-18
1.223661e+02	3.213384e-14	1.248941e-18
1.223861e+02	3.200243e-14	1.243991e-18
1.224061e+02	3.187101e-14	1.239040e-18
1.224261e+02	3.174028e-14	1.234114e-18
1.224461e+02	3.161020e-14	1.229213e-18
1.224661e+02	3.148014e-14	1.224312e-18
1.224861e+02	3.135140e-14	1.219459e-18
1.225061e+02	3.122266e-14	1.214605e-18
1.225261e+02	3.109458e-14	1.209777e-18
1.225461e+02	3.096716e-14	1.204972e-18
1.225661e+02	3.083974e-14	1.200167e-18
1.225861e+02	3.071362e-14	1.195409e-18
1.226061e+02	3.058749e-14	1.190652e-18
1.226261e+02	3.046203e-14	1.185918e-18
1.226461e+02	3.033719e-14	1.181208e-18
1.226661e+02	3.021237e-14	1.176498e-18
1.226861e+02	3.008881e-14	1.171834e-18
1.227061e+02	2.996525e-14	1.167170e-18
1.227261e+02	2.984234e-14	1.162529e-18
1.227461e+02	2.972005e-14	1.157912e-18
1.227661e+02	2.959776e-14	1.153294e-18
1.227861e+02	2.947672e-14	1.148722e-18
1.228061e+02	2.935567e-14	1.144150e-18
1.228261e+02	2.923526e-14	1.139601e-18
1.228461e+02	2.911545e-14	1.135074e-18
1.228661e+02	2.899566e-14	1.130548e-18
1.228861e+02	2.887708e-14	1.126066e-18
1.229061e+02	2.875850e-14	1.121584e-18
1.229261e+02	2.864053e-14	1.117124e-18
1.229461e+02	2.852316e-14	1.112687e-18
1.229661e+02	2.840580e-14	1.108249e-18
1.229861e+02	2.828964e-14	1.103856e-18
1.230062e+02	2.817347e-14	1.099462e-18
1.230262e+02	2.805790e-14	1.095090e-18
1.230462e+02	2.794292e-14	1.090740e-18
1.230662e+02	2.782795e-14	1.086390e-18
1.230862e+02	2.771414e-14	1.082083e-18
1.231062e+02	2.760034e-14	1.077775e-18
1.231262e+02	2.748713e-14	1.073490e-18
1.231462e+02	2.737448e-14	1.069225e-18
1.231662e+02	2.726185e-14	1.064961e-18
1.231862e+02	2.715036e-14	1.060739e-18
1.232062e+02	2.703887e-14	1.056516e-18
1.232262e+02	2.692796e-14	1.052315e-18
1.232462e+02	2.681761e-14	1.048134e-18
1.232662e+02	2.670727e-14	1.043954e-18
1.232862e+02	2.659805e-14	1.039815e-18
1.233062e+02	2.648883e-14	1.035676e-18
1.233262e+02	2.638017e-14	1.031557e-18
1.233462e+02	2.627207e-14	1.027459e-18
1.233662e+02	2.616398e-14	1.023361e-18
1.233862e+02	2.605697e-14	1.019303e-18
1.234062e+02	2.594997e-14	1.015246e-18
1.234262e+02	2.584353e-14	1.011208e-18
1.234462e+02	2.573762e-14	1.007191e-18
1.234662e+02	2.563173e-14	1.003174e-18
1.234862e+02	2.552691e-14	9.991957e-19
1.235062e+02	2.542208e-14	9.952178e-19
1.235262e+02	2.531781e-14	9.912601e-19
1.235462e+02	2.521405e-14	9.873216e-19
1.235662e+02	2.511031e-14	9.833836e-19
1.235862e+02	2.500762e-14	9.794841e-19
1.236062e+02	2.490493e-14	9.755846e-19
1.236262e+02	2.480278e-14	9.717048e-19
1.236462e+02	2.470113e-14	9.678439e-19
1.236662e+02	2.459950e-14	9.639834e-19
1.236862e+02	2.449890e-14	9.601607e-19
1.237062e+02	2.439830e-14	9.563380e-19
1.237262e+02	2.429822e-14	9.525347e-19
1.237462e+02	2.419865e-14	9.487498e-19
1.237662e+02	2.409909e-14	9.449654e-19
1.237862e+02	2.400053e-14	9.412180e-19
1.238062e+02	2.390198e-14	9.374706e-19
1.238262e+02	2.380394e-14	9.337422e-19
1.238462e+02	2.370639e-14	9.300319e-19
1.238662e+02	2.360885e-14	9.263220e-19
1.238862e+02	2.351230e-14	9.226484e-19
1.239062e+02	2.341575e-14	9.189748e-19
1.239262e+02	2.331971e-14	9.153199e-19
1.239462e+02	2.322414e-14	9.116827e-19
1.239662e+02	2.312859e-14	9.080459e-19
1.239862e+02	2.303400e-14	9.044446e-19
1.240062e+02	2.293942e-14	9.008434e-19
1.240262e+02	2.284533e-14	8.972605e-19
1.240462e+02	2.275171e-14	8.936949e-19
1.240662e+02	2.265810e-14	8.901298e-19
1.240862e+02	2.256544e-14	8.865995e-19
1.241062e+02	2.247277e-14	8.830692e-19
1.241262e+02	2.238060e-14	8.795568e-19
1.241462e+02	2.228888e-14	8.760615e-19
1.241662e+02	2.219718e-14	8.725666e-19
1.241862e+02	2.210640e-14	8.691058e-19
1.242062e+02	2.201562e-14	8.656451e-19
1.242262e+02	2.192532e-14	8.622019e-19
1.242462e+02	2.183547e-14	8.587755e-19
1.242662e+02	2.174563e-14	8.553494e-19
1.242862e+02	2.165670e-14	8.519569e-19
1.243062e+02	2.156777e-14	8.485643e-19
1.243262e+02	2.147931e-14	8.451890e-19
1.243462e+02	2.139129e-14	8.418300e-19
1.243662e+02	2.130328e-14	8.384715e-19
1.243862e+02	2.121616e-14	8.351457e-19
1.244062e+02	2.112903e-14	8.318200e-19
1.244262e+02	2.104237e-14	8.285112e-19
1.244462e+02	2.095614e-14	8.252184e-19
1.244662e+02	2.086992e-14	8.219260e-19
1.244862e+02	2.078457e-14	8.186658e-19
1.245062e+02	2.069922e-14	8.154056e-19
1.245262e+02	2.061432e-14	8.121620e-19
1.245462e+02	2.052984e-14	8.089341e-19
1.245662e+02	2.044538e-14	8.057066e-19
1.245862e+02	2.036177e-14	8.025106e-19
1.246062e+02	2.027815e-14	7.993146e-19
1.246262e+02	2.019498e-14	7.961349e-19
1.246462e+02	2.011222e-14	7.929706e-19
1.246662e+02	2.002947e-14	7.898067e-19
1.246862e+02	1.994756e-14	7.866737e-19
1.247062e+02	1.986565e-14	7.835407e-19
1.247262e+02	1.978417e-14	7.804237e-19
1.247462e+02	1.970309e-14	7.773217e-19
1.247662e+02	1.962203e-14	7.742202e-19
1.247862e+02	1.954179e-14	7.711489e-19
1.248062e+02	1.946154e-14	7.680776e-19
1.248262e+02	1.938172e-14	7.650220e-19
1.248462e+02	1.930229e-14	7.619811e-19
1.248662e+02	1.922288e-14	7.589407e-19
1.248862e+02	1.914426e-14	7.559299e-19
1.249062e+02	1.906565e-14	7.529192e-19
1.249262e+02	1.898745e-14	7.499238e-19
1.249462e+02	1.890964e-14	7.469428e-19
1.249662e+02	1.883184e-14	7.439623e-19
1.249862e+02	1.875483e-14	7.410109e-19
1.250063e+02	1.867782e-14	7.380595e-19
1.250263e+02	1.860121e-14	7.351231e-19
1.250463e+02	1.852498e-14	7.322009e-19
1.250663e+02	1.844877e-14	7.292791e-19
1.250863e+02	1.837332e-14	7.263859e-19
1.251063e+02	1.829787e-14	7.234926e-19
1.251263e+02	1.822282e-14	7.206141e-19
1.251463e+02	1.814814e-14	7.177495e-19
1.251663e+02	1.807348e-14	7.148853e-19
1.251863e+02	1.799957e-14	7.120490e-19
1.252063e+02	1.792565e-14	7.092128e-19
1.252263e+02	1.785213e-14	7.063910e-19
1.252463e+02	1.777897e-14	7.035828e-19
1.252663e+02	1.770583e-14	7.007751e-19
1.252863e+02	1.763342e-14	6.979947e-19
1.253063e+02	1.756101e-14	6.952144e-19
1.253263e+02	1.748898e-14	6.924482e-19
1.253463e+02	1.741731e-14	6.896954e-19
1.253663e+02	1.734566e-14	6.869430e-19
1.253863e+02	1.727472e-14	6.842174e-19
1.254063e+02	1.720379e-14	6.814919e-19
1.254263e+02	1.713322e-14	6.787802e-19
1.254463e+02	1.706301e-14	6.760817e-19
1.254663e+02	1.699281e-14	6.733835e-19
1.254863e+02	1.692332e-14	6.707117e-19
1.255063e+02	1.685383e-14	6.680398e-19
1.255263e+02	1.678470e-14	6.653816e-19
1.255463e+02	1.671592e-14	6.627362e-19
1.255663e+02	1.664715e-14	6.600913e-19
1.255863e+02	1.657907e-14	6.574721e-19
1.256063e+02	1.651099e-14	6.548529e-19
1.256263e+02	1.644327e-14	6.522471e-19
1.256463e+02	1.637589e-14	6.496538e-19
1.256663e+02	1.630851e-14	6.470610e-19
1.256863e+02	1.624182e-14	6.444935e-19
1.257063e+02	1.617512e-14	6.419259e-19
1.257263e+02	1.610878e-14	6.393715e-19
1.257463e+02	1.604277e-14	6.368293e-19
1.257663e+02	1.597677e-14	6.342876e-19
1.257863e+02	1.591143e-14	6.317706e-19
1.258063e+02	1.584609e-14	6.292537e-19
1.258263e+02	1.578110e-14	6.267496e-19
1.258463e+02	1.571643e-14	6.242576e-19
1.258663e+02	1.565177e-14	6.217660e-19
1.258863e+02	1.558776e-14	6.192986e-19
1.259063e+02	1.552376e-14	6.168313e-19
1.259263e+02	1.546009e-14	6.143766e-19
1.259463e+02	1.539673e-14	6.119336e-19
1.259663e+02	1.533339e-14	6.094911e-19
1.259863e+02	1.527068e-14	6.070724e-19
1.260063e+02	1.520798e-14	6.046537e-19
1.260263e+02	1.514560e-14	6.022474e-19
1.260463e+02	1.508354e-14	5.998526e-19
1.260663e+02	1.502148e-14	5.974583e-19
1.260863e+02	1.496005e-14	5.950873e-19
1.261063e+02	1.489862e-14	5.927162e-19
1.261263e+02	1.483751e-14	5.903573e-19
1.261463e+02	1.477671e-14	5.880098e-19
1.261663e+02	1.471592e-14	5.856626e-19
1.261863e+02	1.465574e-14	5.833383e-19
1.262063e+02	1.459556e-14	5.810140e-19
1.262263e+02	1.453569e-14	5.787017e-19
1.262463e+02	1.447613e-14	5.764004e-19
1.262663e+02	1.441657e-14	5.740995e-19
1.262863e+02	1.435762e-14	5.718211e-19
1.263063e+02	1.429866e-14	5.695426e-19
1.263263e+02	1.424002e-14	5.672758e-19
1.263463e+02	1.418166e-14	5.650199e-19
1.263663e+02	1.412332e-14	5.627644e-19
1.263863e+02	1.406556e-14	5.605308e-19
1.264063e+02	1.400780e-14	5.582972e-19
1.264263e+02	1.395035e-14	5.560752e-19
1.264463e+02	1.389318e-14	5.538637e-19
1.264663e+02	1.383603e-14	5.516527e-19
1.264863e+02	1.377944e-14	5.494632e-19
1.265063e+02	1.372286e-14	5.472736e-19
1.265263e+02	1.366658e-14	5.450954e-19
1.265463e+02	1.361058e-14	5.429275e-19
1.265663e+02	1.355458e-14	5.407601e-19
1.265863e+02	1.349915e-14	5.386137e-19
1.266063e+02	1.344372e-14	5.364674e-19
1.266263e+02	1.338858e-14	5.343320e-19
1.266463e+02	1.333372e-14	5.322069e-19
1.266663e+02	1.327886e-14	5.300823e-19
1.266863e+02	1.322456e-14	5.279782e-19
1.267063e+02	1.317025e-14	5.258742e-19
1.267263e+02	1.311624e-14	5.237809e-19
1.267463e+02	1.306249e-14	5.216977e-19
1.267663e+02	1.300875e-14	5.196149e-19
1.267863e+02	1.295555e-14	5.175524e-19
1.268063e+02	1.290235e-14	5.154898e-19
1.268263e+02	1.284943e-14	5.134379e-19
1.268463e+02	1.279678e-14	5.113957e-19
1.268663e+02	1.274413e-14	5.093540e-19
1.268863e+02	1.269202e-14	5.073321e-19
1.269063e+02	1.263990e-14	5.053102e-19
1.269263e+02	1.258806e-14	5.032987e-19
1.269463e+02	1.253647e-14	5.012969e-19
1.269663e+02	1.248490e-14	4.992954e-19
1.269863e+02	1.243384e-14	4.973134e-19
1.270064e+02	1.238279e-14	4.953314e-19
1.270264e+02	1.233200e-14	4.933596e-19
1.270464e+02	1.228147e-14	4.913972e-19
1.270664e+02	1.223094e-14	4.894352e-19
1.270864e+02	1.218092e-14	4.874922e-19
1.271064e+02	1.213090e-14	4.855493e-19
1.271264e+02	1.208115e-14	4.836164e-19
1.271464e+02	1.203164e-14	4.816927e-19
1.271664e+02	1.198215e-14	4.797694e-19
1.271864e+02	1.193315e-14	4.778647e-19
1.272064e+02	1.188415e-14	4.759601e-19
1.272264e+02	1.183541e-14	4.740653e-19
1.272464e+02	1.178691e-14	4.721795e-19
1.272664e+02	1.173842e-14	4.702942e-19
1.272864e+02	1.169041e-14	4.684271e-19
1.273064e+02	1.164241e-14	4.665600e-19
1.273264e+02	1.159466e-14	4.647026e-19
1.273464e+02	1.154715e-14	4.628540e-19
1.273664e+02	1.149964e-14	4.610058e-19
1.273864e+02	1.145261e-14	4.591756e-19
1.274064e+02	1.140559e-14	4.573453e-19
1.274264e+02	1.135881e-14	4.555245e-19
1.274464e+02	1.131226e-14	4.537124e-19
1.274664e+02	1.126573e-14	4.519006e-19
1.274864e+02	1.121965e-14	4.501065e-19
1.275064e+02	1.117358e-14	4.483123e-19
1.275264e+02	1.112776e-14	4.465274e-19
1.275464e+02	1.108216e-14	4.447510e-19
1.275664e+02	1.103657e-14	4.429751e-19
1.275864e+02	1.099143e-14	4.412163e-19
1.276064e+02	1.094630e-14	4.394575e-19
1.276264e+02	1.090141e-14	4.377078e-19
1.276464e+02	1.085673e-14	4.359665e-19
1.276664e+02	1.081207e-14	4.342255e-19
1.276864e+02	1.076786e-14	4.325014e-19
1.277064e+02	1.072364e-14	4.307773e-19
1.277264e+02	1.067966e-14	4.290621e-19
1.277464e+02	1.063590e-14	4.273551e-19
1.277664e+02	1.059214e-14	4.256485e-19
1.277864e+02	1.054883e-14	4.239584e-19
1.278064e+02	1.050551e-14	4.222683e-19
1.278264e+02	1.046242e-14	4.205870e-19
1.278464e+02	1.041955e-14	4.189136e-19
1.278664e+02	1.037669e-14	4.172407e-19
1.278864e+02	1.033425e-14	4.155839e-19
1.279064e+02	1.029182e-14	4.139272e-19
1.279264e+02	1.024961e-14	4.122790e-19
1.279464e+02	1.020761e-14	4.106387e-19
1.279664e+02	1.016561e-14	4.089987e-19
1.279864e+02	1.012404e-14	4.073746e-19
1.280064e+02	1.008247e-14	4.057506e-19
1.280264e+02	1.004112e-14	4.041349e-19
1.280464e+02	9.999973e-15	4.025269e-19
1.280664e+02	9.958836e-15	4.009193e-19
1.280864e+02	9.918110e-15	3.993273e-19
1.281064e+02	9.877383e-15	3.977352e-19
1.281264e+02	9.836875e-15	3.961514e-19
1.281464e+02	9.796564e-15	3.945752e-19
1.281664e+02	9.756264e-15	3.929993e-19
1.281864e+02	9.716366e-15	3.914386e-19
1.282064e+02	9.676468e-15	3.898780e-19
1.282264e+02	9.636784e-15	3.883254e-19
1.282464e+02	9.597293e-15	3.867803e-19
1.282664e+02	9.557813e-15	3.852355e-19
1.282864e+02	9.518726e-15	3.837056e-19
1.283064e+02	9.479640e-15	3.821758e-19
1.283264e+02	9.440763e-15	3.806538e-19
1.283464e+02	9.402076e-15	3.791392e-19
1.283664e+02	9.363399e-15	3.776248e-19
1.283864e+02	9.325107e-15	3.761251e-19
1.284064e+02	9.286816e-15	3.746255e-19
1.284264e+02	9.248730e-15	3.731336e-19
1.284464e+02	9.210830e-15	3.716488e-19
1.284664e+02	9.172939e-15	3.701643e-19
1.284864e+02	9.135427e-15	3.686942e-19
1.285064e+02	9.097914e-15	3.672241e-19
1.285264e+02	9.060603e-15	3.657617e-19
1.285464e+02	9.023474e-15	3.643062e-19
1.285664e+02	8.986354e-15	3.628510e-19
1.285864e+02	8.949605e-15	3.614099e-19
1.286064e+02	8.912856e-15	3.599688e-19
1.286264e+02	8.876303e-15	3.585352e-19
1.286464e+02	8.839930e-15	3.571084e-19
1.286664e+02	8.803565e-15	3.556820e-19
1.286864e+02	8.767563e-15	3.542693e-19
1.287064e+02	8.731561e-15	3.528566e-19
1.287264e+02	8.695753e-15	3.514513e-19
1.287464e+02	8.660119e-15	3.500527e-19
1.287664e+02	8.624494e-15	3.486544e-19
1.287864e+02	8.589225e-15	3.472696e-19
1.288064e+02	8.553955e-15	3.458848e-19
1.288264e+02	8.518875e-15	3.445072e-19
1.288464e+02	8.483966e-15	3.431361e-19
1.288664e+02	8.449066e-15	3.417654e-19
1.288864e+02	8.414514e-15	3.404079e-19
1.289064e+02	8.379962e-15	3.390505e-19
1.289264e+02	8.345595e-15	3.377001e-19
1.289464e+02	8.311397e-15	3.363561e-19
1.289664e+02	8.277207e-15	3.350124e-19
1.289864e+02	8.243357e-15	3.336817e-19
1.290065e+02	8.209508e-15	3.323510e-19
1.290265e+02	8.175841e-15	3.310273e-19
1.290465e+02	8.142338e-15	3.297098e-19
1.290665e+02	8.108843e-15	3.283926e-19
1.290865e+02	8.075682e-15	3.270882e-19
1.291065e+02	8.042522e-15	3.257838e-19
1.291265e+02	8.009539e-15	3.244861e-19
1.291465e+02	7.976718e-15	3.231946e-19
1.291665e+02	7.943905e-15	3.219035e-19
1.291865e+02	7.911418e-15	3.206248e-19
1.292065e+02	7.878932e-15	3.193461e-19
1.292265e+02	7.846621e-15	3.180740e-19
1.292465e+02	7.814467e-15	3.168080e-19
1.292665e+02	7.782321e-15	3.155423e-19
1.292865e+02	7.750496e-15	3.142889e-19
1.293065e+02	7.718671e-15	3.130354e-19
1.293265e+02	7.687016e-15	3.117885e-19
1.293465e+02	7.655516e-15	3.105475e-19
1.293665e+02	7.624025e-15	3.093068e-19
1.293865e+02	7.592847e-15	3.080780e-19
1.294065e+02	7.561669e-15	3.068493e-19
1.294265e+02	7.530659e-15	3.056270e-19
1.294465e+02	7.499800e-15	3.044105e-19
1.294665e+02	7.468949e-15	3.031942e-19
1.294865e+02	7.438405e-15	3.019897e-19
1.295065e+02	7.407861e-15	3.007853e-19
1.295265e+02	7.377482e-15	2.995871e-19
1.295465e+02	7.347250e-15	2.983945e-19
1.295665e+02	7.317027e-15	2.972023e-19
1.295865e+02	7.287105e-15	2.960216e-19
1.296065e+02	7.257182e-15	2.948409e-19
1.296265e+02	7.227421e-15	2.936664e-19
1.296465e+02	7.197804e-15	2.924974e-19
1.296665e+02	7.168196e-15	2.913287e-19
1.296865e+02	7.138882e-15	2.901713e-19
1.297065e+02	7.109568e-15	2.890138e-19
1.297265e+02	7.080412e-15	2.878625e-19
1.297465e+02	7.051398e-15	2.867165e-19
1.297665e+02	7.022392e-15	2.855709e-19
1.297865e+02	6.993675e-15	2.844364e-19
1.298065e+02	6.964957e-15	2.833018e-19
1.298265e+02	6.936394e-15	2.821732e-19
1.298465e+02	6.907970e-15	2.810498e-19
1.298665e+02	6.879554e-15	2.799268e-19
1.298865e+02	6.851421e-15	2.788146e-19
1.299065e+02	6.823287e-15	2.777025e-19
1.299265e+02	6.795306e-15	2.765961e-19
1.299465e+02	6.767460e-15	2.754950e-19
1.299665e+02	6.739622e-15	2.743941e-19
1.299865e+02	6.712061e-15	2.733039e-19
1.300065e+02	6.684500e-15	2.722137e-19
1.300265e+02	6.657088e-15	2.711291e-19
1.300465e+02	6.629808e-15	2.700497e-19
1.300665e+02	6.602537e-15	2.689706e-19
1.300865e+02	6.575536e-15	2.679019e-19
1.301065e+02	6.548535e-15	2.668332e-19
1.301265e+02	6.521681e-15	2.657701e-19
1.301465e+02	6.494956e-15	2.647120e-19
1.301665e+02	6.468240e-15	2.636542e-19
1.301865e+02	6.441788e-15	2.626065e-19
1.302065e+02	6.415337e-15	2.615589e-19
1.302265e+02	6.389028e-15	2.605168e-19
1.302465e+02	6.362848e-15	2.594796e-19
1.302665e+02	6.336674e-15	2.584426e-19
1.302865e+02	6.310761e-15	2.574157e-19
1.303065e+02	6.284848e-15	2.563888e-19
1.303265e+02	6.259075e-15	2.553672e-19
1.303465e+02	6.233426e-15	2.543504e-19
1.303665e+02	6.207785e-15	2.533340e-19
1.303865e+02	6.182399e-15	2.523273e-19
1.304065e+02	6.157013e-15	2.513206e-19
1.304265e+02	6.131764e-15	2.503193e-19
1.304465e+02	6.106638e-15	2.493226e-19
1.304665e+02	6.081518e-15	2.483262e-19
1.304865e+02	6.056649e-15	2.473394e-19
1.305065e+02	6.031779e-15	2.463526e-19
1.305265e+02	6.007044e-15	2.453710e-19
1.305465e+02	5.982428e-15	2.443940e-19
1.305665e+02	5.957820e-15	2.434172e-19
1.305865e+02	5.933456e-15	2.424499e-19
1.306065e+02	5.909092e-15	2.414826e-19
1.306265e+02	5.884860e-15	2.405204e-19
1.306465e+02	5.860745e-15	2.395626e-19
1.306665e+02	5.836638e-15	2.386052e-19
1.306865e+02	5.812769e-15	2.376570e-19
1.307065e+02	5.788901e-15	2.367087e-19
1.307265e+02	5.765162e-15	2.357655e-19
1.307465e+02	5.741537e-15	2.348267e-19
1.307665e+02	5.717920e-15	2.338881e-19
1.307865e+02	5.694538e-15	2.329586e-19
1.308065e+02	5.671155e-15	2.320291e-19
1.308265e+02	5.647899e-15	2.311045e-19
1.308465e+02	5.624755e-15	2.301842e-19
1.308665e+02	5.601618e-15	2.292642e-19
1.308865e+02	5.578711e-15	2.283531e-19
1.309065e+02	5.555804e-15	2.274419e-19
1.309265e+02	5.533021e-15	2.265356e-19
1.309465e+02	5.510348e-15	2.256334e-19
1.309665e+02	5.487682e-15	2.247316e-19
1.309865e+02	5.465240e-15	2.238384e-19
1.310066e+02	5.442799e-15	2.229453e-19
1.310266e+02	5.420479e-15	2.220568e-19
1.310466e+02	5.398268e-15	2.211725e-19
1.310666e+02	5.376063e-15	2.202884e-19
1.310866e+02	5.354078e-15	2.194129e-19
1.311066e+02	5.332093e-15	2.185374e-19
1.311266e+02	5.310228e-15	2.176665e-19
1.311466e+02	5.288467e-15	2.167996e-19
1.311666e+02	5.266714e-15	2.159330e-19
1.311866e+02	5.245177e-15	2.150748e-19
1.312066e+02	5.223639e-15	2.142165e-19
1.312266e+02	5.202218e-15	2.133628e-19
1.312466e+02	5.180901e-15	2.125131e-19
1.312666e+02	5.159590e-15	2.116636e-19
1.312866e+02	5.138491e-15	2.108223e-19
1.313066e+02	5.117391e-15	2.099810e-19
1.313266e+02	5.096406e-15	2.091441e-19
1.313466e+02	5.075522e-15	2.083112e-19
1.313666e+02	5.054645e-15	2.074785e-19
1.313866e+02	5.033975e-15	2.066538e-19
1.314066e+02	5.013305e-15	2.058291e-19
1.314266e+02	4.992746e-15	2.050088e-19
1.314466e+02	4.972287e-15	2.041922e-19
1.314666e+02	4.951835e-15	2.033760e-19
1.314866e+02	4.931585e-15	2.025676e-19
1.315066e+02	4.911335e-15	2.017592e-19
1.315266e+02	4.891195e-15	2.009550e-19
1.315466e+02	4.871152e-15	2.001546e-19
1.315666e+02	4.851116e-15	1.993545e-19
1.315866e+02	4.831278e-15	1.985621e-19
1.316066e+02	4.811440e-15	1.977696e-19
1.316266e+02	4.791710e-15	1.969814e-19
1.316466e+02	4.772075e-15	1.961968e-19
1.316666e+02	4.752446e-15	1.954124e-19
1.316866e+02	4.733011e-15	1.946357e-19
1.317066e+02	4.713577e-15	1.938589e-19
1.317266e+02	4.694248e-15	1.930862e-19
1.317466e+02	4.675012e-15	1.923171e-19
1.317666e+02	4.655783e-15	1.915482e-19
1.317866e+02	4.636744e-15	1.907868e-19
1.318066e+02	4.617704e-15	1.900253e-19
1.318266e+02	4.598769e-15	1.892679e-19
1.318466e+02	4.579924e-15	1.885140e-19
1.318666e+02	4.561086e-15	1.877603e-19
1.318866e+02	4.542434e-15	1.870139e-19
1.319066e+02	4.523782e-15	1.862675e-19
1.319266e+02	4.505232e-15	1.855250e-19
1.319466e+02	4.486771e-15	1.847860e-19
1.319666e+02	4.468315e-15	1.840472e-19
1.319866e+02	4.450043e-15	1.833155e-19
1.320066e+02	4.431770e-15	1.825839e-19
1.320266e+02	4.413597e-15	1.818560e-19
1.320466e+02	4.395512e-15	1.811316e-19
1.320666e+02	4.377432e-15	1.804074e-19
1.320866e+02	4.359531e-15	1.796902e-19
1.321066e+02	4.341630e-15	1.789730e-19
1.321266e+02	4.323827e-15	1.782595e-19
1.321466e+02	4.306109e-15	1.775494e-19
1.321666e+02	4.288397e-15	1.768395e-19
1.321866e+02	4.270860e-15	1.761365e-19
1.322066e+02	4.253324e-15	1.754334e-19
1.322266e+02	4.235883e-15	1.747341e-19
1.322466e+02	4.218525e-15	1.740380e-19
1.322666e+02	4.201173e-15	1.733421e-19
1.322866e+02	4.183993e-15	1.726529e-19
1.323066e+02	4.166813e-15	1.719638e-19
1.323266e+02	4.149727e-15	1.712782e-19
1.323466e+02	4.132723e-15	1.705959e-19
1.323666e+02	4.115724e-15	1.699138e-19
1.323866e+02	4.098893e-15	1.692382e-19
1.324066e+02	4.082063e-15	1.685626e-19
1.324266e+02	4.065324e-15	1.678907e-19
1.324466e+02	4.048665e-15	1.672218e-19
1.324666e+02	4.032013e-15	1.665531e-19
1.324866e+02	4.015524e-15	1.658909e-19
1.325066e+02	3.999036e-15	1.652287e-19
1.325266e+02	3.982638e-15	1.645700e-19
1.325466e+02	3.966318e-15	1.639143e-19
1.325666e+02	3.950004e-15	1.632589e-19
1.325866e+02	3.933851e-15	1.626098e-19
1.326066e+02	3.917698e-15	1.619606e-19
1.326266e+02	3.901634e-15	1.613149e-19
1.326466e+02	3.885646e-15	1.606722e-19
1.326666e+02	3.869664e-15	1.600297e-19
1.326866e+02	3.853839e-15	1.593934e-19
1.327066e+02	3.838015e-15	1.587571e-19
1.327266e+02	3.822277e-15	1.581241e-19
1.327466e+02	3.806614e-15	1.574941e-19
1.327666e+02	3.790957e-15	1.568643e-19
1.327866e+02	3.775455e-15	1.562406e-19
1.328066e+02	3.759952e-15	1.556168e-19
1.328266e+02	3.744535e-15	1.549964e-19
1.328466e+02	3.729191e-15	1.543788e-19
1.328666e+02	3.713852e-15	1.537615e-19
1.328866e+02	3.698665e-15	1.531500e-19
1.329066e+02	3.683478e-15	1.525386e-19
1.329266e+02	3.668374e-15	1.519304e-19
1.329466e+02	3.653342e-15	1.513250e-19
1.329666e+02	3.638315e-15	1.507199e-19
1.329866e+02	3.623437e-15	1.501205e-19
1.330067e+02	3.608559e-15	1.495212e-19
1.330267e+02	3.593762e-15	1.489250e-19
1.330467e+02	3.579036e-15	1.483316e-19
1.330667e+02	3.564315e-15	1.477384e-19
1.330867e+02	3.549739e-15	1.471509e-19
1.331067e+02	3.535164e-15	1.465634e-19
1.331267e+02	3.520668e-15	1.459790e-19
1.331467e+02	3.506241e-15	1.453973e-19
1.331667e+02	3.491820e-15	1.448158e-19
1.331867e+02	3.477541e-15	1.442399e-19
1.332067e+02	3.463261e-15	1.436640e-19
1.332267e+02	3.449061e-15	1.430911e-19
1.332467e+02	3.434927e-15	1.425210e-19
1.332667e+02	3.420799e-15	1.419510e-19
1.332867e+02	3.406811e-15	1.413864e-19
1.333067e+02	3.392822e-15	1.408219e-19
1.333267e+02	3.378910e-15	1.402604e-19
1.333467e+02	3.365064e-15	1.397014e-19
1.333667e+02	3.351223e-15	1.391427e-19
1.333867e+02	3.337519e-15	1.385893e-19
1.334067e+02	3.323815e-15	1.380360e-19
1.334267e+02	3.310186e-15	1.374855e-19
1.334467e+02	3.296622e-15	1.369376e-19
1.334667e+02	3.283063e-15	1.363900e-19
1.334867e+02	3.269637e-15	1.358475e-19
1.335067e+02	3.256212e-15	1.353051e-19
1.335267e+02	3.242860e-15	1.347655e-19
1.335467e+02	3.229572e-15	1.342284e-19
1.335667e+02	3.216289e-15	1.336916e-19
1.335867e+02	3.203136e-15	1.331598e-19
1.336067e+02	3.189984e-15	1.326281e-19
1.336267e+02	3.176903e-15	1.320992e-19
1.336467e+02	3.163886e-15	1.315728e-19
1.336667e+02	3.150873e-15	1.310465e-19
1.336867e+02	3.137988e-15	1.305253e-19
1.337067e+02	3.125103e-15	1.300041e-19
1.337267e+02	3.112289e-15	1.294856e-19
1.337467e+02	3.099535e-15	1.289696e-19
1.337667e+02	3.086787e-15	1.284537e-19
1.337867e+02	3.074164e-15	1.279428e-19
1.338067e+02	3.061541e-15	1.274319e-19
1.338267e+02	3.048988e-15	1.269237e-19
1.338467e+02	3.036494e-15	1.264178e-19
1.338667e+02	3.024005e-15	1.259122e-19
1.338867e+02	3.011639e-15	1.254113e-19
1.339067e+02	2.999273e-15	1.249105e-19
1.339267e+02	2.986975e-15	1.244123e-19
1.339467e+02	2.974735e-15	1.239165e-19
1.339667e+02	2.962500e-15	1.234208e-19
1.339867e+02	2.950386e-15	1.229299e-19
1.340067e+02	2.938271e-15	1.224389e-19
1.340267e+02	2.926223e-15	1.219506e-19
1.340467e+02	2.914233e-15	1.214646e-19
1.340667e+02	2.902247e-15	1.209787e-19
1.340867e+02	2.890378e-15	1.204975e-19
1.341067e+02	2.878510e-15	1.200162e-19
1.341267e+02	2.866707e-15	1.195376e-19
1.341467e+02	2.854961e-15	1.190611e-19
1.341667e+02	2.843218e-15	1.185848e-19
1.341867e+02	2.831592e-15	1.181131e-19
1.342067e+02	2.819965e-15	1.176414e-19
1.342267e+02	2.808402e-15	1.171722e-19
1.342467e+02	2.796894e-15	1.167052e-19
1.342667e+02	2.785391e-15	1.162383e-19
1.342867e+02	2.774001e-15	1.157759e-19
1.343067e+02	2.762610e-15	1.153135e-19
1.343267e+02	2.751283e-15	1.148536e-19
1.343467e+02	2.740009e-15	1.143958e-19
1.343667e+02	2.728740e-15	1.139381e-19
1.343867e+02	2.717581e-15	1.134849e-19
1.344067e+02	2.706422e-15	1.130316e-19
1.344267e+02	2.695325e-15	1.125808e-19
1.344467e+02	2.684281e-15	1.121320e-19
1.344667e+02	2.673241e-15	1.116834e-19
1.344867e+02	2.662309e-15	1.112391e-19
1.345067e+02	2.651377e-15	1.107948e-19
1.345267e+02	2.640506e-15	1.103529e-19
1.345467e+02	2.629686e-15	1.099130e-19
1.345667e+02	2.618870e-15	1.094732e-19
1.345867e+02	2.608161e-15	1.090377e-19
1.346067e+02	2.597452e-15	1.086022e-19
1.346267e+02	2.586802e-15	1.081690e-19
1.346467e+02	2.576202e-15	1.077378e-19
1.346667e+02	2.565606e-15	1.073068e-19
1.346867e+02	2.555115e-15	1.068799e-19
1.347067e+02	2.544623e-15	1.064529e-19
1.347267e+02	2.534190e-15	1.060283e-19
1.347467e+02	2.523805e-15	1.056056e-19
1.347667e+02	2.513425e-15	1.051831e-19
1.347867e+02	2.503147e-15	1.047646e-19
1.348067e+02	2.492869e-15	1.043462e-19
1.348267e+02	2.482648e-15	1.039299e-19
1.348467e+02	2.472475e-15	1.035156e-19
1.348667e+02	2.462306e-15	1.031014e-19
1.348867e+02	2.452237e-15	1.026912e-19
1.349067e+02	2.442168e-15	1.022810e-19
1.349267e+02	2.432155e-15	1.018730e-19
1.349467e+02	2.422188e-15	1.014669e-19
1.349667e+02	2.412226e-15	1.010609e-19
1.349867e+02	2.402362e-15	1.006588e-19
1.350068e+02	2.392498e-15	1.002567e-19
1.350268e+02	2.382688e-15	9.985675e-20
1.350468e+02	2.372925e-15	9.945864e-20
1.350668e+02	2.363165e-15	9.906069e-20
1.350868e+02	2.353502e-15	9.866654e-20
1.351068e+02	2.343838e-15	9.827239e-20
1.351268e+02	2.334228e-15	9.788035e-20
1.351468e+02	2.324663e-15	9.749011e-20
1.351668e+02	2.315102e-15	9.710003e-20
1.351868e+02	2.305635e-15	9.671367e-20
1.352068e+02	2.296168e-15	9.632730e-20
1.352268e+02	2.286753e-15	9.594302e-20
1.352468e+02	2.277383e-15	9.556049e-20
1.352668e+02	2.268017e-15	9.517812e-20
1.352868e+02	2.258742e-15	9.479940e-20
1.353068e+02	2.249468e-15	9.442067e-20
1.353268e+02	2.240245e-15	9.404398e-20
1.353468e+02	2.231065e-15	9.366902e-20
1.353668e+02	2.221889e-15	9.329421e-20
1.353868e+02	2.212803e-15	9.292297e-20
1.354068e+02	2.203717e-15	9.255173e-20
1.354268e+02	2.194682e-15	9.218248e-20
1.354468e+02	2.185689e-15	9.181493e-20
1.354668e+02	2.176699e-15	9.144753e-20
1.354868e+02	2.167798e-15	9.108363e-20
1.355068e+02	2.158897e-15	9.071973e-20
1.355268e+02	2.150046e-15	9.035779e-20
1.355468e+02	2.141235e-15	8.999750e-20
1.355668e+02	2.132429e-15	8.963736e-20
1.355868e+02	2.123709e-15	8.928066e-20
1.356068e+02	2.114989e-15	8.892395e-20
1.356268e+02	2.106317e-15	8.856916e-20
1.356468e+02	2.097686e-15	8.821600e-20
1.356668e+02	2.089059e-15	8.786298e-20
1.356868e+02	2.080517e-15	8.751333e-20
1.357068e+02	2.071974e-15	8.716367e-20
1.357268e+02	2.063478e-15	8.681590e-20
1.357468e+02	2.055023e-15	8.646972e-20
1.357668e+02	2.046571e-15	8.612368e-20
1.357868e+02	2.038202e-15	8.578094e-20
1.358068e+02	2.029834e-15	8.543819e-20
1.358268e+02	2.021511e-15	8.509730e-20
1.358468e+02	2.013228e-15	8.475796e-20
1.358668e+02	2.004948e-15	8.441876e-20
1.358868e+02	1.996749e-15	8.408280e-20
1.359068e+02	1.988550e-15	8.374683e-20
1.359268e+02	1.980397e-15	8.341267e-20
1.359468e+02	1.972282e-15	8.308005e-20
1.359668e+02	1.964171e-15	8.274756e-20
1.359868e+02	1.956139e-15	8.241823e-20
1.360068e+02	1.948107e-15	8.208891e-20
1.360268e+02	1.940120e-15	8.176136e-20
1.360468e+02	1.932170e-15	8.143531e-20
1.360668e+02	1.924223e-15	8.110939e-20
1.360868e+02	1.916355e-15	8.078658e-20
1.361068e+02	1.908486e-15	8.046377e-20
1.361268e+02	1.900661e-15	8.014269e-20
1.361468e+02	1.892873e-15	7.982309e-20
1.361668e+02	1.885088e-15	7.950362e-20
1.361868e+02	1.877380e-15	7.918719e-20
1.362068e+02	1.869671e-15	7.887076e-20
1.362268e+02	1.862005e-15	7.855603e-20
1.362468e+02	1.854376e-15	7.824275e-20
1.362668e+02	1.846749e-15	7.792959e-20
1.362868e+02	1.839197e-15	7.761942e-20
1.363068e+02	1.831646e-15	7.730925e-20
1.363268e+02	1.824136e-15	7.700075e-20
1.363468e+02	1.816661e-15	7.669365e-20
1.363668e+02	1.809190e-15	7.638669e-20
1.363868e+02	1.801792e-15	7.608265e-20
1.364068e+02	1.794394e-15	7.577861e-20
1.364268e+02	1.787037e-15	7.547621e-20
1.364468e+02	1.779714e-15	7.517519e-20
1.364668e+02	1.772395e-15	7.487430e-20
1.364868e+02	1.765147e-15	7.457627e-20
1.365068e+02	1.757899e-15	7.427824e-20
1.365268e+02	1.750692e-15	7.398182e-20
1.365468e+02	1.743518e-15	7.368676e-20
1.365668e+02	1.736348e-15	7.339182e-20
1.365868e+02	1.729248e-15	7.309968e-20
1.366068e+02	1.722147e-15	7.280754e-20
1.366268e+02	1.715086e-15	7.251699e-20
1.366468e+02	1.708059e-15	7.222775e-20
1.366668e+02	1.701034e-15	7.193865e-20
1.366868e+02	1.694078e-15	7.165229e-20
1.367068e+02	1.687122e-15	7.136593e-20
1.367268e+02	1.680205e-15	7.108112e-20
1.367468e+02	1.673320e-15	7.079760e-20
1.367668e+02	1.666439e-15	7.051422e-20
1.367868e+02	1.659624e-15	7.023352e-20
1.368068e+02	1.652810e-15	6.995282e-20
1.368268e+02	1.646033e-15	6.967365e-20
1.368468e+02	1.639289e-15	6.939574e-20
1.368668e+02	1.632547e-15	6.911795e-20
1.368868e+02	1.625871e-15	6.884281e-20
1.369068e+02	1.619195e-15	6.856766e-20
1.369268e+02	1.612557e-15	6.829401e-20
1.369468e+02	1.605949e-15	6.802159e-20
1.369668e+02	1.599345e-15	6.774931e-20
1.369868e+02	1.592804e-15	6.747960e-20
1.370069e+02	1.586264e-15	6.720990e-20
1.370269e+02	1.579761e-15	6.694165e-20
1.370469e+02	1.573288e-15	6.667463e-20
1.370669e+02	1.566817e-15	6.640772e-20
1.370869e+02	1.560410e-15	6.614335e-20
1.371069e+02	1.554003e-15	6.587898e-20
1.371269e+02	1.547632e-15	6.561604e-20
1.371469e+02	1.541290e-15	6.535430e-20
1.371669e+02	1.534952e-15	6.509268e-20
1.371869e+02	1.528675e-15	6.483353e-20
1.372069e+02	1.522398e-15	6.457439e-20
1.372269e+02	1.516157e-15	6.431665e-20
1.372469e+02	1.509944e-15	6.406009e-20
1.372669e+02	1.503734e-15	6.380364e-20
1.372869e+02	1.497585e-15	6.354962e-20
1.373069e+02	1.491436e-15	6.329560e-20
1.373269e+02	1.485322e-15	6.304296e-20
1.373469e+02	1.479235e-15	6.279147e-20
1.373669e+02	1.473152e-15	6.254009e-20
1.373869e+02	1.467128e-15	6.229110e-20
1.374069e+02	1.461104e-15	6.204211e-20
1.374269e+02	1.455114e-15	6.179447e-20
1.374469e+02	1.449151e-15	6.154795e-20
1.374669e+02	1.443192e-15	6.130154e-20
1.374869e+02	1.437290e-15	6.105747e-20
1.375069e+02	1.431389e-15	6.081340e-20
1.375269e+02	1.425520e-15	6.057066e-20
1.375469e+02	1.419679e-15	6.032902e-20
1.375669e+02	1.413840e-15	6.008749e-20
1.375869e+02	1.408059e-15	5.984825e-20
1.376069e+02	1.402278e-15	5.960901e-20
1.376269e+02	1.396528e-15	5.937106e-20
1.376469e+02	1.390806e-15	5.913420e-20
1.376669e+02	1.385086e-15	5.889745e-20
1.376869e+02	1.379423e-15	5.866294e-20
1.377069e+02	1.373759e-15	5.842843e-20
1.377269e+02	1.368126e-15	5.819520e-20
1.377469e+02	1.362520e-15	5.796302e-20
1.377669e+02	1.356917e-15	5.773095e-20
1.377869e+02	1.351368e-15	5.750108e-20
1.378069e+02	1.345820e-15	5.727121e-20
1.378269e+02	1.340302e-15	5.704259e-20
1.378469e+02	1.334810e-15	5.681500e-20
1.378669e+02	1.329321e-15	5.658752e-20
1.378869e+02	1.323885e-15	5.636220e-20
1.379069e+02	1.318449e-15	5.613688e-20
1.379269e+02	1.313044e-15	5.591278e-20
1.379469e+02	1.307663e-15	5.568970e-20
1.379669e+02	1.302286e-15	5.546672e-20
1.379869e+02	1.296961e-15	5.524585e-20
1.380069e+02	1.291635e-15	5.502499e-20
1.380269e+02	1.286340e-15	5.480532e-20
1.380469e+02	1.281069e-15	5.458665e-20
1.380669e+02	1.275801e-15	5.436809e-20
1.380869e+02	1.270584e-15	5.415159e-20
1.381069e+02	1.265367e-15	5.393509e-20
1.381269e+02	1.260179e-15	5.371977e-20
1.381469e+02	1.255015e-15	5.350543e-20
1.381669e+02	1.249854e-15	5.329119e-20
1.381869e+02	1.244743e-15	5.307897e-20
1.382069e+02	1.239632e-15	5.286676e-20
1.382269e+02	1.234550e-15	5.265570e-20
1.382469e+02	1.229492e-15	5.244560e-20
1.382669e+02	1.224435e-15	5.223559e-20
1.382869e+02	1.219429e-15	5.202758e-20
1.383069e+02	1.214422e-15	5.181956e-20
1.383269e+02	1.209443e-15	5.161268e-20
1.383469e+02	1.204487e-15	5.140673e-20
1.383669e+02	1.199534e-15	5.120088e-20
1.383869e+02	1.194629e-15	5.099698e-20
1.384069e+02	1.189724e-15	5.079308e-20
1.384269e+02	1.184846e-15	5.059029e-20
1.384469e+02	1.179991e-15	5.038842e-20
1.384669e+02	1.175138e-15	5.018664e-20
1.384869e+02	1.170333e-15	4.998677e-20
1.385069e+02	1.165528e-15	4.978691e-20
1.385269e+02	1.160749e-15	4.958813e-20
1.385469e+02	1.155993e-15	4.939025e-20
1.385669e+02	1.151239e-15	4.919247e-20
1.385869e+02	1.146532e-15	4.899656e-20
1.386069e+02	1.141824e-15	4.880064e-20
1.386269e+02	1.137143e-15	4.860580e-20
1.386469e+02	1.132483e-15	4.841184e-20
1.386669e+02	1.127826e-15	4.821797e-20
1.386869e+02	1.123214e-15	4.802593e-20
1.387069e+02	1.118603e-15	4.783389e-20
1.387269e+02	1.114017e-15	4.764291e-20
1.387469e+02	1.109452e-15	4.745278e-20
1.387669e+02	1.104890e-15	4.726275e-20
1.387869e+02	1.100371e-15	4.707451e-20
1.388069e+02	1.095853e-15	4.688627e-20
1.388269e+02	1.091361e-15	4.669906e-20
1.388469e+02	1.086889e-15	4.651270e-20
1.388669e+02	1.082419e-15	4.632643e-20
1.388869e+02	1.077993e-15	4.614191e-20
1.389069e+02	1.073567e-15	4.595740e-20
1.389269e+02	1.069166e-15	4.577390e-20
1.389469e+02	1.064785e-15	4.559122e-20
1.389669e+02	1.060406e-15	4.540863e-20
1.389869e+02	1.056070e-15	4.522777e-20
1.390070e+02	1.051734e-15	4.504691e-20
1.390270e+02	1.047422e-15	4.486704e-20
1.390470e+02	1.043130e-15	4.468797e-20
1.390670e+02	1.038840e-15	4.450900e-20
1.390870e+02	1.034592e-15	4.433172e-20
1.391070e+02	1.030344e-15	4.415443e-20
1.391270e+02	1.026120e-15	4.397812e-20
1.391470e+02	1.021916e-15	4.380260e-20
1.391670e+02	1.017713e-15	4.362717e-20
1.391870e+02	1.013552e-15	4.345339e-20
1.392070e+02	1.009390e-15	4.327962e-20
1.392270e+02	1.005252e-15	4.310680e-20
1.392470e+02	1.001133e-15	4.293475e-20
1.392670e+02	9.970162e-16	4.276279e-20
1.392870e+02	9.929392e-16	4.259245e-20
1.393070e+02	9.888623e-16	4.242212e-20
1.393270e+02	9.848083e-16	4.225271e-20
1.393470e+02	9.807730e-16	4.208407e-20
1.393670e+02	9.767399e-16	4.191551e-20
1.393870e+02	9.727458e-16	4.174855e-20
1.394070e+02	9.687518e-16	4.158158e-20
1.394270e+02	9.647803e-16	4.141553e-20
1.394470e+02	9.608271e-16	4.125023e-20
1.394670e+02	9.568760e-16	4.108501e-20
1.394870e+02	9.529632e-16	4.092134e-20
1.395070e+02	9.490504e-16	4.075768e-20
1.395270e+02	9.451596e-16	4.059492e-20
1.395470e+02	9.412868e-16	4.043288e-20
1.395670e+02	9.374161e-16	4.027093e-20
1.395870e+02	9.335828e-16	4.011051e-20
1.396070e+02	9.297496e-16	3.995009e-20
1.396270e+02	9.259380e-16	3.979055e-20
1.396470e+02	9.221440e-16	3.963172e-20
1.396670e+02	9.183519e-16	3.947297e-20
1.396870e+02	9.145967e-16	3.931572e-20
1.397070e+02	9.108414e-16	3.915848e-20
1.397270e+02	9.071073e-16	3.900209e-20
1.397470e+02	9.033904e-16	3.884641e-20
1.397670e+02	8.996756e-16	3.869080e-20
1.397870e+02	8.959967e-16	3.853667e-20
1.398070e+02	8.923178e-16	3.838253e-20
1.398270e+02	8.886596e-16	3.822924e-20
1.398470e+02	8.850184e-16	3.807664e-20
1.398670e+02	8.813790e-16	3.792412e-20
1.398870e+02	8.777749e-16	3.777303e-20
1.399070e+02	8.741709e-16	3.762195e-20
1.399270e+02	8.705872e-16	3.747169e-20
1.399470e+02	8.670199e-16	3.732211e-20
1.399670e+02	8.634546e-16	3.717260e-20
1.399870e+02	8.599238e-16	3.702451e-20
1.400070e+02	8.563931e-16	3.687641e-20
1.400270e+02	8.528822e-16	3.672913e-20
1.400470e+02	8.493876e-16	3.658251e-20
1.400670e+02	8.458948e-16	3.643597e-20
1.400870e+02	8.424358e-16	3.629080e-20
1.401070e+02	8.389768e-16	3.614564e-20
1.401270e+02	8.355374e-16	3.600127e-20
1.401470e+02	8.321138e-16	3.585755e-20
1.401670e+02	8.286920e-16	3.571391e-20
1.401870e+02	8.253034e-16	3.557162e-20
1.402070e+02	8.219148e-16	3.542932e-20
1.402270e+02	8.185453e-16	3.528782e-20
1.402470e+02	8.151914e-16	3.514694e-20
1.402670e+02	8.118392e-16	3.500614e-20
1.402870e+02	8.085195e-16	3.486667e-20
1.403070e+02	8.051998e-16	3.472719e-20
1.403270e+02	8.018989e-16	3.458849e-20
1.403470e+02	7.986131e-16	3.445040e-20
1.403670e+02	7.953291e-16	3.431238e-20
1.403870e+02	7.920769e-16	3.417567e-20
1.404070e+02	7.888247e-16	3.403896e-20
1.404270e+02	7.855910e-16	3.390300e-20
1.404470e+02	7.823720e-16	3.376764e-20
1.404670e+02	7.791548e-16	3.363236e-20
1.404870e+02	7.759688e-16	3.349835e-20
1.405070e+02	7.727827e-16	3.336435e-20
1.405270e+02	7.696147e-16	3.323108e-20
1.405470e+02	7.664612e-16	3.309840e-20
1.405670e+02	7.633095e-16	3.296580e-20
1.405870e+02	7.601882e-16	3.283444e-20
1.406070e+02	7.570670e-16	3.270309e-20
1.406270e+02	7.539634e-16	3.257246e-20
1.406470e+02	7.508741e-16	3.244241e-20
1.406670e+02	7.477864e-16	3.231243e-20
1.406870e+02	7.447286e-16	3.218368e-20
1.407070e+02	7.416709e-16	3.205492e-20
1.407270e+02	7.386304e-16	3.192688e-20
1.407470e+02	7.356039e-16	3.179940e-20
1.407670e+02	7.325791e-16	3.167200e-20
1.407870e+02	7.295835e-16	3.154579e-20
1.408070e+02	7.265879e-16	3.141959e-20
1.408270e+02	7.236093e-16	3.129408e-20
1.408470e+02	7.206443e-16	3.116913e-20
1.408670e+02	7.176810e-16	3.104424e-20
1.408870e+02	7.147463e-16	3.092054e-20
1.409070e+02	7.118116e-16	3.079683e-20
1.409270e+02	7.088936e-16	3.067380e-20
1.409470e+02	7.059890e-16	3.055133e-20
1.409670e+02	7.030859e-16	3.042892e-20
1.409870e+02	7.002109e-16	3.030766e-20
1.410071e+02	6.973359e-16	3.018640e-20
1.410271e+02	6.944773e-16	3.006581e-20
1.410471e+02	6.916317e-16	2.994576e-20
1.410671e+02	6.887877e-16	2.982577e-20
1.410871e+02	6.859712e-16	2.970692e-20
1.411071e+02	6.831546e-16	2.958806e-20
1.411271e+02	6.803541e-16	2.946986e-20
1.411471e+02	6.775664e-16	2.935218e-20
1.411671e+02	6.747802e-16	2.923457e-20
1.411871e+02	6.720210e-16	2.911807e-20
1.412071e+02	6.692618e-16	2.900156e-20
1.412271e+02	6.665182e-16	2.888570e-20
1.412471e+02	6.637872e-16	2.877035e-20
1.412671e+02	6.610577e-16	2.865507e-20
1.412871e+02	6.583546e-16	2.854087e-20
1.413071e+02	6.556514e-16	2.842668e-20
1.413271e+02	6.529637e-16	2.831311e-20
1.413471e+02	6.502882e-16	2.820005e-20
1.413671e+02	6.476142e-16	2.808705e-20
1.413871e+02	6.449661e-16	2.797511e-20
1.414071e+02	6.423179e-16	2.786317e-20
1.414271e+02	6.396848e-16	2.775186e-20
1.414471e+02	6.370637e-16	2.764103e-20
1.414671e+02	6.344442e-16	2.753027e-20
1.414871e+02	6.318499e-16	2.742055e-20
1.415071e+02	6.292556e-16	2.731083e-20
1.415271e+02	6.266760e-16	2.720171e-20
1.415471e+02	6.241083e-16	2.709308e-20
1.415671e+02	6.215420e-16	2.698452e-20
1.415871e+02	6.190004e-16	2.687697e-20
1.416071e+02	6.164589e-16	2.676942e-20
1.416271e+02	6.139318e-16	2.666247e-20
1.416471e+02	6.114163e-16	2.655599e-20
1.416671e+02	6.089022e-16	2.644957e-20
1.416871e+02	6.064123e-16	2.634415e-20
1.417071e+02	6.039225e-16	2.623873e-20
1.417271e+02	6.014468e-16	2.613390e-20
1.417471e+02	5.989824e-16	2.602953e-20
1.417671e+02	5.965194e-16	2.592522e-20
1.417871e+02	5.940802e-16	2.582188e-20
1.418071e+02	5.916410e-16	2.571855e-20
1.418271e+02	5.892157e-16	2.561579e-20
1.418471e+02	5.868014e-16	2.551349e-20
1.418671e+02	5.843885e-16	2.541124e-20
1.418871e+02	5.819989e-16	2.530996e-20
1.419071e+02	5.796093e-16	2.520867e-20
1.419271e+02	5.772333e-16	2.510795e-20
1.419471e+02	5.748682e-16	2.500767e-20
1.419671e+02	5.725044e-16	2.490745e-20
1.419871e+02	5.701634e-16	2.480817e-20
1.420071e+02	5.678223e-16	2.470889e-20
1.420271e+02	5.654947e-16	2.461016e-20
1.420471e+02	5.631776e-16	2.451187e-20
1.420671e+02	5.608619e-16	2.441363e-20
1.420871e+02	5.585685e-16	2.431632e-20
1.421071e+02	5.562751e-16	2.421901e-20
1.421271e+02	5.539948e-16	2.412223e-20
1.421471e+02	5.517248e-16	2.402589e-20
1.421671e+02	5.494562e-16	2.392960e-20
1.421871e+02	5.472094e-16	2.383421e-20
1.422071e+02	5.449627e-16	2.373882e-20
1.422271e+02	5.427287e-16	2.364397e-20
1.422471e+02	5.405049e-16	2.354953e-20
1.422671e+02	5.382824e-16	2.345515e-20
1.422871e+02	5.360814e-16	2.336165e-20
1.423071e+02	5.338803e-16	2.326815e-20
1.423271e+02	5.316918e-16	2.317517e-20
1.423471e+02	5.295132e-16	2.308260e-20
1.423671e+02	5.273360e-16	2.299009e-20
1.423871e+02	5.251797e-16	2.289844e-20
1.424071e+02	5.230233e-16	2.280680e-20
1.424271e+02	5.208794e-16	2.271566e-20
1.424471e+02	5.187451e-16	2.262493e-20
1.424671e+02	5.166121e-16	2.253425e-20
1.424871e+02	5.144996e-16	2.244441e-20
1.425071e+02	5.123872e-16	2.235458e-20
1.425271e+02	5.102868e-16	2.226525e-20
1.425471e+02	5.081959e-16	2.217631e-20
1.425671e+02	5.061063e-16	2.208743e-20
1.425871e+02	5.040368e-16	2.199938e-20
1.426071e+02	5.019673e-16	2.191132e-20
1.426271e+02	4.999097e-16	2.182376e-20
1.426471e+02	4.978613e-16	2.173658e-20
1.426671e+02	4.958142e-16	2.164946e-20
1.426871e+02	4.937868e-16	2.156315e-20
1.427071e+02	4.917594e-16	2.147684e-20
1.427271e+02	4.897436e-16	2.139102e-20
1.427471e+02	4.877369e-16	2.130557e-20
1.427671e+02	4.857314e-16	2.122017e-20
1.427871e+02	4.837453e-16	2.113557e-20
1.428071e+02	4.817591e-16	2.105097e-20
1.428271e+02	4.797843e-16	2.096684e-20
1.428471e+02	4.778184e-16	2.088308e-20
1.428671e+02	4.758537e-16	2.079938e-20
1.428871e+02	4.739079e-16	2.071645e-20
1.429071e+02	4.719621e-16	2.063353e-20
1.429271e+02	4.700275e-16	2.055107e-20
1.429471e+02	4.681016e-16	2.046897e-20
1.429671e+02	4.661769e-16	2.038692e-20
1.429871e+02	4.642706e-16	2.030564e-20
1.430072e+02	4.623644e-16	2.022436e-20
1.430272e+02	4.604691e-16	2.014353e-20
1.430472e+02	4.585824e-16	2.006306e-20
1.430672e+02	4.566968e-16	1.998264e-20
1.430872e+02	4.548294e-16	1.990297e-20
1.431072e+02	4.529619e-16	1.982329e-20
1.431272e+02	4.511052e-16	1.974407e-20
1.431472e+02	4.492568e-16	1.966519e-20
1.431672e+02	4.474096e-16	1.958636e-20
1.431872e+02	4.455801e-16	1.950827e-20
1.432072e+02	4.437506e-16	1.943017e-20
1.432272e+02	4.419316e-16	1.935252e-20
1.432472e+02	4.401209e-16	1.927520e-20
1.432672e+02	4.383112e-16	1.919793e-20
1.432872e+02	4.365189e-16	1.912139e-20
1.433072e+02	4.347267e-16	1.904484e-20
1.433272e+02	4.329447e-16	1.896872e-20
1.433472e+02	4.311707e-16	1.889294e-20
1.433672e+02	4.293979e-16	1.881720e-20
1.433872e+02	4.276421e-16	1.874217e-20
1.434072e+02	4.258862e-16	1.866714e-20
1.434272e+02	4.241405e-16	1.859253e-20
1.434472e+02	4.224026e-16	1.851824e-20
1.434672e+02	4.206658e-16	1.844401e-20
1.434872e+02	4.189457e-16	1.837046e-20
1.435072e+02	4.172256e-16	1.829692e-20
1.435272e+02	4.155154e-16	1.822379e-20
1.435472e+02	4.138128e-16	1.815098e-20
1.435672e+02	4.121114e-16	1.807821e-20
1.435872e+02	4.104262e-16	1.800612e-20
1.436072e+02	4.087411e-16	1.793404e-20
1.436272e+02	4.070656e-16	1.786235e-20
1.436472e+02	4.053977e-16	1.779098e-20
1.436672e+02	4.037309e-16	1.771966e-20
1.436872e+02	4.020800e-16	1.764900e-20
1.437072e+02	4.004291e-16	1.757834e-20
1.437272e+02	3.987877e-16	1.750808e-20
1.437472e+02	3.971538e-16	1.743812e-20
1.437672e+02	3.955208e-16	1.736821e-20
1.437872e+02	3.939035e-16	1.729895e-20
1.438072e+02	3.922862e-16	1.722969e-20
1.438272e+02	3.906782e-16	1.716082e-20
1.438472e+02	3.890774e-16	1.709225e-20
1.438672e+02	3.874777e-16	1.702372e-20
1.438872e+02	3.858933e-16	1.695584e-20
1.439072e+02	3.843089e-16	1.688795e-20
1.439272e+02	3.827336e-16	1.682044e-20
1.439472e+02	3.811654e-16	1.675323e-20
1.439672e+02	3.795982e-16	1.668606e-20
1.439872e+02	3.780460e-16	1.661952e-20
1.440072e+02	3.764938e-16	1.655298e-20
1.440272e+02	3.749506e-16	1.648681e-20
1.440472e+02	3.734142e-16	1.642093e-20
1.440672e+02	3.718789e-16	1.635509e-20
1.440872e+02	3.703583e-16	1.628987e-20
1.441072e+02	3.688377e-16	1.622465e-20
1.441272e+02	3.673258e-16	1.615979e-20
1.441472e+02	3.658207e-16	1.609521e-20
1.441672e+02	3.643166e-16	1.603068e-20
1.441872e+02	3.628269e-16	1.596675e-20
1.442072e+02	3.613372e-16	1.590282e-20
1.442272e+02	3.598561e-16	1.583925e-20
1.442472e+02	3.583816e-16	1.577595e-20
1.442672e+02	3.569081e-16	1.571270e-20
1.442872e+02	3.554487e-16	1.565003e-20
1.443072e+02	3.539893e-16	1.558737e-20
1.443272e+02	3.525383e-16	1.552505e-20
1.443472e+02	3.510939e-16	1.546301e-20
1.443672e+02	3.496503e-16	1.540101e-20
1.443872e+02	3.482206e-16	1.533959e-20
1.444072e+02	3.467909e-16	1.527816e-20
1.444272e+02	3.453694e-16	1.521709e-20
1.444472e+02	3.439543e-16	1.515628e-20
1.444672e+02	3.425401e-16	1.509550e-20
1.444872e+02	3.411394e-16	1.503530e-20
1.445072e+02	3.397388e-16	1.497509e-20
1.445272e+02	3.383462e-16	1.491522e-20
1.445472e+02	3.369599e-16	1.485562e-20
1.445672e+02	3.355745e-16	1.479605e-20
1.445872e+02	3.342023e-16	1.473703e-20
1.446072e+02	3.328301e-16	1.467802e-20
1.446272e+02	3.314659e-16	1.461934e-20
1.446472e+02	3.301077e-16	1.456091e-20
1.446672e+02	3.287505e-16	1.450253e-20
1.446872e+02	3.274062e-16	1.444468e-20
1.447072e+02	3.260620e-16	1.438684e-20
1.447272e+02	3.247255e-16	1.432932e-20
1.447472e+02	3.233949e-16	1.427205e-20
1.447672e+02	3.220653e-16	1.421482e-20
1.447872e+02	3.207484e-16	1.415812e-20
1.448072e+02	3.194315e-16	1.410143e-20
1.448272e+02	3.181221e-16	1.404505e-20
1.448472e+02	3.168187e-16	1.398891e-20
1.448672e+02	3.155161e-16	1.393282e-20
1.448872e+02	3.142259e-16	1.387724e-20
1.449072e+02	3.129358e-16	1.382167e-20
1.449272e+02	3.116531e-16	1.376641e-20
1.449472e+02	3.103761e-16	1.371139e-20
1.449672e+02	3.091000e-16	1.365640e-20
1.449872e+02	3.078361e-16	1.360193e-20
1.450073e+02	3.065722e-16	1.354746e-20
1.450273e+02	3.053156e-16	1.349329e-20
1.450473e+02	3.040646e-16	1.343936e-20
1.450673e+02	3.028145e-16	1.338547e-20
1.450873e+02	3.015763e-16	1.333207e-20
1.451073e+02	3.003381e-16	1.327868e-20
1.451273e+02	2.991070e-16	1.322559e-20
1.451473e+02	2.978815e-16	1.317272e-20
1.451673e+02	2.966567e-16	1.311990e-20
1.451873e+02	2.954437e-16	1.306756e-20
1.452073e+02	2.942307e-16	1.301523e-20
1.452273e+02	2.930247e-16	1.296319e-20
1.452473e+02	2.918240e-16	1.291137e-20
1.452673e+02	2.906242e-16	1.285959e-20
1.452873e+02	2.894359e-16	1.280829e-20
1.453073e+02	2.882475e-16	1.275700e-20
1.453273e+02	2.870660e-16	1.270599e-20
1.453473e+02	2.858898e-16	1.265520e-20
1.453673e+02	2.847144e-16	1.260445e-20
1.453873e+02	2.835502e-16	1.255417e-20
1.454073e+02	2.823860e-16	1.250388e-20
1.454273e+02	2.812286e-16	1.245389e-20
1.454473e+02	2.800763e-16	1.240411e-20
1.454673e+02	2.789248e-16	1.235436e-20
1.454873e+02	2.777842e-16	1.230507e-20
1.455073e+02	2.766437e-16	1.225579e-20
1.455273e+02	2.755098e-16	1.220678e-20
1.455473e+02	2.743809e-16	1.215799e-20
1.455673e+02	2.732529e-16	1.210923e-20
1.455873e+02	2.721355e-16	1.206092e-20
1.456073e+02	2.710182e-16	1.201261e-20
1.456273e+02	2.699074e-16	1.196457e-20
1.456473e+02	2.688014e-16	1.191675e-20
1.456673e+02	2.676963e-16	1.186895e-20
1.456873e+02	2.666017e-16	1.182160e-20
1.457073e+02	2.655071e-16	1.177425e-20
1.457273e+02	2.644188e-16	1.172717e-20
1.457473e+02	2.633354e-16	1.168029e-20
1.457673e+02	2.622527e-16	1.163344e-20
1.457873e+02	2.611804e-16	1.158703e-20
1.458073e+02	2.601081e-16	1.154062e-20
1.458273e+02	2.590419e-16	1.149447e-20
1.458473e+02	2.579805e-16	1.144852e-20
1.458673e+02	2.569199e-16	1.140260e-20
1.458873e+02	2.558694e-16	1.135710e-20
1.459073e+02	2.548188e-16	1.131161e-20
1.459273e+02	2.537744e-16	1.126638e-20
1.459473e+02	2.527346e-16	1.122134e-20
1.459673e+02	2.516955e-16	1.117633e-20
1.459873e+02	2.506663e-16	1.113174e-20
1.460073e+02	2.496371e-16	1.108715e-20
1.460273e+02	2.486139e-16	1.104281e-20
1.460473e+02	2.475953e-16	1.099866e-20
1.460673e+02	2.465773e-16	1.095455e-20
1.460873e+02	2.455691e-16	1.091084e-20
1.461073e+02	2.445608e-16	1.086713e-20
1.461273e+02	2.435585e-16	1.082367e-20
1.461473e+02	2.425605e-16	1.078040e-20
1.461673e+02	2.415633e-16	1.073716e-20
1.461873e+02	2.405755e-16	1.069432e-20
1.462073e+02	2.395878e-16	1.065148e-20
1.462273e+02	2.386058e-16	1.060888e-20
1.462473e+02	2.376281e-16	1.056647e-20
1.462673e+02	2.366512e-16	1.052408e-20
1.462873e+02	2.356835e-16	1.048209e-20
1.463073e+02	2.347159e-16	1.044010e-20
1.463273e+02	2.337538e-16	1.039835e-20
1.463473e+02	2.327961e-16	1.035677e-20
1.463673e+02	2.318390e-16	1.031523e-20
1.463873e+02	2.308910e-16	1.027407e-20
1.464073e+02	2.299430e-16	1.023291e-20
1.464273e+02	2.290005e-16	1.019199e-20
1.464473e+02	2.280622e-16	1.015124e-20
1.464673e+02	2.271246e-16	1.011052e-20
1.464873e+02	2.261959e-16	1.007017e-20
1.465073e+02	2.252672e-16	1.002983e-20
1.465273e+02	2.243439e-16	9.989718e-21
1.465473e+02	2.234247e-16	9.949777e-21
1.465673e+02	2.225061e-16	9.909863e-21
1.465873e+02	2.215963e-16	9.870320e-21
1.466073e+02	2.206865e-16	9.830777e-21
1.466273e+02	2.197820e-16	9.791458e-21
1.466473e+02	2.188815e-16	9.752309e-21
1.466673e+02	2.179816e-16	9.713187e-21
1.466873e+02	2.170903e-16	9.674427e-21
1.467073e+02	2.161990e-16	9.635668e-21
1.467273e+02	2.153128e-16	9.597129e-21
1.467473e+02	2.144306e-16	9.558756e-21
1.467673e+02	2.135490e-16	9.520409e-21
1.467873e+02	2.126759e-16	9.482418e-21
1.468073e+02	2.118027e-16	9.444427e-21
1.468273e+02	2.109346e-16	9.406652e-21
1.468473e+02	2.100703e-16	9.369040e-21
1.468673e+02	2.092066e-16	9.331454e-21
1.468873e+02	2.083512e-16	9.294216e-21
1.469073e+02	2.074958e-16	9.256978e-21
1.469273e+02	2.066453e-16	9.219952e-21
1.469473e+02	2.057986e-16	9.183086e-21
1.469673e+02	2.049525e-16	9.146245e-21
1.469873e+02	2.041145e-16	9.109745e-21
1.470074e+02	2.032765e-16	9.073246e-21
1.470274e+02	2.024433e-16	9.036954e-21
1.470474e+02	2.016138e-16	9.000818e-21
1.470674e+02	2.007850e-16	8.964708e-21
1.470874e+02	1.999640e-16	8.928932e-21
1.471074e+02	1.991430e-16	8.893156e-21
1.471274e+02	1.983268e-16	8.857584e-21
1.471474e+02	1.975142e-16	8.822164e-21
1.471674e+02	1.967021e-16	8.786770e-21
1.471874e+02	1.958978e-16	8.751703e-21
1.472074e+02	1.950935e-16	8.716637e-21
1.472274e+02	1.942939e-16	8.681770e-21
1.472474e+02	1.934978e-16	8.647053e-21
1.472674e+02	1.927023e-16	8.612360e-21
1.472874e+02	1.919144e-16	8.577989e-21
1.473074e+02	1.911264e-16	8.543618e-21
1.473274e+02	1.903431e-16	8.509442e-21
1.473474e+02	1.895632e-16	8.475413e-21
1.473674e+02	1.887839e-16	8.441409e-21
1.473874e+02	1.880119e-16	8.407719e-21
1.474074e+02	1.872400e-16	8.374029e-21
1.474274e+02	1.864726e-16	8.340531e-21
1.474474e+02	1.857086e-16	8.307177e-21
1.474674e+02	1.849451e-16	8.273847e-21
1.474874e+02	1.841889e-16	8.240825e-21
1.475074e+02	1.834326e-16	8.207804e-21
1.475274e+02	1.826808e-16	8.174970e-21
1.475474e+02	1.819323e-16	8.142277e-21
1.475674e+02	1.811844e-16	8.109608e-21
1.475874e+02	1.804435e-16	8.077241e-21
1.476074e+02	1.797027e-16	8.044874e-21
1.476274e+02	1.789662e-16	8.012691e-21
1.476474e+02	1.782329e-16	7.980647e-21
1.476674e+02	1.775001e-16	7.948626e-21
1.476874e+02	1.767744e-16	7.916900e-21
1.477074e+02	1.760486e-16	7.885175e-21
1.477274e+02	1.753270e-16	7.853631e-21
1.477474e+02	1.746087e-16	7.822222e-21
1.477674e+02	1.738908e-16	7.790835e-21
1.477874e+02	1.731798e-16	7.759739e-21
1.478074e+02	1.724688e-16	7.728643e-21
1.478274e+02	1.717619e-16	7.697725e-21
1.478474e+02	1.710582e-16	7.666938e-21
1.478674e+02	1.703549e-16	7.636174e-21
1.478874e+02	1.696584e-16	7.605695e-21
1.479074e+02	1.689618e-16	7.575215e-21
1.479274e+02	1.682693e-16	7.544910e-21
1.479474e+02	1.675798e-16	7.514734e-21
1.479674e+02	1.668909e-16	7.484580e-21
1.479874e+02	1.662085e-16	7.454705e-21
1.480074e+02	1.655261e-16	7.424830e-21
1.480274e+02	1.648477e-16	7.395126e-21
1.480474e+02	1.641723e-16	7.365548e-21
1.480674e+02	1.634973e-16	7.335993e-21
1.480874e+02	1.628288e-16	7.306710e-21
1.481074e+02	1.621603e-16	7.277427e-21
1.481274e+02	1.614957e-16	7.248312e-21
1.481474e+02	1.608340e-16	7.219321e-21
1.481674e+02	1.601728e-16	7.190352e-21
1.481874e+02	1.595179e-16	7.161650e-21
1.482074e+02	1.588629e-16	7.132948e-21
1.482274e+02	1.582118e-16	7.104410e-21
1.482474e+02	1.575636e-16	7.075994e-21
1.482674e+02	1.569158e-16	7.047599e-21
1.482874e+02	1.562742e-16	7.019466e-21
1.483074e+02	1.556326e-16	6.991334e-21
1.483274e+02	1.549948e-16	6.963362e-21
1.483474e+02	1.543597e-16	6.935509e-21
1.483674e+02	1.537251e-16	6.907678e-21
1.483874e+02	1.530965e-16	6.880103e-21
1.484074e+02	1.524680e-16	6.852528e-21
1.484274e+02	1.518431e-16	6.825111e-21
1.484474e+02	1.512210e-16	6.797811e-21
1.484674e+02	1.505993e-16	6.770531e-21
1.484874e+02	1.499835e-16	6.743503e-21
1.485074e+02	1.493677e-16	6.716475e-21
1.485274e+02	1.487555e-16	6.689602e-21
1.485474e+02	1.481460e-16	6.662844e-21
1.485674e+02	1.475370e-16	6.636105e-21
1.485874e+02	1.469338e-16	6.609613e-21
1.486074e+02	1.463305e-16	6.583121e-21
1.486274e+02	1.457308e-16	6.556781e-21
1.486474e+02	1.451337e-16	6.530553e-21
1.486674e+02	1.445370e-16	6.504345e-21
1.486874e+02	1.439460e-16	6.478378e-21
1.487074e+02	1.433550e-16	6.452412e-21
1.487274e+02	1.427675e-16	6.426594e-21
1.487474e+02	1.421825e-16	6.400887e-21
1.487674e+02	1.415980e-16	6.375198e-21
1.487874e+02	1.410191e-16	6.349747e-21
1.488074e+02	1.404401e-16	6.324295e-21
1.488274e+02	1.398645e-16	6.298990e-21
1.488474e+02	1.392914e-16	6.273792e-21
1.488674e+02	1.387188e-16	6.248613e-21
1.488874e+02	1.381516e-16	6.223666e-21
1.489074e+02	1.375844e-16	6.198720e-21
1.489274e+02	1.370205e-16	6.173916e-21
1.489474e+02	1.364591e-16	6.149218e-21
1.489674e+02	1.358981e-16	6.124539e-21
1.489874e+02	1.353425e-16	6.100087e-21
1.490075e+02	1.347868e-16	6.075635e-21
1.490275e+02	1.342344e-16	6.051324e-21
1.490475e+02	1.336844e-16	6.027115e-21
1.490675e+02	1.331348e-16	6.002926e-21
1.490875e+02	1.325905e-16	5.978959e-21
1.491075e+02	1.320461e-16	5.954992e-21
1.491275e+02	1.315049e-16	5.931163e-21
1.491475e+02	1.309661e-16	5.907435e-21
1.491675e+02	1.304277e-16	5.883725e-21
1.491875e+02	1.298944e-16	5.860233e-21
1.492075e+02	1.293611e-16	5.836742e-21
1.492275e+02	1.288309e-16	5.813385e-21
1.492475e+02	1.283031e-16	5.790128e-21
1.492675e+02	1.277756e-16	5.766889e-21
1.492875e+02	1.272532e-16	5.743863e-21
1.493075e+02	1.267307e-16	5.720838e-21
1.493275e+02	1.262113e-16	5.697944e-21
1.493475e+02	1.256942e-16	5.675149e-21
1.493675e+02	1.251775e-16	5.652370e-21
1.493875e+02	1.246657e-16	5.629801e-21
1.494075e+02	1.241538e-16	5.607233e-21
1.494275e+02	1.236450e-16	5.584794e-21
1.494475e+02	1.231384e-16	5.562450e-21
1.494675e+02	1.226322e-16	5.540123e-21
1.494875e+02	1.221308e-16	5.518002e-21
1.495075e+02	1.216293e-16	5.495881e-21
1.495275e+02	1.211309e-16	5.473887e-21
1.495475e+02	1.206346e-16	5.451987e-21
1.495675e+02	1.201386e-16	5.430103e-21
1.495875e+02	1.196474e-16	5.408421e-21
1.496075e+02	1.191562e-16	5.386739e-21
1.496275e+02	1.186678e-16	5.365181e-21
1.496475e+02	1.181816e-16	5.343715e-21
1.496675e+02	1.176958e-16	5.322266e-21
1.496875e+02	1.172146e-16	5.301014e-21
1.497075e+02	1.167333e-16	5.279762e-21
1.497275e+02	1.162549e-16	5.258632e-21
1.497475e+02	1.157786e-16	5.237592e-21
1.497675e+02	1.153026e-16	5.216568e-21
1.497875e+02	1.148312e-16	5.195737e-21
1.498075e+02	1.143597e-16	5.174907e-21
1.498275e+02	1.138910e-16	5.154196e-21
1.498475e+02	1.134244e-16	5.133573e-21
1.498675e+02	1.129581e-16	5.112967e-21
1.498875e+02	1.124963e-16	5.092549e-21
1.499075e+02	1.120344e-16	5.072132e-21
1.499275e+02	1.115752e-16	5.051833e-21
1.499475e+02	1.111181e-16	5.031619e-21
1.499675e+02	1.106613e-16	5.011421e-21
1.499875e+02	1.102088e-16	4.991409e-21
1.500075e+02	1.097563e-16	4.971397e-21
1.500275e+02	1.093065e-16	4.951500e-21
1.500475e+02	1.088587e-16	4.931687e-21
1.500675e+02	1.084112e-16	4.911890e-21
1.500875e+02	1.079679e-16	4.892275e-21
1.501075e+02	1.075246e-16	4.872660e-21
1.501275e+02	1.070840e-16	4.853158e-21
1.501475e+02	1.066452e-16	4.833738e-21
1.501675e+02	1.062068e-16	4.814334e-21
1.501875e+02	1.057726e-16	4.795108e-21
1.502075e+02	1.053383e-16	4.775882e-21
1.502275e+02	1.049066e-16	4.756767e-21
1.502475e+02	1.044768e-16	4.737732e-21
1.502675e+02	1.040473e-16	4.718713e-21
1.502875e+02	1.036219e-16	4.699869e-21
1.503075e+02	1.031964e-16	4.681024e-21
1.503275e+02	1.027735e-16	4.662288e-21
1.503475e+02	1.023524e-16	4.643632e-21
1.503675e+02	1.019317e-16	4.624990e-21
1.503875e+02	1.015149e-16	4.606519e-21
1.504075e+02	1.010981e-16	4.588048e-21
1.504275e+02	1.006838e-16	4.569684e-21
1.504475e+02	1.002713e-16	4.551398e-21
1.504675e+02	9.985906e-17	4.533126e-21
1.504875e+02	9.945075e-17	4.515022e-21
1.505075e+02	9.904244e-17	4.496918e-21
1.505275e+02	9.863655e-17	4.478918e-21
1.505475e+02	9.823242e-17	4.460995e-21
1.505675e+02	9.782861e-17	4.443085e-21
1.505875e+02	9.742860e-17	4.425340e-21
1.506075e+02	9.702859e-17	4.407595e-21
1.506275e+02	9.663096e-17	4.389953e-21
1.506475e+02	9.623504e-17	4.372385e-21
1.506675e+02	9.583944e-17	4.354831e-21
1.506875e+02	9.544757e-17	4.337438e-21
1.507075e+02	9.505569e-17	4.320045e-21
1.507275e+02	9.466614e-17	4.302753e-21
1.507475e+02	9.427827e-17	4.285534e-21
1.507675e+02	9.389072e-17	4.268328e-21
1.507875e+02	9.350682e-17	4.251280e-21
1.508075e+02	9.312291e-17	4.234232e-21
1.508275e+02	9.274128e-17	4.217283e-21
1.508475e+02	9.236130e-17	4.200406e-21
1.508675e+02	9.198163e-17	4.183541e-21
1.508875e+02	9.160553e-17	4.166832e-21
1.509075e+02	9.122943e-17	4.150123e-21
1.509275e+02	9.085556e-17	4.133510e-21
1.509475e+02	9.048331e-17	4.116967e-21
1.509675e+02	9.011136e-17	4.100437e-21
1.509875e+02	8.974291e-17	4.084060e-21
1.510076e+02	8.937446e-17	4.067682e-21
1.510276e+02	8.900819e-17	4.051399e-21
1.510476e+02	8.864351e-17	4.035184e-21
1.510676e+02	8.827912e-17	4.018983e-21
1.510876e+02	8.791816e-17	4.002930e-21
1.511076e+02	8.755720e-17	3.986877e-21
1.511276e+02	8.719838e-17	3.970917e-21
1.511476e+02	8.684111e-17	3.955024e-21
1.511676e+02	8.648414e-17	3.939144e-21
1.511876e+02	8.613052e-17	3.923410e-21
1.512076e+02	8.577690e-17	3.907676e-21
1.512276e+02	8.542538e-17	3.892033e-21
1.512476e+02	8.507537e-17	3.876455e-21
1.512676e+02	8.472566e-17	3.860890e-21
1.512876e+02	8.437923e-17	3.845468e-21
1.513076e+02	8.403280e-17	3.830046e-21
1.513276e+02	8.368843e-17	3.814714e-21
1.513476e+02	8.334554e-17	3.799445e-21
1.513676e+02	8.300293e-17	3.784190e-21
1.513876e+02	8.266355e-17	3.769074e-21
1.514076e+02	8.232416e-17	3.753958e-21
1.514276e+02	8.198680e-17	3.738929e-21
1.514476e+02	8.165088e-17	3.723964e-21
1.514676e+02	8.131524e-17	3.709011e-21
1.514876e+02	8.098276e-17	3.694195e-21
1.515076e+02	8.065027e-17	3.679379e-21
1.515276e+02	8.031977e-17	3.664649e-21
1.515476e+02	7.999068e-17	3.649981e-21
1.515676e+02	7.966187e-17	3.635324e-21
1.515876e+02	7.933614e-17	3.620802e-21
1.516076e+02	7.901042e-17	3.606280e-21
1.516276e+02	7.868663e-17	3.591843e-21
1.516476e+02	7.836424e-17	3.577465e-21
1.516676e+02	7.804211e-17	3.563100e-21
1.516876e+02	7.772301e-17	3.548866e-21
1.517076e+02	7.740391e-17	3.534633e-21
1.517276e+02	7.708671e-17	3.520481e-21
1.517476e+02	7.677087e-17	3.506390e-21
1.517676e+02	7.645530e-17	3.492309e-21
1.517876e+02	7.614268e-17	3.478358e-21
1.518076e+02	7.583007e-17	3.464407e-21
1.518276e+02	7.551932e-17	3.450537e-21
1.518476e+02	7.520990e-17	3.436725e-21
1.518676e+02	7.490075e-17	3.422924e-21
1.518876e+02	7.459449e-17	3.409249e-21
1.519076e+02	7.428824e-17	3.395575e-21
1.519276e+02	7.398380e-17	3.381980e-21
1.519476e+02	7.368068e-17	3.368442e-21
1.519676e+02	7.337781e-17	3.354915e-21
1.519876e+02	7.307778e-17	3.341512e-21
1.520076e+02	7.277775e-17	3.328109e-21
1.520276e+02	7.247951e-17	3.314784e-21
1.520476e+02	7.218255e-17	3.301515e-21
1.520676e+02	7.188584e-17	3.288257e-21
1.520876e+02	7.159191e-17	3.275120e-21
1.521076e+02	7.129798e-17	3.261983e-21
1.521276e+02	7.100580e-17	3.248922e-21
1.521476e+02	7.071488e-17	3.235917e-21
1.521676e+02	7.042420e-17	3.222921e-21
1.521876e+02	7.013625e-17	3.210045e-21
1.522076e+02	6.984830e-17	3.197169e-21
1.522276e+02	6.956207e-17	3.184368e-21
1.522476e+02	6.927706e-17	3.171620e-21
1.522676e+02	6.899229e-17	3.158883e-21
1.522876e+02	6.871020e-17	3.146262e-21
1.523076e+02	6.842810e-17	3.133642e-21
1.523276e+02	6.814769e-17	3.121095e-21
1.523476e+02	6.786847e-17	3.108600e-21
1.523676e+02	6.758950e-17	3.096116e-21
1.523876e+02	6.731314e-17	3.083745e-21
1.524076e+02	6.703678e-17	3.071375e-21
1.524276e+02	6.676206e-17	3.059077e-21
1.524476e+02	6.648853e-17	3.046831e-21
1.524676e+02	6.621523e-17	3.034594e-21
1.524876e+02	6.594449e-17	3.022470e-21
1.525076e+02	6.567374e-17	3.010345e-21
1.525276e+02	6.540462e-17	2.998291e-21
1.525476e+02	6.513665e-17	2.986288e-21
1.525676e+02	6.486890e-17	2.974294e-21
1.525876e+02	6.460367e-17	2.962410e-21
1.526076e+02	6.433843e-17	2.950526e-21
1.526276e+02	6.407478e-17	2.938712e-21
1.526476e+02	6.381225e-17	2.926946e-21
1.526676e+02	6.354995e-17	2.915191e-21
1.526876e+02	6.329011e-17	2.903543e-21
1.527076e+02	6.303027e-17	2.891895e-21
1.527276e+02	6.277198e-17	2.880315e-21
1.527476e+02	6.251479e-17	2.868783e-21
1.527676e+02	6.225782e-17	2.857261e-21
1.527876e+02	6.200326e-17	2.845844e-21
1.528076e+02	6.174870e-17	2.834428e-21
1.528276e+02	6.149567e-17	2.823078e-21
1.528476e+02	6.124371e-17	2.811775e-21
1.528676e+02	6.099197e-17	2.800481e-21
1.528876e+02	6.074258e-17	2.789291e-21
1.529076e+02	6.049320e-17	2.778101e-21
1.529276e+02	6.024531e-17	2.766976e-21
1.529476e+02	5.999847e-17	2.755898e-21
1.529676e+02	5.975185e-17	2.744829e-21
1.529876e+02	5.950754e-17	2.733861e-21
1.530077e+02	5.926323e-17	2.722893e-21
1.530277e+02	5.902037e-17	2.711989e-21
1.530477e+02	5.877856e-17	2.701131e-21
1.530677e+02	5.853695e-17	2.690281e-21
1.530877e+02	5.829761e-17	2.679531e-21
1.531077e+02	5.805826e-17	2.668781e-21
1.531277e+02	5.782035e-17	2.658093e-21
1.531477e+02	5.758345e-17	2.647450e-21
1.531677e+02	5.734676e-17	2.636817e-21
1.531877e+02	5.711228e-17	2.626280e-21
1.532077e+02	5.687780e-17	2.615743e-21
1.532277e+02	5.664473e-17	2.605268e-21
1.532477e+02	5.641264e-17	2.594836e-21
1.532677e+02	5.618076e-17	2.584413e-21
1.532877e+02	5.595105e-17	2.574086e-21
1.533077e+02	5.572134e-17	2.563758e-21
1.533277e+02	5.549301e-17	2.553491e-21
1.533477e+02	5.526564e-17	2.543266e-21
1.533677e+02	5.503848e-17	2.533051e-21
1.533877e+02	5.481344e-17	2.522928e-21
1.534077e+02	5.458840e-17	2.512806e-21
1.534277e+02	5.436471e-17	2.502742e-21
1.534477e+02	5.414197e-17	2.492721e-21
1.534677e+02	5.391942e-17	2.482708e-21
1.534877e+02	5.369896e-17	2.472786e-21
1.535077e+02	5.347849e-17	2.462864e-21
1.535277e+02	5.325935e-17	2.453001e-21
1.535477e+02	5.304114e-17	2.443178e-21
1.535677e+02	5.282312e-17	2.433364e-21
1.535877e+02	5.260714e-17	2.423640e-21
1.536077e+02	5.239115e-17	2.413915e-21
1.536277e+02	5.217647e-17	2.404247e-21
1.536477e+02	5.196269e-17	2.394620e-21
1.536677e+02	5.174911e-17	2.385001e-21
1.536877e+02	5.153752e-17	2.375469e-21
1.537077e+02	5.132593e-17	2.365938e-21
1.537277e+02	5.111561e-17	2.356462e-21
1.537477e+02	5.090618e-17	2.347025e-21
1.537677e+02	5.069694e-17	2.337597e-21
1.537877e+02	5.048965e-17	2.328255e-21
1.538077e+02	5.028236e-17	2.318913e-21
1.538277e+02	5.007632e-17	2.309625e-21
1.538477e+02	4.987115e-17	2.300376e-21
1.538677e+02	4.966616e-17	2.291135e-21
1.538877e+02	4.946308e-17	2.281978e-21
1.539077e+02	4.926001e-17	2.272822e-21
1.539277e+02	4.905816e-17	2.263719e-21
1.539477e+02	4.885716e-17	2.254653e-21
1.539677e+02	4.865634e-17	2.245596e-21
1.539877e+02	4.845740e-17	2.236621e-21
1.540077e+02	4.825845e-17	2.227646e-21
1.540277e+02	4.806070e-17	2.218723e-21
1.540477e+02	4.786379e-17	2.209838e-21
1.540677e+02	4.766706e-17	2.200960e-21
1.540877e+02	4.747216e-17	2.192164e-21
1.541077e+02	4.727726e-17	2.183367e-21
1.541277e+02	4.708353e-17	2.174622e-21
1.541477e+02	4.689062e-17	2.165913e-21
1.541677e+02	4.669789e-17	2.157212e-21
1.541877e+02	4.650695e-17	2.148590e-21
1.542077e+02	4.631601e-17	2.139967e-21
1.542277e+02	4.612622e-17	2.131396e-21
1.542477e+02	4.593724e-17	2.122860e-21
1.542677e+02	4.574842e-17	2.114332e-21
1.542877e+02	4.556137e-17	2.105881e-21
1.543077e+02	4.537432e-17	2.097430e-21
1.543277e+02	4.518839e-17	2.089029e-21
1.543477e+02	4.500324e-17	2.080662e-21
1.543677e+02	4.481827e-17	2.072303e-21
1.543877e+02	4.463502e-17	2.064020e-21
1.544077e+02	4.445177e-17	2.055737e-21
1.544277e+02	4.426962e-17	2.047503e-21
1.544477e+02	4.408824e-17	2.039302e-21
1.544677e+02	4.390703e-17	2.031109e-21
1.544877e+02	4.372750e-17	2.022991e-21
1.545077e+02	4.354797e-17	2.014872e-21
1.545277e+02	4.336953e-17	2.006801e-21
1.545477e+02	4.319184e-17	1.998764e-21
1.545677e+02	4.301431e-17	1.990733e-21
1.545877e+02	4.283844e-17	1.982776e-21
1.546077e+02	4.266256e-17	1.974819e-21
1.546277e+02	4.248775e-17	1.966908e-21
1.546477e+02	4.231367e-17	1.959030e-21
1.546677e+02	4.213975e-17	1.951159e-21
1.546877e+02	4.196745e-17	1.943360e-21
1.547077e+02	4.179515e-17	1.935561e-21
1.547277e+02	4.162389e-17	1.927807e-21
1.547477e+02	4.145335e-17	1.920086e-21
1.547677e+02	4.128297e-17	1.912371e-21
1.547877e+02	4.111417e-17	1.904727e-21
1.548077e+02	4.094538e-17	1.897082e-21
1.548277e+02	4.077760e-17	1.889483e-21
1.548477e+02	4.061053e-17	1.881915e-21
1.548677e+02	4.044361e-17	1.874354e-21
1.548877e+02	4.027825e-17	1.866861e-21
1.549077e+02	4.011288e-17	1.859368e-21
1.549277e+02	3.994852e-17	1.851920e-21
1.549477e+02	3.978484e-17	1.844502e-21
1.549677e+02	3.962132e-17	1.837091e-21
1.549877e+02	3.945932e-17	1.829747e-21
1.550078e+02	3.929732e-17	1.822403e-21
1.550278e+02	3.913629e-17	1.815103e-21
1.550478e+02	3.897595e-17	1.807832e-21
1.550678e+02	3.881575e-17	1.800568e-21
1.550878e+02	3.865704e-17	1.793370e-21
1.551078e+02	3.849833e-17	1.786173e-21
1.551278e+02	3.834058e-17	1.779017e-21
1.551478e+02	3.818350e-17	1.771891e-21
1.551678e+02	3.802656e-17	1.764771e-21
1.551878e+02	3.787108e-17	1.757716e-21
1.552078e+02	3.771560e-17	1.750661e-21
1.552278e+02	3.756105e-17	1.743648e-21
1.552478e+02	3.740716e-17	1.736663e-21
1.552678e+02	3.725341e-17	1.729685e-21
1.552878e+02	3.710109e-17	1.722770e-21
1.553078e+02	3.694877e-17	1.715855e-21
1.553278e+02	3.679738e-17	1.708981e-21
1.553478e+02	3.664661e-17	1.702136e-21
1.553678e+02	3.649599e-17	1.695296e-21
1.553878e+02	3.634677e-17	1.688518e-21
1.554078e+02	3.619754e-17	1.681741e-21
1.554278e+02	3.604922e-17	1.675003e-21
1.554478e+02	3.590153e-17	1.668294e-21
1.554678e+02	3.575397e-17	1.661590e-21
1.554878e+02	3.560778e-17	1.654947e-21
1.555078e+02	3.546159e-17	1.648304e-21
1.555278e+02	3.531628e-17	1.641700e-21
1.555478e+02	3.517159e-17	1.635124e-21
1.555678e+02	3.502703e-17	1.628553e-21
1.555878e+02	3.488382e-17	1.622042e-21
1.556078e+02	3.474060e-17	1.615531e-21
1.556278e+02	3.459825e-17	1.609059e-21
1.556478e+02	3.445650e-17	1.602613e-21
1.556678e+02	3.431488e-17	1.596173e-21
1.556878e+02	3.417457e-17	1.589791e-21
1.557078e+02	3.403427e-17	1.583410e-21
1.557278e+02	3.389481e-17	1.577066e-21
1.557478e+02	3.375594e-17	1.570748e-21
1.557678e+02	3.361720e-17	1.564436e-21
1.557878e+02	3.347975e-17	1.558181e-21
1.558078e+02	3.334230e-17	1.551926e-21
1.558278e+02	3.320568e-17	1.545708e-21
1.558478e+02	3.306963e-17	1.539516e-21
1.558678e+02	3.293371e-17	1.533329e-21
1.558878e+02	3.279906e-17	1.527198e-21
1.559078e+02	3.266440e-17	1.521068e-21
1.559278e+02	3.253056e-17	1.514973e-21
1.559478e+02	3.239728e-17	1.508904e-21
1.559678e+02	3.226412e-17	1.502840e-21
1.559878e+02	3.213220e-17	1.496831e-21
1.560078e+02	3.200029e-17	1.490823e-21
1.560278e+02	3.186917e-17	1.484849e-21
1.560478e+02	3.173859e-17	1.478900e-21
1.560678e+02	3.160815e-17	1.472957e-21
1.560878e+02	3.147891e-17	1.467068e-21
1.561078e+02	3.134967e-17	1.461178e-21
1.561278e+02	3.122122e-17	1.455324e-21
1.561478e+02	3.109330e-17	1.449493e-21
1.561678e+02	3.096551e-17	1.443668e-21
1.561878e+02	3.083890e-17	1.437895e-21
1.562078e+02	3.071229e-17	1.432123e-21
1.562278e+02	3.058645e-17	1.426384e-21
1.562478e+02	3.046113e-17	1.420670e-21
1.562678e+02	3.033594e-17	1.414960e-21
1.562878e+02	3.021190e-17	1.409302e-21
1.563078e+02	3.008787e-17	1.403644e-21
1.563278e+02	2.996458e-17	1.398020e-21
1.563478e+02	2.984182e-17	1.392419e-21
1.563678e+02	2.971917e-17	1.386823e-21
1.563878e+02	2.959765e-17	1.381277e-21
1.564078e+02	2.947614e-17	1.375732e-21
1.564278e+02	2.935537e-17	1.370219e-21
1.564478e+02	2.923509e-17	1.364729e-21
1.564678e+02	2.911494e-17	1.359245e-21
1.564878e+02	2.899590e-17	1.353809e-21
1.565078e+02	2.887685e-17	1.348374e-21
1.565278e+02	2.875853e-17	1.342971e-21
1.565478e+02	2.864071e-17	1.337590e-21
1.565678e+02	2.852299e-17	1.332214e-21
1.565878e+02	2.840637e-17	1.326887e-21
1.566078e+02	2.828975e-17	1.321560e-21
1.566278e+02	2.817384e-17	1.316264e-21
1.566478e+02	2.805840e-17	1.310990e-21
1.566678e+02	2.794309e-17	1.305721e-21
1.566878e+02	2.782883e-17	1.300499e-21
1.567078e+02	2.771458e-17	1.295278e-21
1.567278e+02	2.760103e-17	1.290088e-21
1.567478e+02	2.748794e-17	1.284918e-21
1.567678e+02	2.737497e-17	1.279754e-21
1.567878e+02	2.726304e-17	1.274636e-21
1.568078e+02	2.715111e-17	1.269519e-21
1.568278e+02	2.703986e-17	1.264431e-21
1.568478e+02	2.692908e-17	1.259365e-21
1.568678e+02	2.681840e-17	1.254303e-21
1.568878e+02	2.670875e-17	1.249287e-21
1.569078e+02	2.659910e-17	1.244271e-21
1.569278e+02	2.649011e-17	1.239285e-21
1.569478e+02	2.638158e-17	1.234319e-21
1.569678e+02	2.627315e-17	1.229358e-21
1.569878e+02	2.616573e-17	1.224441e-21
1.570079e+02	2.605831e-17	1.219525e-21
1.570279e+02	2.595154e-17	1.214638e-21
1.570479e+02	2.584521e-17	1.209771e-21
1.570679e+02	2.573899e-17	1.204908e-21
1.570879e+02	2.563375e-17	1.200089e-21
1.571079e+02	2.552851e-17	1.195271e-21
1.571279e+02	2.542391e-17	1.190481e-21
1.571479e+02	2.531975e-17	1.185710e-21
1.571679e+02	2.521569e-17	1.180944e-21
1.571879e+02	2.511259e-17	1.176221e-21
1.572079e+02	2.500949e-17	1.171498e-21
1.572279e+02	2.490702e-17	1.166803e-21
1.572479e+02	2.480497e-17	1.162128e-21
1.572679e+02	2.470303e-17	1.157456e-21
1.572879e+02	2.460202e-17	1.152827e-21
1.573079e+02	2.450102e-17	1.148198e-21
1.573279e+02	2.440063e-17	1.143597e-21
1.573479e+02	2.430066e-17	1.139014e-21
1.573679e+02	2.420079e-17	1.134435e-21
1.573879e+02	2.410184e-17	1.129898e-21
1.574079e+02	2.400289e-17	1.125361e-21
1.574279e+02	2.390454e-17	1.120851e-21
1.574479e+02	2.380661e-17	1.116359e-21
1.574679e+02	2.370876e-17	1.111872e-21
1.574879e+02	2.361183e-17	1.107425e-21
1.575079e+02	2.351489e-17	1.102978e-21
1.575279e+02	2.341854e-17	1.098557e-21
1.575479e+02	2.332259e-17	1.094155e-21
1.575679e+02	2.322674e-17	1.089757e-21
1.575879e+02	2.313177e-17	1.085398e-21
1.576079e+02	2.303681e-17	1.081040e-21
1.576279e+02	2.294242e-17	1.076707e-21
1.576479e+02	2.284842e-17	1.072392e-21
1.576679e+02	2.275452e-17	1.068081e-21
1.576879e+02	2.266148e-17	1.063809e-21
1.577079e+02	2.256845e-17	1.059537e-21
1.577279e+02	2.247598e-17	1.055291e-21
1.577479e+02	2.238389e-17	1.051061e-21
1.577679e+02	2.229190e-17	1.046836e-21
1.577879e+02	2.220076e-17	1.042649e-21
1.578079e+02	2.210961e-17	1.038462e-21
1.578279e+02	2.201902e-17	1.034300e-21
1.578479e+02	2.192881e-17	1.030155e-21
1.578679e+02	2.183869e-17	1.026013e-21
1.578879e+02	2.174940e-17	1.021909e-21
1.579079e+02	2.166010e-17	1.017806e-21
1.579279e+02	2.157136e-17	1.013726e-21
1.579479e+02	2.148298e-17	1.009663e-21
1.579679e+02	2.139469e-17	1.005604e-21
1.579879e+02	2.130721e-17	1.001582e-21
1.580079e+02	2.121974e-17	9.975597e-22
1.580279e+02	2.113279e-17	9.935614e-22
1.580479e+02	2.104621e-17	9.895793e-22
1.580679e+02	2.095972e-17	9.856010e-22
1.580879e+02	2.087402e-17	9.816586e-22
1.581079e+02	2.078832e-17	9.777162e-22
1.581279e+02	2.070315e-17	9.737974e-22
1.581479e+02	2.061833e-17	9.698944e-22
1.581679e+02	2.053359e-17	9.659952e-22
1.581879e+02	2.044963e-17	9.621312e-22
1.582079e+02	2.036568e-17	9.582671e-22
1.582279e+02	2.028224e-17	9.544262e-22
1.582479e+02	2.019914e-17	9.506007e-22
1.582679e+02	2.011613e-17	9.467790e-22
1.582879e+02	2.003388e-17	9.429918e-22
1.583079e+02	1.995163e-17	9.392046e-22
1.583279e+02	1.986989e-17	9.354400e-22
1.583479e+02	1.978848e-17	9.316905e-22
1.583679e+02	1.970715e-17	9.279448e-22
1.583879e+02	1.962658e-17	9.242328e-22
1.584079e+02	1.954600e-17	9.205208e-22
1.584279e+02	1.946592e-17	9.168311e-22
1.584479e+02	1.938616e-17	9.131562e-22
1.584679e+02	1.930649e-17	9.094849e-22
1.584879e+02	1.922755e-17	9.058467e-22
1.585079e+02	1.914862e-17	9.022085e-22
1.585279e+02	1.907016e-17	8.985921e-22
1.585479e+02	1.899203e-17	8.949902e-22
1.585679e+02	1.891398e-17	8.913919e-22
1.585879e+02	1.883665e-17	8.878260e-22
1.586079e+02	1.875931e-17	8.842601e-22
1.586279e+02	1.868245e-17	8.807155e-22
1.586479e+02	1.860591e-17	8.771853e-22
1.586679e+02	1.852945e-17	8.736585e-22
1.586879e+02	1.845368e-17	8.701635e-22
1.587079e+02	1.837792e-17	8.666684e-22
1.587279e+02	1.830263e-17	8.631943e-22
1.587479e+02	1.822764e-17	8.597342e-22
1.587679e+02	1.815273e-17	8.562776e-22
1.587879e+02	1.807851e-17	8.528520e-22
1.588079e+02	1.800429e-17	8.494264e-22
1.588279e+02	1.793053e-17	8.460214e-22
1.588479e+02	1.785706e-17	8.426301e-22
1.588679e+02	1.778368e-17	8.392421e-22
1.588879e+02	1.771096e-17	8.358846e-22
1.589079e+02	1.763825e-17	8.325271e-22
1.589279e+02	1.756599e-17	8.291898e-22
1.589479e+02	1.749402e-17	8.258659e-22
1.589679e+02	1.742212e-17	8.225453e-22
1.589879e+02	1.735089e-17	8.192545e-22
1.590080e+02	1.727966e-17	8.159638e-22
1.590280e+02	1.720886e-17	8.126928e-22
1.590480e+02	1.713836e-17	8.094349e-22
1.590680e+02	1.706792e-17	8.061803e-22
1.590880e+02	1.699814e-17	8.029550e-22
1.591080e+02	1.692835e-17	7.997296e-22
1.591280e+02	1.685900e-17	7.965237e-22
1.591480e+02	1.678993e-17	7.933305e-22
1.591680e+02	1.672093e-17	7.901406e-22
1.591880e+02	1.665256e-17	7.869794e-22
1.592080e+02	1.658419e-17	7.838182e-22
1.592280e+02	1.651625e-17	7.806759e-22
1.592480e+02	1.644858e-17	7.775463e-22
1.592680e+02	1.638098e-17	7.744198e-22
1.592880e+02	1.631401e-17	7.713214e-22
1.593080e+02	1.624703e-17	7.682230e-22
1.593280e+02	1.618047e-17	7.651433e-22
1.593480e+02	1.611417e-17	7.620758e-22
1.593680e+02	1.604795e-17	7.590115e-22
1.593880e+02	1.598234e-17	7.559747e-22
1.594080e+02	1.591672e-17	7.529379e-22
1.594280e+02	1.585151e-17	7.499194e-22
1.594480e+02	1.578657e-17	7.469129e-22
1.594680e+02	1.572169e-17	7.439095e-22
1.594880e+02	1.565741e-17	7.409330e-22
1.595080e+02	1.559313e-17	7.379566e-22
1.595280e+02	1.552924e-17	7.349981e-22
1.595480e+02	1.546562e-17	7.320514e-22
1.595680e+02	1.540206e-17	7.291077e-22
1.595880e+02	1.533909e-17	7.261904e-22
1.596080e+02	1.527612e-17	7.232732e-22
1.596280e+02	1.521353e-17	7.203734e-22
1.596480e+02	1.515120e-17	7.174853e-22
1.596680e+02	1.508893e-17	7.146001e-22
1.596880e+02	1.502724e-17	7.117409e-22
1.597080e+02	1.496555e-17	7.088816e-22
1.597280e+02	1.490423e-17	7.060395e-22
1.597480e+02	1.484317e-17	7.032088e-22
1.597680e+02	1.478217e-17	7.003810e-22
1.597880e+02	1.472173e-17	6.975786e-22
1.598080e+02	1.466129e-17	6.947761e-22
1.598280e+02	1.460123e-17	6.919906e-22
1.598480e+02	1.454141e-17	6.892161e-22
1.598680e+02	1.448165e-17	6.864445e-22
1.598880e+02	1.442244e-17	6.836978e-22
1.599080e+02	1.436323e-17	6.809511e-22
1.599280e+02	1.430438e-17	6.782209e-22
1.599480e+02	1.424578e-17	6.755016e-22
1.599680e+02	1.418723e-17	6.727852e-22
1.599880e+02	1.412923e-17	6.700930e-22
1.600080e+02	1.407122e-17	6.674009e-22
1.600280e+02	1.401357e-17	6.647250e-22
1.600480e+02	1.395616e-17	6.620598e-22
1.600680e+02	1.389880e-17	6.593973e-22
1.600880e+02	1.384198e-17	6.567587e-22
1.601080e+02	1.378515e-17	6.541201e-22
1.601280e+02	1.372867e-17	6.514975e-22
1.601480e+02	1.367243e-17	6.488852e-22
1.601680e+02	1.361624e-17	6.462757e-22
1.601880e+02	1.356057e-17	6.436895e-22
1.602080e+02	1.350489e-17	6.411034e-22
1.602280e+02	1.344957e-17	6.385329e-22
1.602480e+02	1.339446e-17	6.359726e-22
1.602680e+02	1.333942e-17	6.334149e-22
1.602880e+02	1.328488e-17	6.308802e-22
1.603080e+02	1.323034e-17	6.283455e-22
1.603280e+02	1.317614e-17	6.258260e-22
1.603480e+02	1.312215e-17	6.233166e-22
1.603680e+02	1.306823e-17	6.208098e-22
1.603880e+02	1.301480e-17	6.183255e-22
1.604080e+02	1.296137e-17	6.158412e-22
1.604280e+02	1.290826e-17	6.133719e-22
1.604480e+02	1.285538e-17	6.109123e-22
1.604680e+02	1.280255e-17	6.084554e-22
1.604880e+02	1.275020e-17	6.060205e-22
1.605080e+02	1.269786e-17	6.035855e-22
1.605280e+02	1.264584e-17	6.011653e-22
1.605480e+02	1.259403e-17	5.987547e-22
1.605680e+02	1.254227e-17	5.963466e-22
1.605880e+02	1.249099e-17	5.939601e-22
1.606080e+02	1.243971e-17	5.915736e-22
1.606280e+02	1.238875e-17	5.892014e-22
1.606480e+02	1.233799e-17	5.868388e-22
1.606680e+02	1.228729e-17	5.844786e-22
1.606880e+02	1.223705e-17	5.821395e-22
1.607080e+02	1.218681e-17	5.798004e-22
1.607280e+02	1.213689e-17	5.774755e-22
1.607480e+02	1.208716e-17	5.751598e-22
1.607680e+02	1.203749e-17	5.728465e-22
1.607880e+02	1.198827e-17	5.705539e-22
1.608080e+02	1.193906e-17	5.682614e-22
1.608280e+02	1.189014e-17	5.659827e-22
1.608480e+02	1.184143e-17	5.637130e-22
1.608680e+02	1.179277e-17	5.614457e-22
1.608880e+02	1.174455e-17	5.591988e-22
1.609080e+02	1.169634e-17	5.569518e-22
1.609280e+02	1.164842e-17	5.547184e-22
1.609480e+02	1.160069e-17	5.524939e-22
1.609680e+02	1.155302e-17	5.502717e-22
1.609880e+02	1.150579e-17	5.480694e-22
1.610081e+02	1.145855e-17	5.458671e-22
1.610281e+02	1.141161e-17	5.436781e-22
1.610481e+02	1.136485e-17	5.414978e-22
1.610681e+02	1.131815e-17	5.393198e-22
1.610881e+02	1.127188e-17	5.371613e-22
1.611081e+02	1.122560e-17	5.350028e-22
1.611281e+02	1.117961e-17	5.328574e-22
1.611481e+02	1.113381e-17	5.307204e-22
1.611681e+02	1.108805e-17	5.285857e-22
1.611881e+02	1.104272e-17	5.264701e-22
1.612081e+02	1.099739e-17	5.243546e-22
1.612281e+02	1.095233e-17	5.222518e-22
1.612481e+02	1.090746e-17	5.201573e-22
1.612681e+02	1.086264e-17	5.180651e-22
1.612881e+02	1.081822e-17	5.159916e-22
1.613081e+02	1.077381e-17	5.139181e-22
1.613281e+02	1.072967e-17	5.118571e-22
1.613481e+02	1.068571e-17	5.098043e-22
1.613681e+02	1.064180e-17	5.077537e-22
1.613881e+02	1.059829e-17	5.057214e-22
1.614081e+02	1.055478e-17	5.036891e-22
1.614281e+02	1.051154e-17	5.016691e-22
1.614481e+02	1.046848e-17	4.996572e-22
1.614681e+02	1.042546e-17	4.976473e-22
1.614881e+02	1.038283e-17	4.956555e-22
1.615081e+02	1.034021e-17	4.936636e-22
1.615281e+02	1.029784e-17	4.916838e-22
1.615481e+02	1.025565e-17	4.897118e-22
1.615681e+02	1.021351e-17	4.877420e-22
1.615881e+02	1.017175e-17	4.857897e-22
1.616081e+02	1.012999e-17	4.838374e-22
1.616281e+02	1.008849e-17	4.818970e-22
1.616481e+02	1.004716e-17	4.799642e-22
1.616681e+02	1.000587e-17	4.780336e-22
1.616881e+02	9.964963e-18	4.761201e-22
1.617081e+02	9.924053e-18	4.742067e-22
1.617281e+02	9.883397e-18	4.723049e-22
1.617481e+02	9.842905e-18	4.704105e-22
1.617681e+02	9.802457e-18	4.685183e-22
1.617881e+02	9.762379e-18	4.666429e-22
1.618081e+02	9.722301e-18	4.647675e-22
1.618281e+02	9.682471e-18	4.629035e-22
1.618481e+02	9.642802e-18	4.610468e-22
1.618681e+02	9.603177e-18	4.591922e-22
1.618881e+02	9.563914e-18	4.573541e-22
1.619081e+02	9.524650e-18	4.555160e-22
1.619281e+02	9.485631e-18	4.536891e-22
1.619481e+02	9.446768e-18	4.518694e-22
1.619681e+02	9.407949e-18	4.500516e-22
1.619881e+02	9.369483e-18	4.482501e-22
1.620081e+02	9.331018e-18	4.464485e-22
1.620281e+02	9.292792e-18	4.446579e-22
1.620481e+02	9.254720e-18	4.428744e-22
1.620681e+02	9.216689e-18	4.410928e-22
1.620881e+02	9.179006e-18	4.393271e-22
1.621081e+02	9.141323e-18	4.375614e-22
1.621281e+02	9.103874e-18	4.358064e-22
1.621481e+02	9.066575e-18	4.340583e-22
1.621681e+02	9.029318e-18	4.323122e-22
1.621881e+02	8.992401e-18	4.305816e-22
1.622081e+02	8.955484e-18	4.288510e-22
1.622281e+02	8.918796e-18	4.271309e-22
1.622481e+02	8.882256e-18	4.254176e-22
1.622681e+02	8.845757e-18	4.237062e-22
1.622881e+02	8.809590e-18	4.220100e-22
1.623081e+02	8.773424e-18	4.203139e-22
1.623281e+02	8.737482e-18	4.186280e-22
1.623481e+02	8.701685e-18	4.169488e-22
1.623681e+02	8.665928e-18	4.152714e-22
1.623881e+02	8.630496e-18	4.136090e-22
1.624081e+02	8.595065e-18	4.119465e-22
1.624281e+02	8.559854e-18	4.102942e-22
1.624481e+02	8.524785e-18	4.086484e-22
1.624681e+02	8.489754e-18	4.070044e-22
1.624881e+02	8.455043e-18	4.053750e-22
1.625081e+02	8.420332e-18	4.037456e-22
1.625281e+02	8.385837e-18	4.021262e-22
1.625481e+02	8.351481e-18	4.005131e-22
1.625681e+02	8.317163e-18	3.989018e-22
1.625881e+02	8.283157e-18	3.973048e-22
1.626081e+02	8.249152e-18	3.957079e-22
1.626281e+02	8.215358e-18	3.941206e-22
1.626481e+02	8.181700e-18	3.925396e-22
1.626681e+02	8.148080e-18	3.909603e-22
1.626881e+02	8.114766e-18	3.893951e-22
1.627081e+02	8.081452e-18	3.878299e-22
1.627281e+02	8.048345e-18	3.862743e-22
1.627481e+02	8.015372e-18	3.847247e-22
1.627681e+02	7.982435e-18	3.831769e-22
1.627881e+02	7.949798e-18	3.816428e-22
1.628081e+02	7.917161e-18	3.801088e-22
1.628281e+02	7.884728e-18	3.785840e-22
1.628481e+02	7.852425e-18	3.770653e-22
1.628681e+02	7.820158e-18	3.755482e-22
1.628881e+02	7.788184e-18	3.740447e-22
1.629081e+02	7.756211e-18	3.725411e-22
1.629281e+02	7.724437e-18	3.710468e-22
1.629481e+02	7.692791e-18	3.695582e-22
1.629681e+02	7.661180e-18	3.680714e-22
1.629881e+02	7.629856e-18	3.665977e-22
1.630082e+02	7.598533e-18	3.651241e-22
1.630282e+02	7.567405e-18	3.636594e-22
1.630482e+02	7.536402e-18	3.622005e-22
1.630682e+02	7.505434e-18	3.607432e-22
1.630882e+02	7.474747e-18	3.592989e-22
1.631082e+02	7.444061e-18	3.578545e-22
1.631282e+02	7.413566e-18	3.564190e-22
1.631482e+02	7.383193e-18	3.549891e-22
1.631682e+02	7.352854e-18	3.535608e-22
1.631882e+02	7.322791e-18	3.521452e-22
1.632082e+02	7.292729e-18	3.507296e-22
1.632282e+02	7.262854e-18	3.493227e-22
1.632482e+02	7.233098e-18	3.479212e-22
1.632682e+02	7.203377e-18	3.465213e-22
1.632882e+02	7.173925e-18	3.451339e-22
1.633082e+02	7.144474e-18	3.437464e-22
1.633282e+02	7.115206e-18	3.423675e-22
1.633482e+02	7.086056e-18	3.409939e-22
1.633682e+02	7.056938e-18	3.396219e-22
1.633882e+02	7.028085e-18	3.382620e-22
1.634082e+02	6.999233e-18	3.369022e-22
1.634282e+02	6.970560e-18	3.355506e-22
1.634482e+02	6.942002e-18	3.342044e-22
1.634682e+02	6.913477e-18	3.328597e-22
1.634882e+02	6.885211e-18	3.315269e-22
1.635082e+02	6.856944e-18	3.301941e-22
1.635282e+02	6.828855e-18	3.288694e-22
1.635482e+02	6.800878e-18	3.275500e-22
1.635682e+02	6.772932e-18	3.262320e-22
1.635882e+02	6.745241e-18	3.249257e-22
1.636082e+02	6.717549e-18	3.236194e-22
1.636282e+02	6.690031e-18	3.223211e-22
1.636482e+02	6.662622e-18	3.210279e-22
1.636682e+02	6.635245e-18	3.197362e-22
1.636882e+02	6.608116e-18	3.184559e-22
1.637082e+02	6.580988e-18	3.171756e-22
1.637282e+02	6.554029e-18	3.159031e-22
1.637482e+02	6.527177e-18	3.146356e-22
1.637682e+02	6.500357e-18	3.133696e-22
1.637882e+02	6.473780e-18	3.121148e-22
1.638082e+02	6.447203e-18	3.108599e-22
1.638282e+02	6.420792e-18	3.096128e-22
1.638482e+02	6.394486e-18	3.083705e-22
1.638682e+02	6.368211e-18	3.071297e-22
1.638882e+02	6.342174e-18	3.058998e-22
1.639082e+02	6.316138e-18	3.046699e-22
1.639282e+02	6.290264e-18	3.034476e-22
1.639482e+02	6.264493e-18	3.022301e-22
1.639682e+02	6.238752e-18	3.010139e-22
1.639882e+02	6.213245e-18	2.998085e-22
1.640082e+02	6.187737e-18	2.986031e-22
1.640282e+02	6.162389e-18	2.974051e-22
1.640482e+02	6.137143e-18	2.962118e-22
1.640682e+02	6.111925e-18	2.950198e-22
1.640882e+02	6.086936e-18	2.938384e-22
1.641082e+02	6.061947e-18	2.926570e-22
1.641282e+02	6.037115e-18	2.914828e-22
1.641482e+02	6.012381e-18	2.903132e-22
1.641682e+02	5.987676e-18	2.891449e-22
1.641882e+02	5.963195e-18	2.879870e-22
1.642082e+02	5.938714e-18	2.868291e-22
1.642282e+02	5.914387e-18	2.856783e-22
1.642482e+02	5.890156e-18	2.845320e-22
1.642682e+02	5.865953e-18	2.833870e-22
1.642882e+02	5.841970e-18	2.822521e-22
1.643082e+02	5.817987e-18	2.811173e-22
1.643282e+02	5.794154e-18	2.799894e-22
1.643482e+02	5.770416e-18	2.788659e-22
1.643682e+02	5.746705e-18	2.777436e-22
1.643882e+02	5.723210e-18	2.766313e-22
1.644082e+02	5.699714e-18	2.755191e-22
1.644282e+02	5.676366e-18	2.744136e-22
1.644482e+02	5.653110e-18	2.733124e-22
1.644682e+02	5.629882e-18	2.722125e-22
1.644882e+02	5.606864e-18	2.711224e-22
1.645082e+02	5.583846e-18	2.700322e-22
1.645282e+02	5.560972e-18	2.689488e-22
1.645482e+02	5.538189e-18	2.678695e-22
1.645682e+02	5.515433e-18	2.667915e-22
1.645882e+02	5.492883e-18	2.657230e-22
1.646082e+02	5.470333e-18	2.646546e-22
1.646282e+02	5.447924e-18	2.635927e-22
1.646482e+02	5.425605e-18	2.625349e-22
1.646682e+02	5.403311e-18	2.614783e-22
1.646882e+02	5.381220e-18	2.604311e-22
1.647082e+02	5.359128e-18	2.593839e-22
1.647282e+02	5.337175e-18	2.583432e-22
1.647482e+02	5.315309e-18	2.573064e-22
1.647682e+02	5.293469e-18	2.562709e-22
1.647882e+02	5.271826e-18	2.552445e-22
1.648082e+02	5.250184e-18	2.542182e-22
1.648282e+02	5.228677e-18	2.531981e-22
1.648482e+02	5.207256e-18	2.521820e-22
1.648682e+02	5.185860e-18	2.511671e-22
1.648882e+02	5.164657e-18	2.501611e-22
1.649082e+02	5.143455e-18	2.491552e-22
1.649282e+02	5.122385e-18	2.481554e-22
1.649482e+02	5.101399e-18	2.471596e-22
1.649682e+02	5.080438e-18	2.461648e-22
1.649882e+02	5.059667e-18	2.451789e-22
1.650083e+02	5.038895e-18	2.441930e-22
1.650283e+02	5.018254e-18	2.432131e-22
1.650483e+02	4.997695e-18	2.422371e-22
1.650683e+02	4.977160e-18	2.412621e-22
1.650883e+02	4.956811e-18	2.402958e-22
1.651083e+02	4.936461e-18	2.393295e-22
1.651283e+02	4.916240e-18	2.383691e-22
1.651483e+02	4.896099e-18	2.374125e-22
1.651683e+02	4.875981e-18	2.364570e-22
1.651883e+02	4.856046e-18	2.355099e-22
1.652083e+02	4.836110e-18	2.345628e-22
1.652283e+02	4.816300e-18	2.336216e-22
1.652483e+02	4.796568e-18	2.326840e-22
1.652683e+02	4.776859e-18	2.317474e-22
1.652883e+02	4.757329e-18	2.308192e-22
1.653083e+02	4.737799e-18	2.298910e-22
1.653283e+02	4.718391e-18	2.289685e-22
1.653483e+02	4.699061e-18	2.280495e-22
1.653683e+02	4.679753e-18	2.271316e-22
1.653883e+02	4.660620e-18	2.262219e-22
1.654083e+02	4.641486e-18	2.253121e-22
1.654283e+02	4.622474e-18	2.244080e-22
1.654483e+02	4.603536e-18	2.235073e-22
1.654683e+02	4.584621e-18	2.226077e-22
1.654883e+02	4.565876e-18	2.217160e-22
1.655083e+02	4.547132e-18	2.208244e-22
1.655283e+02	4.528506e-18	2.199382e-22
1.655483e+02	4.509953e-18	2.190555e-22
1.655683e+02	4.491422e-18	2.181738e-22
1.655883e+02	4.473059e-18	2.172999e-22
1.656083e+02	4.454696e-18	2.164260e-22
1.656283e+02	4.436448e-18	2.155574e-22
1.656483e+02	4.418272e-18	2.146923e-22
1.656683e+02	4.400119e-18	2.138281e-22
1.656883e+02	4.382129e-18	2.129716e-22
1.657083e+02	4.364139e-18	2.121151e-22
1.657283e+02	4.346262e-18	2.112638e-22
1.657483e+02	4.328456e-18	2.104159e-22
1.657683e+02	4.310671e-18	2.095689e-22
1.657883e+02	4.293047e-18	2.087295e-22
1.658083e+02	4.275423e-18	2.078900e-22
1.658283e+02	4.257910e-18	2.070557e-22
1.658483e+02	4.240465e-18	2.062246e-22
1.658683e+02	4.223042e-18	2.053945e-22
1.658883e+02	4.205776e-18	2.045718e-22
1.659083e+02	4.188510e-18	2.037490e-22
1.659283e+02	4.171353e-18	2.029313e-22
1.659483e+02	4.154264e-18	2.021168e-22
1.659683e+02	4.137195e-18	2.013032e-22
1.659883e+02	4.120280e-18	2.004968e-22
1.660083e+02	4.103365e-18	1.996904e-22
1.660283e+02	4.086557e-18	1.988890e-22
1.660483e+02	4.069814e-18	1.980907e-22
1.660683e+02	4.053093e-18	1.972933e-22
1.660883e+02	4.036521e-18	1.965029e-22
1.661083e+02	4.019950e-18	1.957126e-22
1.661283e+02	4.003484e-18	1.949271e-22
1.661483e+02	3.987082e-18	1.941447e-22
1.661683e+02	3.970700e-18	1.933632e-22
1.661883e+02	3.954466e-18	1.925886e-22
1.662083e+02	3.938232e-18	1.918140e-22
1.662283e+02	3.922100e-18	1.910442e-22
1.662483e+02	3.906032e-18	1.902773e-22
1.662683e+02	3.889983e-18	1.895113e-22
1.662883e+02	3.874078e-18	1.887521e-22
1.663083e+02	3.858174e-18	1.879929e-22
1.663283e+02	3.842371e-18	1.872384e-22
1.663483e+02	3.826629e-18	1.864868e-22
1.663683e+02	3.810906e-18	1.857361e-22
1.663883e+02	3.795325e-18	1.849921e-22
1.664083e+02	3.779744e-18	1.842480e-22
1.664283e+02	3.764262e-18	1.835085e-22
1.664483e+02	3.748840e-18	1.827718e-22
1.664683e+02	3.733437e-18	1.820361e-22
1.664883e+02	3.718173e-18	1.813068e-22
1.665083e+02	3.702909e-18	1.805775e-22
1.665283e+02	3.687741e-18	1.798528e-22
1.665483e+02	3.672633e-18	1.791308e-22
1.665683e+02	3.657543e-18	1.784097e-22
1.665883e+02	3.642590e-18	1.776949e-22
1.666083e+02	3.627636e-18	1.769802e-22
1.666283e+02	3.612776e-18	1.762698e-22
1.666483e+02	3.597975e-18	1.755622e-22
1.666683e+02	3.583192e-18	1.748555e-22
1.666883e+02	3.568543e-18	1.741549e-22
1.667083e+02	3.553893e-18	1.734544e-22
1.667283e+02	3.539336e-18	1.727582e-22
1.667483e+02	3.524835e-18	1.720647e-22
1.667683e+02	3.510353e-18	1.713720e-22
1.667883e+02	3.496001e-18	1.706854e-22
1.668083e+02	3.481649e-18	1.699988e-22
1.668283e+02	3.467388e-18	1.693165e-22
1.668483e+02	3.453182e-18	1.686368e-22
1.668683e+02	3.438994e-18	1.679579e-22
1.668883e+02	3.424934e-18	1.672849e-22
1.669083e+02	3.410874e-18	1.666120e-22
1.669283e+02	3.396902e-18	1.659433e-22
1.669483e+02	3.382986e-18	1.652771e-22
1.669683e+02	3.369086e-18	1.646117e-22
1.669883e+02	3.355312e-18	1.639522e-22
1.670084e+02	3.341537e-18	1.632926e-22
1.670284e+02	3.327850e-18	1.626372e-22
1.670484e+02	3.314216e-18	1.619843e-22
1.670684e+02	3.300599e-18	1.613321e-22
1.670884e+02	3.287105e-18	1.606857e-22
1.671084e+02	3.273610e-18	1.600393e-22
1.671284e+02	3.260201e-18	1.593970e-22
1.671484e+02	3.246845e-18	1.587570e-22
1.671684e+02	3.233505e-18	1.581179e-22
1.671884e+02	3.220285e-18	1.574843e-22
1.672084e+02	3.207064e-18	1.568508e-22
1.672284e+02	3.193928e-18	1.562212e-22
1.672484e+02	3.180843e-18	1.555940e-22
1.672684e+02	3.167774e-18	1.549676e-22
1.672884e+02	3.154823e-18	1.543467e-22
1.673084e+02	3.141871e-18	1.537257e-22
1.673284e+02	3.129002e-18	1.531087e-22
1.673484e+02	3.116183e-18	1.524940e-22
1.673684e+02	3.103380e-18	1.518800e-22
1.673884e+02	3.090692e-18	1.512715e-22
1.674084e+02	3.078004e-18	1.506629e-22
1.674284e+02	3.065396e-18	1.500581e-22
1.674484e+02	3.052838e-18	1.494557e-22
1.674684e+02	3.040295e-18	1.488539e-22
1.674884e+02	3.027865e-18	1.482575e-22
1.675084e+02	3.015434e-18	1.476610e-22
1.675284e+02	3.003083e-18	1.470683e-22
1.675484e+02	2.990780e-18	1.464778e-22
1.675684e+02	2.978492e-18	1.458881e-22
1.675884e+02	2.966315e-18	1.453035e-22
1.676084e+02	2.954137e-18	1.447189e-22
1.676284e+02	2.942037e-18	1.441380e-22
1.676484e+02	2.929984e-18	1.435593e-22
1.676684e+02	2.917946e-18	1.429813e-22
1.676884e+02	2.906016e-18	1.424083e-22
1.677084e+02	2.894086e-18	1.418354e-22
1.677284e+02	2.882232e-18	1.412660e-22
1.677484e+02	2.870424e-18	1.406988e-22
1.677684e+02	2.858630e-18	1.401323e-22
1.677884e+02	2.846943e-18	1.395708e-22
1.678084e+02	2.835256e-18	1.390093e-22
1.678284e+02	2.823642e-18	1.384512e-22
1.678484e+02	2.812074e-18	1.378953e-22
1.678684e+02	2.800521e-18	1.373401e-22
1.678884e+02	2.789071e-18	1.367897e-22
1.679084e+02	2.777621e-18	1.362394e-22
1.679284e+02	2.766244e-18	1.356925e-22
1.679484e+02	2.754911e-18	1.351476e-22
1.679684e+02	2.743593e-18	1.346035e-22
1.679884e+02	2.732375e-18	1.340641e-22
1.680084e+02	2.721158e-18	1.335247e-22
1.680284e+02	2.710013e-18	1.329887e-22
1.680484e+02	2.698910e-18	1.324547e-22
1.680684e+02	2.687822e-18	1.319213e-22
1.680884e+02	2.676833e-18	1.313927e-22
1.681084e+02	2.665843e-18	1.308640e-22
1.681284e+02	2.654924e-18	1.303387e-22
1.681484e+02	2.644048e-18	1.298153e-22
1.681684e+02	2.633184e-18	1.292926e-22
1.681884e+02	2.622419e-18	1.287745e-22
1.682084e+02	2.611653e-18	1.282563e-22
1.682284e+02	2.600956e-18	1.277415e-22
1.682484e+02	2.590300e-18	1.272285e-22
1.682684e+02	2.579658e-18	1.267162e-22
1.682884e+02	2.569111e-18	1.262084e-22
1.683084e+02	2.558564e-18	1.257006e-22
1.683284e+02	2.548085e-18	1.251959e-22
1.683484e+02	2.537646e-18	1.246932e-22
1.683684e+02	2.527220e-18	1.241911e-22
1.683884e+02	2.516887e-18	1.236934e-22
1.684084e+02	2.506555e-18	1.231957e-22
1.684284e+02	2.496288e-18	1.227011e-22
1.684484e+02	2.486061e-18	1.222084e-22
1.684684e+02	2.475847e-18	1.217163e-22
1.684884e+02	2.465725e-18	1.212285e-22
1.685084e+02	2.455603e-18	1.207407e-22
1.685284e+02	2.445545e-18	1.202560e-22
1.685484e+02	2.435526e-18	1.197731e-22
1.685684e+02	2.425519e-18	1.192907e-22
1.685884e+02	2.415603e-18	1.188127e-22
1.686084e+02	2.405686e-18	1.183346e-22
1.686284e+02	2.395833e-18	1.178595e-22
1.686484e+02	2.386017e-18	1.173862e-22
1.686684e+02	2.376215e-18	1.169135e-22
1.686884e+02	2.366500e-18	1.164449e-22
1.687084e+02	2.356784e-18	1.159764e-22
1.687284e+02	2.347131e-18	1.155108e-22
1.687484e+02	2.337516e-18	1.150469e-22
1.687684e+02	2.327912e-18	1.145836e-22
1.687884e+02	2.318395e-18	1.141244e-22
1.688084e+02	2.308877e-18	1.136651e-22
1.688284e+02	2.299420e-18	1.132088e-22
1.688484e+02	2.290000e-18	1.127541e-22
1.688684e+02	2.280592e-18	1.123001e-22
1.688884e+02	2.271267e-18	1.118500e-22
1.689084e+02	2.261943e-18	1.113999e-22
1.689284e+02	2.252679e-18	1.109526e-22
1.689484e+02	2.243450e-18	1.105071e-22
1.689684e+02	2.234233e-18	1.100620e-22
1.689884e+02	2.225098e-18	1.096209e-22
1.690085e+02	2.215964e-18	1.091798e-22
1.690285e+02	2.206888e-18	1.087414e-22
1.690485e+02	2.197846e-18	1.083047e-22
1.690685e+02	2.188817e-18	1.078686e-22
1.690885e+02	2.179868e-18	1.074362e-22
1.691085e+02	2.170919e-18	1.070039e-22
1.691285e+02	2.162027e-18	1.065743e-22
1.691485e+02	2.153170e-18	1.061463e-22
1.691685e+02	2.144324e-18	1.057188e-22
1.691885e+02	2.135557e-18	1.052951e-22
1.692085e+02	2.126790e-18	1.048713e-22
1.692285e+02	2.118079e-18	1.044502e-22
1.692485e+02	2.109402e-18	1.040308e-22
1.692685e+02	2.100735e-18	1.036118e-22
1.692885e+02	2.092147e-18	1.031965e-22
1.693085e+02	2.083558e-18	1.027812e-22
1.693285e+02	2.075024e-18	1.023685e-22
1.693485e+02	2.066523e-18	1.019574e-22
1.693685e+02	2.058033e-18	1.015468e-22
1.693885e+02	2.049619e-18	1.011398e-22
1.694085e+02	2.041205e-18	1.007327e-22
1.694285e+02	2.032845e-18	1.003283e-22
1.694485e+02	2.024516e-18	9.992532e-23
1.694685e+02	2.016199e-18	9.952288e-23
1.694885e+02	2.007956e-18	9.912397e-23
1.695085e+02	1.999713e-18	9.872505e-23
1.695285e+02	1.991522e-18	9.832864e-23
1.695485e+02	1.983363e-18	9.793372e-23
1.695685e+02	1.975215e-18	9.753929e-23
1.695885e+02	1.967140e-18	9.714832e-23
1.696085e+02	1.959064e-18	9.675735e-23
1.696285e+02	1.951040e-18	9.636883e-23
1.696485e+02	1.943047e-18	9.598177e-23
1.696685e+02	1.935064e-18	9.559521e-23
1.696885e+02	1.927153e-18	9.521202e-23
1.697085e+02	1.919242e-18	9.482884e-23
1.697285e+02	1.911381e-18	9.444806e-23
1.697485e+02	1.903550e-18	9.406871e-23
1.697685e+02	1.895730e-18	9.368984e-23
1.697885e+02	1.887979e-18	9.331429e-23
1.698085e+02	1.880229e-18	9.293873e-23
1.698285e+02	1.872528e-18	9.256554e-23
1.698485e+02	1.864857e-18	9.219374e-23
1.698685e+02	1.857195e-18	9.182242e-23
1.698885e+02	1.849602e-18	9.145434e-23
1.699085e+02	1.842009e-18	9.108627e-23
1.699285e+02	1.834465e-18	9.072051e-23
1.699485e+02	1.826949e-18	9.035612e-23
1.699685e+02	1.819444e-18	8.999219e-23
1.699885e+02	1.812005e-18	8.963145e-23
1.700085e+02	1.804566e-18	8.927070e-23
1.700285e+02	1.797175e-18	8.891223e-23
1.700485e+02	1.789813e-18	8.855509e-23
1.700685e+02	1.782460e-18	8.819842e-23
1.700885e+02	1.775172e-18	8.784486e-23
1.701085e+02	1.767885e-18	8.749130e-23
1.701285e+02	1.760644e-18	8.713996e-23
1.701485e+02	1.753431e-18	8.678994e-23
1.701685e+02	1.746227e-18	8.644037e-23
1.701885e+02	1.739088e-18	8.609385e-23
1.702085e+02	1.731949e-18	8.574733e-23
1.702285e+02	1.724855e-18	8.540299e-23
1.702485e+02	1.717789e-18	8.505994e-23
1.702685e+02	1.710732e-18	8.471733e-23
1.702885e+02	1.703738e-18	8.437772e-23
1.703085e+02	1.696743e-18	8.403810e-23
1.703285e+02	1.689794e-18	8.370062e-23
1.703485e+02	1.682871e-18	8.336440e-23
1.703685e+02	1.675958e-18	8.302862e-23
1.703885e+02	1.669106e-18	8.269577e-23
1.704085e+02	1.662254e-18	8.236292e-23
1.704285e+02	1.655446e-18	8.203216e-23
1.704485e+02	1.648664e-18	8.170264e-23
1.704685e+02	1.641891e-18	8.137354e-23
1.704885e+02	1.635178e-18	8.104732e-23
1.705085e+02	1.628465e-18	8.072110e-23
1.705285e+02	1.621795e-18	8.039693e-23
1.705485e+02	1.615151e-18	8.007397e-23
1.705685e+02	1.608516e-18	7.975143e-23
1.705885e+02	1.601940e-18	7.943171e-23
1.706085e+02	1.595363e-18	7.911198e-23
1.706285e+02	1.588829e-18	7.879427e-23
1.706485e+02	1.582320e-18	7.847775e-23
1.706685e+02	1.575820e-18	7.816163e-23
1.706885e+02	1.569377e-18	7.784828e-23
1.707085e+02	1.562935e-18	7.753492e-23
1.707285e+02	1.556533e-18	7.722354e-23
1.707485e+02	1.550157e-18	7.691332e-23
1.707685e+02	1.543788e-18	7.660350e-23
1.707885e+02	1.537477e-18	7.629638e-23
1.708085e+02	1.531165e-18	7.598927e-23
1.708285e+02	1.524894e-18	7.568409e-23
1.708485e+02	1.518647e-18	7.538005e-23
1.708685e+02	1.512408e-18	7.507640e-23
1.708885e+02	1.506224e-18	7.477541e-23
1.709085e+02	1.500041e-18	7.447441e-23
1.709285e+02	1.493898e-18	7.417531e-23
1.709485e+02	1.487777e-18	7.387732e-23
1.709685e+02	1.481665e-18	7.357973e-23
1.709885e+02	1.475608e-18	7.328473e-23
1.710086e+02	1.469550e-18	7.298972e-23
1.710286e+02	1.463531e-18	7.269658e-23
1.710486e+02	1.457536e-18	7.240453e-23
1.710686e+02	1.451548e-18	7.211287e-23
1.710886e+02	1.445613e-18	7.182374e-23
1.711086e+02	1.439679e-18	7.153461e-23
1.711286e+02	1.433782e-18	7.124731e-23
1.711486e+02	1.427909e-18	7.096108e-23
1.711686e+02	1.422043e-18	7.067522e-23
1.711886e+02	1.416229e-18	7.039186e-23
1.712086e+02	1.410415e-18	7.010849e-23
1.712286e+02	1.404638e-18	6.982691e-23
1.712486e+02	1.398884e-18	6.954638e-23
1.712686e+02	1.393137e-18	6.926622e-23
1.712886e+02	1.387441e-18	6.898850e-23
1.713086e+02	1.381746e-18	6.871078e-23
1.713286e+02	1.376087e-18	6.843481e-23
1.713486e+02	1.370449e-18	6.815987e-23
1.713686e+02	1.364819e-18	6.788529e-23
1.713886e+02	1.359239e-18	6.761310e-23
1.714086e+02	1.353659e-18	6.734091e-23
1.714286e+02	1.348115e-18	6.707044e-23
1.714486e+02	1.342592e-18	6.680097e-23
1.714686e+02	1.337077e-18	6.653186e-23
1.714886e+02	1.331610e-18	6.626510e-23
1.715086e+02	1.326144e-18	6.599833e-23
1.715286e+02	1.320713e-18	6.573325e-23
1.715486e+02	1.315302e-18	6.546915e-23
1.715686e+02	1.309899e-18	6.520540e-23
1.715886e+02	1.304543e-18	6.494395e-23
1.716086e+02	1.299188e-18	6.468250e-23
1.716286e+02	1.293867e-18	6.442270e-23
1.716486e+02	1.288566e-18	6.416386e-23
1.716686e+02	1.283273e-18	6.390537e-23
1.716886e+02	1.278026e-18	6.364912e-23
1.717086e+02	1.272780e-18	6.339288e-23
1.717286e+02	1.267567e-18	6.313826e-23
1.717486e+02	1.262374e-18	6.288458e-23
1.717686e+02	1.257188e-18	6.263123e-23
1.717886e+02	1.252048e-18	6.238009e-23
1.718086e+02	1.246908e-18	6.212895e-23
1.718286e+02	1.241802e-18	6.187940e-23
1.718486e+02	1.236714e-18	6.163078e-23
1.718686e+02	1.231634e-18	6.138248e-23
1.718886e+02	1.226598e-18	6.113635e-23
1.719086e+02	1.221563e-18	6.089021e-23
1.719286e+02	1.216560e-18	6.064563e-23
1.719486e+02	1.211576e-18	6.040196e-23
1.719686e+02	1.206599e-18	6.015861e-23
1.719886e+02	1.201666e-18	5.991738e-23
1.720086e+02	1.196733e-18	5.967614e-23
1.720286e+02	1.191832e-18	5.943644e-23
1.720486e+02	1.186949e-18	5.919762e-23
1.720686e+02	1.182073e-18	5.895912e-23
1.720886e+02	1.177240e-18	5.872270e-23
1.721086e+02	1.172407e-18	5.848627e-23
1.721286e+02	1.167606e-18	5.825134e-23
1.721486e+02	1.162823e-18	5.801728e-23
1.721686e+02	1.158046e-18	5.778353e-23
1.721886e+02	1.153311e-18	5.755182e-23
1.722086e+02	1.148577e-18	5.732010e-23
1.722286e+02	1.143873e-18	5.708985e-23
1.722486e+02	1.139186e-18	5.686046e-23
1.722686e+02	1.134507e-18	5.663137e-23
1.722886e+02	1.129868e-18	5.640427e-23
1.723086e+02	1.125230e-18	5.617717e-23
1.723286e+02	1.120622e-18	5.595151e-23
1.723486e+02	1.116031e-18	5.572668e-23
1.723686e+02	1.111446e-18	5.550216e-23
1.723886e+02	1.106902e-18	5.527958e-23
1.724086e+02	1.102358e-18	5.505700e-23
1.724286e+02	1.097844e-18	5.483584e-23
1.724486e+02	1.093346e-18	5.461549e-23
1.724686e+02	1.088855e-18	5.439544e-23
1.724886e+02	1.084403e-18	5.417730e-23
1.725086e+02	1.079951e-18	5.395916e-23
1.725286e+02	1.075528e-18	5.374241e-23
1.725486e+02	1.071122e-18	5.352645e-23
1.725686e+02	1.066722e-18	5.331078e-23
1.725886e+02	1.062361e-18	5.309699e-23
1.726086e+02	1.058000e-18	5.288319e-23
1.726286e+02	1.053667e-18	5.267076e-23
1.726486e+02	1.049350e-18	5.245910e-23
1.726686e+02	1.045039e-18	5.224773e-23
1.726886e+02	1.040767e-18	5.203820e-23
1.727086e+02	1.036494e-18	5.182867e-23
1.727286e+02	1.032250e-18	5.162046e-23
1.727486e+02	1.028021e-18	5.141303e-23
1.727686e+02	1.023798e-18	5.120587e-23
1.727886e+02	1.019612e-18	5.100051e-23
1.728086e+02	1.015426e-18	5.079515e-23
1.728286e+02	1.011268e-18	5.059109e-23
1.728486e+02	1.007125e-18	5.038779e-23
1.728686e+02	1.002988e-18	5.018476e-23
1.728886e+02	9.988871e-19	4.998349e-23
1.729086e+02	9.947865e-19	4.978223e-23
1.729286e+02	9.907125e-19	4.958224e-23
1.729486e+02	9.866538e-19	4.938299e-23
1.729686e+02	9.826007e-19	4.918400e-23
1.729886e+02	9.785835e-19	4.898675e-23
1.730087e+02	9.745662e-19	4.878949e-23
1.730287e+02	9.705751e-19	4.859349e-23
1.730487e+02	9.665989e-19	4.839820e-23
1.730687e+02	9.626282e-19	4.820319e-23
1.730887e+02	9.586926e-19	4.800986e-23
1.731087e+02	9.547570e-19	4.781653e-23
1.731287e+02	9.508470e-19	4.762444e-23
1.731487e+02	9.469516e-19	4.743304e-23
1.731687e+02	9.430616e-19	4.724191e-23
1.731887e+02	9.392060e-19	4.705244e-23
1.732087e+02	9.353504e-19	4.686296e-23
1.732287e+02	9.315199e-19	4.667470e-23
1.732487e+02	9.277037e-19	4.648712e-23
1.732687e+02	9.238928e-19	4.629980e-23
1.732887e+02	9.201156e-19	4.611410e-23
1.733087e+02	9.163384e-19	4.592840e-23
1.733287e+02	9.125857e-19	4.574388e-23
1.733487e+02	9.088471e-19	4.556004e-23
1.733687e+02	9.051136e-19	4.537645e-23
1.733887e+02	9.014132e-19	4.519445e-23
1.734087e+02	8.977127e-19	4.501246e-23
1.734287e+02	8.940364e-19	4.483162e-23
1.734487e+02	8.903737e-19	4.465144e-23
1.734687e+02	8.867162e-19	4.447151e-23
1.734887e+02	8.830910e-19	4.429314e-23
1.735087e+02	8.794658e-19	4.411477e-23
1.735287e+02	8.758641e-19	4.393753e-23
1.735487e+02	8.722759e-19	4.376095e-23
1.735687e+02	8.686927e-19	4.358460e-23
1.735887e+02	8.651412e-19	4.340978e-23
1.736087e+02	8.615897e-19	4.323497e-23
1.736287e+02	8.580612e-19	4.306126e-23
1.736487e+02	8.545460e-19	4.288820e-23
1.736687e+02	8.510357e-19	4.271537e-23
1.736887e+02	8.475563e-19	4.254403e-23
1.737087e+02	8.440770e-19	4.237270e-23
1.737287e+02	8.406203e-19	4.220246e-23
1.737487e+02	8.371765e-19	4.203284e-23
1.737687e+02	8.337375e-19	4.186346e-23
1.737887e+02	8.303289e-19	4.169554e-23
1.738087e+02	8.269203e-19	4.152762e-23
1.738287e+02	8.235338e-19	4.136077e-23
1.738487e+02	8.201600e-19	4.119453e-23
1.738687e+02	8.167910e-19	4.102852e-23
1.738887e+02	8.134516e-19	4.086395e-23
1.739087e+02	8.101123e-19	4.069938e-23
1.739287e+02	8.067947e-19	4.053586e-23
1.739487e+02	8.034895e-19	4.037293e-23
1.739687e+02	8.001889e-19	4.021023e-23
1.739887e+02	7.969175e-19	4.004894e-23
1.740087e+02	7.936460e-19	3.988764e-23
1.740287e+02	7.903959e-19	3.972738e-23
1.740487e+02	7.871578e-19	3.956770e-23
1.740687e+02	7.839243e-19	3.940825e-23
1.740887e+02	7.807194e-19	3.925017e-23
1.741087e+02	7.775144e-19	3.909209e-23
1.741287e+02	7.743303e-19	3.893502e-23
1.741487e+02	7.711581e-19	3.877852e-23
1.741687e+02	7.679904e-19	3.862225e-23
1.741887e+02	7.648506e-19	3.846732e-23
1.742087e+02	7.617107e-19	3.831239e-23
1.742287e+02	7.585914e-19	3.815845e-23
1.742487e+02	7.554836e-19	3.800507e-23
1.742687e+02	7.523803e-19	3.785191e-23
1.742887e+02	7.493043e-19	3.770007e-23
1.743087e+02	7.462283e-19	3.754823e-23
1.743287e+02	7.431724e-19	3.739736e-23
1.743487e+02	7.401278e-19	3.724704e-23
1.743687e+02	7.370875e-19	3.709693e-23
1.743887e+02	7.340741e-19	3.694811e-23
1.744087e+02	7.310606e-19	3.679930e-23
1.744287e+02	7.280668e-19	3.665144e-23
1.744487e+02	7.250841e-19	3.650411e-23
1.744687e+02	7.221056e-19	3.635699e-23
1.744887e+02	7.191534e-19	3.621114e-23
1.745087e+02	7.162012e-19	3.606530e-23
1.745287e+02	7.132683e-19	3.592038e-23
1.745487e+02	7.103462e-19	3.577599e-23
1.745687e+02	7.074283e-19	3.563181e-23
1.745887e+02	7.045361e-19	3.548886e-23
1.746087e+02	7.016439e-19	3.534592e-23
1.746287e+02	6.987705e-19	3.520390e-23
1.746487e+02	6.959079e-19	3.506239e-23
1.746687e+02	6.930493e-19	3.492107e-23
1.746887e+02	6.902159e-19	3.478098e-23
1.747087e+02	6.873824e-19	3.464089e-23
1.747287e+02	6.845675e-19	3.450169e-23
1.747487e+02	6.817630e-19	3.436300e-23
1.747687e+02	6.789626e-19	3.422451e-23
1.747887e+02	6.761867e-19	3.408721e-23
1.748087e+02	6.734109e-19	3.394991e-23
1.748287e+02	6.706532e-19	3.381349e-23
1.748487e+02	6.679057e-19	3.367756e-23
1.748687e+02	6.651622e-19	3.354183e-23
1.748887e+02	6.624428e-19	3.340726e-23
1.749087e+02	6.597233e-19	3.327270e-23
1.749287e+02	6.570217e-19	3.313900e-23
1.749487e+02	6.543301e-19	3.300578e-23
1.749687e+02	6.516423e-19	3.287275e-23
1.749887e+02	6.489782e-19	3.274087e-23
1.750088e+02	6.463140e-19	3.260899e-23
1.750288e+02	6.436673e-19	3.247795e-23
1.750488e+02	6.410304e-19	3.234739e-23
1.750688e+02	6.383973e-19	3.221701e-23
1.750888e+02	6.357873e-19	3.208776e-23
1.751088e+02	6.331773e-19	3.195851e-23
1.751288e+02	6.305844e-19	3.183008e-23
1.751488e+02	6.280011e-19	3.170212e-23
1.751688e+02	6.254215e-19	3.157435e-23
1.751888e+02	6.228645e-19	3.144767e-23
1.752088e+02	6.203076e-19	3.132099e-23
1.752288e+02	6.177674e-19	3.119513e-23
1.752488e+02	6.152366e-19	3.106972e-23
1.752688e+02	6.127094e-19	3.094449e-23
1.752888e+02	6.102045e-19	3.082034e-23
1.753088e+02	6.076995e-19	3.069619e-23
1.753288e+02	6.052109e-19	3.057283e-23
1.753488e+02	6.027316e-19	3.044992e-23
1.753688e+02	6.002558e-19	3.032719e-23
1.753888e+02	5.978017e-19	3.020551e-23
1.754088e+02	5.953477e-19	3.008384e-23
1.754288e+02	5.929097e-19	2.996294e-23
1.754488e+02	5.904807e-19	2.984248e-23
1.754688e+02	5.880553e-19	2.972220e-23
1.754888e+02	5.856511e-19	2.960294e-23
1.755088e+02	5.832469e-19	2.948369e-23
1.755288e+02	5.808585e-19	2.936521e-23
1.755488e+02	5.784789e-19	2.924715e-23
1.755688e+02	5.761028e-19	2.912926e-23
1.755888e+02	5.737475e-19	2.901239e-23
1.756088e+02	5.713922e-19	2.889551e-23
1.756288e+02	5.690523e-19	2.877939e-23
1.756488e+02	5.667211e-19	2.866369e-23
1.756688e+02	5.643932e-19	2.854815e-23
1.756888e+02	5.620858e-19	2.843360e-23
1.757088e+02	5.597783e-19	2.831906e-23
1.757288e+02	5.574861e-19	2.820525e-23
1.757488e+02	5.552022e-19	2.809185e-23
1.757688e+02	5.529217e-19	2.797862e-23
1.757888e+02	5.506611e-19	2.786635e-23
1.758088e+02	5.484006e-19	2.775409e-23
1.758288e+02	5.461549e-19	2.764255e-23
1.758488e+02	5.439175e-19	2.753142e-23
1.758688e+02	5.416833e-19	2.742044e-23
1.758888e+02	5.394687e-19	2.731042e-23
1.759088e+02	5.372542e-19	2.720039e-23
1.759288e+02	5.350541e-19	2.709108e-23
1.759488e+02	5.328622e-19	2.698216e-23
1.759688e+02	5.306734e-19	2.687339e-23
1.759888e+02	5.285038e-19	2.676556e-23
1.760088e+02	5.263343e-19	2.665773e-23
1.760288e+02	5.241790e-19	2.655060e-23
1.760488e+02	5.220316e-19	2.644385e-23
1.760688e+02	5.198873e-19	2.633725e-23
1.760888e+02	5.177618e-19	2.623157e-23
1.761088e+02	5.156364e-19	2.612589e-23
1.761288e+02	5.135249e-19	2.602089e-23
1.761488e+02	5.114211e-19	2.591627e-23
1.761688e+02	5.093204e-19	2.581180e-23
1.761888e+02	5.072382e-19	2.570822e-23
1.762088e+02	5.051559e-19	2.560465e-23
1.762288e+02	5.030873e-19	2.550174e-23
1.762488e+02	5.010263e-19	2.539921e-23
1.762688e+02	4.989683e-19	2.529682e-23
1.762888e+02	4.969284e-19	2.519531e-23
1.763088e+02	4.948885e-19	2.509380e-23
1.763288e+02	4.928619e-19	2.499295e-23
1.763488e+02	4.908428e-19	2.489245e-23
1.763688e+02	4.888267e-19	2.479211e-23
1.763888e+02	4.868282e-19	2.469262e-23
1.764088e+02	4.848297e-19	2.459314e-23
1.764288e+02	4.828444e-19	2.449429e-23
1.764488e+02	4.808663e-19	2.439580e-23
1.764688e+02	4.788912e-19	2.429746e-23
1.764888e+02	4.769333e-19	2.419996e-23
1.765088e+02	4.749755e-19	2.410246e-23
1.765288e+02	4.730305e-19	2.400558e-23
1.765488e+02	4.710926e-19	2.390906e-23
1.765688e+02	4.691576e-19	2.381267e-23
1.765888e+02	4.672396e-19	2.371711e-23
1.766088e+02	4.653215e-19	2.362156e-23
1.766288e+02	4.634160e-19	2.352662e-23
1.766488e+02	4.615176e-19	2.343202e-23
1.766688e+02	4.596219e-19	2.333755e-23
1.766888e+02	4.577428e-19	2.324390e-23
1.767088e+02	4.558638e-19	2.315025e-23
1.767288e+02	4.539970e-19	2.305720e-23
1.767488e+02	4.521372e-19	2.296448e-23
1.767688e+02	4.502800e-19	2.287190e-23
1.767888e+02	4.484391e-19	2.278012e-23
1.768088e+02	4.465983e-19	2.268833e-23
1.768288e+02	4.447695e-19	2.259714e-23
1.768488e+02	4.429474e-19	2.250628e-23
1.768688e+02	4.411280e-19	2.241554e-23
1.768888e+02	4.393246e-19	2.232559e-23
1.769088e+02	4.375211e-19	2.223563e-23
1.769288e+02	4.357295e-19	2.214626e-23
1.769488e+02	4.339445e-19	2.205720e-23
1.769688e+02	4.321621e-19	2.196828e-23
1.769888e+02	4.303953e-19	2.188012e-23
1.770089e+02	4.286285e-19	2.179195e-23
1.770289e+02	4.268733e-19	2.170436e-23
1.770489e+02	4.251245e-19	2.161708e-23
1.770689e+02	4.233784e-19	2.152993e-23
1.770889e+02	4.216475e-19	2.144353e-23
1.771089e+02	4.199166e-19	2.135712e-23
1.771289e+02	4.181971e-19	2.127128e-23
1.771489e+02	4.164839e-19	2.118574e-23
1.771689e+02	4.147732e-19	2.110033e-23
1.771889e+02	4.130775e-19	2.101565e-23
1.772089e+02	4.113818e-19	2.093096e-23
1.772289e+02	4.096972e-19	2.084683e-23
1.772489e+02	4.080188e-19	2.076300e-23
1.772689e+02	4.063429e-19	2.067929e-23
1.772889e+02	4.046817e-19	2.059630e-23
1.773089e+02	4.030204e-19	2.051330e-23
1.773289e+02	4.013701e-19	2.043085e-23
1.773489e+02	3.997259e-19	2.034869e-23
1.773689e+02	3.980840e-19	2.026664e-23
1.773889e+02	3.964565e-19	2.018531e-23
1.774089e+02	3.948291e-19	2.010397e-23
1.774289e+02	3.932123e-19	2.002316e-23
1.774489e+02	3.916014e-19	1.994263e-23
1.774689e+02	3.899930e-19	1.986223e-23
1.774889e+02	3.883986e-19	1.978251e-23
1.775089e+02	3.868042e-19	1.970280e-23
1.775289e+02	3.852203e-19	1.962360e-23
1.775489e+02	3.836422e-19	1.954468e-23
1.775689e+02	3.820664e-19	1.946588e-23
1.775889e+02	3.805044e-19	1.938775e-23
1.776089e+02	3.789424e-19	1.930963e-23
1.776289e+02	3.773907e-19	1.923201e-23
1.776489e+02	3.758447e-19	1.915466e-23
1.776689e+02	3.743010e-19	1.907743e-23
1.776889e+02	3.727707e-19	1.900086e-23
1.777089e+02	3.712405e-19	1.892429e-23
1.777289e+02	3.697203e-19	1.884822e-23
1.777489e+02	3.682057e-19	1.877242e-23
1.777689e+02	3.666934e-19	1.869673e-23
1.777889e+02	3.651942e-19	1.862169e-23
1.778089e+02	3.636951e-19	1.854665e-23
1.778289e+02	3.622058e-19	1.847209e-23
1.778489e+02	3.607220e-19	1.839780e-23
1.778689e+02	3.592404e-19	1.832362e-23
1.778889e+02	3.577717e-19	1.825008e-23
1.779089e+02	3.563030e-19	1.817653e-23
1.779289e+02	3.548441e-19	1.810346e-23
1.779489e+02	3.533904e-19	1.803065e-23
1.779689e+02	3.519389e-19	1.795795e-23
1.779889e+02	3.505001e-19	1.788587e-23
1.780089e+02	3.490612e-19	1.781379e-23
1.780289e+02	3.476319e-19	1.774218e-23
1.780489e+02	3.462078e-19	1.767083e-23
1.780689e+02	3.447858e-19	1.759958e-23
1.780889e+02	3.433762e-19	1.752893e-23
1.781089e+02	3.419667e-19	1.745829e-23
1.781289e+02	3.405664e-19	1.738811e-23
1.781489e+02	3.391712e-19	1.731818e-23
1.781689e+02	3.377782e-19	1.724835e-23
1.781889e+02	3.363972e-19	1.717911e-23
1.782089e+02	3.350163e-19	1.710988e-23
1.782289e+02	3.336445e-19	1.704110e-23
1.782489e+02	3.322777e-19	1.697256e-23
1.782689e+02	3.309129e-19	1.690412e-23
1.782889e+02	3.295600e-19	1.683627e-23
1.783089e+02	3.282072e-19	1.676842e-23
1.783289e+02	3.268633e-19	1.670101e-23
1.783489e+02	3.255242e-19	1.663383e-23
1.783689e+02	3.241872e-19	1.656676e-23
1.783889e+02	3.228618e-19	1.650026e-23
1.784089e+02	3.215365e-19	1.643376e-23
1.784289e+02	3.202199e-19	1.636770e-23
1.784489e+02	3.189081e-19	1.630186e-23
1.784689e+02	3.175982e-19	1.623613e-23
1.784889e+02	3.162998e-19	1.617096e-23
1.785089e+02	3.150014e-19	1.610578e-23
1.785289e+02	3.137115e-19	1.604103e-23
1.785489e+02	3.124264e-19	1.597651e-23
1.785689e+02	3.111432e-19	1.591209e-23
1.785889e+02	3.098711e-19	1.584822e-23
1.786089e+02	3.085991e-19	1.578434e-23
1.786289e+02	3.073355e-19	1.572089e-23
1.786489e+02	3.060764e-19	1.565765e-23
1.786689e+02	3.048193e-19	1.559452e-23
1.786889e+02	3.035731e-19	1.553192e-23
1.787089e+02	3.023269e-19	1.546932e-23
1.787289e+02	3.010890e-19	1.540713e-23
1.787489e+02	2.998556e-19	1.534515e-23
1.787689e+02	2.986240e-19	1.528327e-23
1.787889e+02	2.974031e-19	1.522192e-23
1.788089e+02	2.961823e-19	1.516057e-23
1.788289e+02	2.949695e-19	1.509962e-23
1.788489e+02	2.937611e-19	1.503888e-23
1.788689e+02	2.925546e-19	1.497824e-23
1.788889e+02	2.913586e-19	1.491811e-23
1.789089e+02	2.901625e-19	1.485799e-23
1.789289e+02	2.889744e-19	1.479825e-23
1.789489e+02	2.877906e-19	1.473873e-23
1.789689e+02	2.866086e-19	1.467929e-23
1.789889e+02	2.854368e-19	1.462036e-23
1.790090e+02	2.842651e-19	1.456143e-23
1.790290e+02	2.831012e-19	1.450289e-23
1.790490e+02	2.819414e-19	1.444455e-23
1.790690e+02	2.807834e-19	1.438630e-23
1.790890e+02	2.796355e-19	1.432855e-23
1.791090e+02	2.784876e-19	1.427080e-23
1.791290e+02	2.773473e-19	1.421342e-23
1.791490e+02	2.762111e-19	1.415625e-23
1.791690e+02	2.750766e-19	1.409916e-23
1.791890e+02	2.739521e-19	1.404256e-23
1.792090e+02	2.728275e-19	1.398596e-23
1.792290e+02	2.717104e-19	1.392972e-23
1.792490e+02	2.705973e-19	1.387369e-23
1.792690e+02	2.694859e-19	1.381774e-23
1.792890e+02	2.683841e-19	1.376227e-23
1.793090e+02	2.672824e-19	1.370680e-23
1.793290e+02	2.661880e-19	1.365169e-23
1.793490e+02	2.650975e-19	1.359677e-23
1.793690e+02	2.640087e-19	1.354194e-23
1.793890e+02	2.629294e-19	1.348757e-23
1.794090e+02	2.618501e-19	1.343321e-23
1.794290e+02	2.607779e-19	1.337920e-23
1.794490e+02	2.597096e-19	1.332538e-23
1.794690e+02	2.586429e-19	1.327164e-23
1.794890e+02	2.575855e-19	1.321836e-23
1.795090e+02	2.565281e-19	1.316507e-23
1.795290e+02	2.554778e-19	1.311214e-23
1.795490e+02	2.544312e-19	1.305939e-23
1.795690e+02	2.533862e-19	1.300673e-23
1.795890e+02	2.523503e-19	1.295451e-23
1.796090e+02	2.513144e-19	1.290229e-23
1.796290e+02	2.502854e-19	1.285041e-23
1.796490e+02	2.492600e-19	1.279872e-23
1.796690e+02	2.482363e-19	1.274710e-23
1.796890e+02	2.472214e-19	1.269592e-23
1.797090e+02	2.462066e-19	1.264475e-23
1.797290e+02	2.451985e-19	1.259390e-23
1.797490e+02	2.441940e-19	1.254324e-23
1.797690e+02	2.431911e-19	1.249265e-23
1.797890e+02	2.421968e-19	1.244250e-23
1.798090e+02	2.412026e-19	1.239234e-23
1.798290e+02	2.402150e-19	1.234251e-23
1.798490e+02	2.392309e-19	1.229286e-23
1.798690e+02	2.382484e-19	1.224328e-23
1.798890e+02	2.372744e-19	1.219413e-23
1.799090e+02	2.363003e-19	1.214497e-23
1.799290e+02	2.353328e-19	1.209614e-23
1.799490e+02	2.343687e-19	1.204747e-23
1.799690e+02	2.334062e-19	1.199888e-23
1.799890e+02	2.324520e-19	1.195071e-23
1.800090e+02	2.314977e-19	1.190253e-23
1.800290e+02	2.305499e-19	1.185467e-23
1.800490e+02	2.296054e-19	1.180698e-23
1.800690e+02	2.286624e-19	1.175936e-23
1.800890e+02	2.277276e-19	1.171215e-23
1.801090e+02	2.267927e-19	1.166493e-23
1.801290e+02	2.258641e-19	1.161803e-23
1.801490e+02	2.249389e-19	1.157129e-23
1.801690e+02	2.240150e-19	1.152462e-23
1.801890e+02	2.230992e-19	1.147835e-23
1.802090e+02	2.221834e-19	1.143207e-23
1.802290e+02	2.212736e-19	1.138610e-23
1.802490e+02	2.203672e-19	1.134029e-23
1.802690e+02	2.194621e-19	1.129456e-23
1.802890e+02	2.185649e-19	1.124921e-23
1.803090e+02	2.176677e-19	1.120386e-23
1.803290e+02	2.167764e-19	1.115881e-23
1.803490e+02	2.158884e-19	1.111391e-23
1.803690e+02	2.150017e-19	1.106909e-23
1.803890e+02	2.141228e-19	1.102464e-23
1.804090e+02	2.132438e-19	1.098020e-23
1.804290e+02	2.123707e-19	1.093604e-23
1.804490e+02	2.115007e-19	1.089204e-23
1.804690e+02	2.106320e-19	1.084811e-23
1.804890e+02	2.097709e-19	1.080455e-23
1.805090e+02	2.089098e-19	1.076100e-23
1.805290e+02	2.080544e-19	1.071772e-23
1.805490e+02	2.072021e-19	1.067460e-23
1.805690e+02	2.063511e-19	1.063155e-23
1.805890e+02	2.055075e-19	1.058886e-23
1.806090e+02	2.046639e-19	1.054617e-23
1.806290e+02	2.038259e-19	1.050376e-23
1.806490e+02	2.029909e-19	1.046150e-23
1.806690e+02	2.021573e-19	1.041930e-23
1.806890e+02	2.013308e-19	1.037746e-23
1.807090e+02	2.005043e-19	1.033563e-23
1.807290e+02	1.996834e-19	1.029406e-23
1.807490e+02	1.988653e-19	1.025264e-23
1.807690e+02	1.980486e-19	1.021129e-23
1.807890e+02	1.972389e-19	1.017029e-23
1.808090e+02	1.964293e-19	1.012928e-23
1.808290e+02	1.956250e-19	1.008855e-23
1.808490e+02	1.948236e-19	1.004796e-23
1.808690e+02	1.940235e-19	1.000743e-23
1.808890e+02	1.932303e-19	9.967245e-24
1.809090e+02	1.924370e-19	9.927060e-24
1.809290e+02	1.916491e-19	9.887139e-24
1.809490e+02	1.908640e-19	9.847357e-24
1.809690e+02	1.900802e-19	9.807637e-24
1.809890e+02	1.893031e-19	9.768254e-24
1.810091e+02	1.885260e-19	9.728870e-24
1.810291e+02	1.877541e-19	9.689746e-24
1.810491e+02	1.869849e-19	9.650757e-24
1.810691e+02	1.862170e-19	9.611830e-24
1.810891e+02	1.854557e-19	9.573232e-24
1.811091e+02	1.846944e-19	9.534634e-24
1.811291e+02	1.839382e-19	9.496291e-24
1.811491e+02	1.831847e-19	9.458080e-24
1.811691e+02	1.824323e-19	9.419929e-24
1.811891e+02	1.816865e-19	9.382101e-24
1.812091e+02	1.809407e-19	9.344274e-24
1.812291e+02	1.801999e-19	9.306695e-24
1.812491e+02	1.794616e-19	9.269247e-24
1.812691e+02	1.787246e-19	9.231857e-24
1.812891e+02	1.779939e-19	9.194784e-24
1.813091e+02	1.772633e-19	9.157711e-24
1.813291e+02	1.765375e-19	9.120882e-24
1.813491e+02	1.758143e-19	9.084181e-24
1.813691e+02	1.750922e-19	9.047538e-24
1.813891e+02	1.743764e-19	9.011204e-24
1.814091e+02	1.736606e-19	8.974871e-24
1.814291e+02	1.729496e-19	8.938777e-24
1.814491e+02	1.722411e-19	8.902808e-24
1.814691e+02	1.715337e-19	8.866896e-24
1.814891e+02	1.708324e-19	8.831287e-24
1.815091e+02	1.701312e-19	8.795679e-24
1.815291e+02	1.694346e-19	8.760305e-24
1.815491e+02	1.687405e-19	8.725054e-24
1.815691e+02	1.680475e-19	8.689858e-24
1.815891e+02	1.673605e-19	8.654960e-24
1.816091e+02	1.666735e-19	8.620062e-24
1.816291e+02	1.659911e-19	8.585394e-24
1.816491e+02	1.653111e-19	8.550846e-24
1.816691e+02	1.646321e-19	8.516353e-24
1.816891e+02	1.639591e-19	8.482151e-24
1.817091e+02	1.632860e-19	8.447949e-24
1.817291e+02	1.626175e-19	8.413973e-24
1.817491e+02	1.619513e-19	8.380114e-24
1.817691e+02	1.612862e-19	8.346309e-24
1.817891e+02	1.606268e-19	8.312790e-24
1.818091e+02	1.599675e-19	8.279271e-24
1.818291e+02	1.593125e-19	8.245973e-24
1.818491e+02	1.586599e-19	8.212789e-24
1.818691e+02	1.580083e-19	8.179659e-24
1.818891e+02	1.573623e-19	8.146808e-24
1.819091e+02	1.567163e-19	8.113958e-24
1.819291e+02	1.560747e-19	8.081324e-24
1.819491e+02	1.554353e-19	8.048803e-24
1.819691e+02	1.547970e-19	8.016334e-24
1.819891e+02	1.541641e-19	7.984139e-24
1.820091e+02	1.535313e-19	7.951944e-24
1.820291e+02	1.529027e-19	7.919961e-24
1.820491e+02	1.522763e-19	7.888089e-24
1.820691e+02	1.516509e-19	7.856268e-24
1.820891e+02	1.510310e-19	7.824715e-24
1.821091e+02	1.504110e-19	7.793162e-24
1.821291e+02	1.497952e-19	7.761818e-24
1.821491e+02	1.491815e-19	7.730582e-24
1.821691e+02	1.485689e-19	7.699395e-24
1.821891e+02	1.479615e-19	7.668472e-24
1.822091e+02	1.473541e-19	7.637550e-24
1.822291e+02	1.467508e-19	7.606831e-24
1.822491e+02	1.461496e-19	7.576218e-24
1.822691e+02	1.455494e-19	7.545654e-24
1.822891e+02	1.449544e-19	7.515348e-24
1.823091e+02	1.443593e-19	7.485042e-24
1.823291e+02	1.437683e-19	7.454936e-24
1.823491e+02	1.431793e-19	7.424934e-24
1.823691e+02	1.425913e-19	7.394980e-24
1.823891e+02	1.420084e-19	7.365278e-24
1.824091e+02	1.414254e-19	7.335577e-24
1.824291e+02	1.408464e-19	7.306072e-24
1.824491e+02	1.402694e-19	7.276669e-24
1.824691e+02	1.396934e-19	7.247312e-24
1.824891e+02	1.391223e-19	7.218204e-24
1.825091e+02	1.385512e-19	7.189095e-24
1.825291e+02	1.379839e-19	7.160179e-24
1.825491e+02	1.374187e-19	7.131363e-24
1.825691e+02	1.368543e-19	7.102592e-24
1.825891e+02	1.362948e-19	7.074064e-24
1.826091e+02	1.357353e-19	7.045537e-24
1.826291e+02	1.351796e-19	7.017198e-24
1.826491e+02	1.346258e-19	6.988956e-24
1.826691e+02	1.340730e-19	6.960760e-24
1.826891e+02	1.335248e-19	6.932801e-24
1.827091e+02	1.329767e-19	6.904843e-24
1.827291e+02	1.324323e-19	6.877069e-24
1.827491e+02	1.318898e-19	6.849391e-24
1.827691e+02	1.313481e-19	6.821758e-24
1.827891e+02	1.308112e-19	6.794357e-24
1.828091e+02	1.302742e-19	6.766956e-24
1.828291e+02	1.297408e-19	6.739737e-24
1.828491e+02	1.292093e-19	6.712612e-24
1.828691e+02	1.286787e-19	6.685529e-24
1.828891e+02	1.281526e-19	6.658676e-24
1.829091e+02	1.276266e-19	6.631822e-24
1.829291e+02	1.271041e-19	6.605146e-24
1.829491e+02	1.265834e-19	6.578562e-24
1.829691e+02	1.260635e-19	6.552020e-24
1.829891e+02	1.255481e-19	6.525702e-24
1.830092e+02	1.250328e-19	6.499384e-24
1.830292e+02	1.245209e-19	6.473241e-24
1.830492e+02	1.240108e-19	6.447187e-24
1.830692e+02	1.235015e-19	6.421175e-24
1.830892e+02	1.229966e-19	6.395382e-24
1.831092e+02	1.224917e-19	6.369590e-24
1.831292e+02	1.219902e-19	6.343968e-24
1.831492e+02	1.214905e-19	6.318434e-24
1.831692e+02	1.209915e-19	6.292941e-24
1.831892e+02	1.204969e-19	6.267663e-24
1.832092e+02	1.200023e-19	6.242385e-24
1.832292e+02	1.195110e-19	6.217275e-24
1.832492e+02	1.190214e-19	6.192251e-24
1.832692e+02	1.185326e-19	6.167267e-24
1.832892e+02	1.180480e-19	6.142493e-24
1.833092e+02	1.175634e-19	6.117720e-24
1.833292e+02	1.170821e-19	6.093111e-24
1.833492e+02	1.166025e-19	6.068586e-24
1.833692e+02	1.161236e-19	6.044100e-24
1.833892e+02	1.156489e-19	6.019821e-24
1.834092e+02	1.151741e-19	5.995542e-24
1.834292e+02	1.147026e-19	5.971424e-24
1.834492e+02	1.142327e-19	5.947389e-24
1.834692e+02	1.137636e-19	5.923392e-24
1.834892e+02	1.132985e-19	5.899597e-24
1.835092e+02	1.128334e-19	5.875803e-24
1.835292e+02	1.123715e-19	5.852166e-24
1.835492e+02	1.119112e-19	5.828610e-24
1.835692e+02	1.114516e-19	5.805093e-24
1.835892e+02	1.109959e-19	5.781773e-24
1.836092e+02	1.105403e-19	5.758454e-24
1.836292e+02	1.100877e-19	5.735289e-24
1.836492e+02	1.096368e-19	5.712203e-24
1.836692e+02	1.091865e-19	5.689155e-24
1.836892e+02	1.087401e-19	5.666301e-24
1.837092e+02	1.082938e-19	5.643446e-24
1.837292e+02	1.078504e-19	5.620744e-24
1.837492e+02	1.074086e-19	5.598119e-24
1.837692e+02	1.069675e-19	5.575531e-24
1.837892e+02	1.065302e-19	5.553133e-24
1.838092e+02	1.060929e-19	5.530735e-24
1.838292e+02	1.056586e-19	5.508485e-24
1.838492e+02	1.052257e-19	5.486312e-24
1.838692e+02	1.047936e-19	5.464175e-24
1.838892e+02	1.043652e-19	5.442223e-24
1.839092e+02	1.039368e-19	5.420272e-24
1.839292e+02	1.035112e-19	5.398467e-24
1.839492e+02	1.030872e-19	5.376736e-24
1.839692e+02	1.026639e-19	5.355041e-24
1.839892e+02	1.022442e-19	5.333528e-24
1.840092e+02	1.018245e-19	5.312015e-24
1.840292e+02	1.014076e-19	5.290645e-24
1.840492e+02	1.009922e-19	5.269348e-24
1.840692e+02	1.005774e-19	5.248086e-24
1.840892e+02	1.001662e-19	5.227002e-24
1.841092e+02	9.975507e-20	5.205918e-24
1.841292e+02	9.934667e-20	5.184975e-24
1.841492e+02	9.893969e-20	5.164103e-24
1.841692e+02	9.853339e-20	5.143265e-24
1.841892e+02	9.813057e-20	5.122602e-24
1.842092e+02	9.772774e-20	5.101939e-24
1.842292e+02	9.732765e-20	5.081414e-24
1.842492e+02	9.692894e-20	5.060959e-24
1.842692e+02	9.653090e-20	5.040537e-24
1.842892e+02	9.613626e-20	5.020286e-24
1.843092e+02	9.574162e-20	5.000036e-24
1.843292e+02	9.534966e-20	4.979920e-24
1.843492e+02	9.495906e-20	4.959873e-24
1.843692e+02	9.456910e-20	4.939859e-24
1.843892e+02	9.418249e-20	4.920013e-24
1.844092e+02	9.379587e-20	4.900167e-24
1.844292e+02	9.341188e-20	4.880453e-24
1.844492e+02	9.302921e-20	4.860805e-24
1.844692e+02	9.264718e-20	4.841191e-24
1.844892e+02	9.226842e-20	4.821741e-24
1.845092e+02	9.188966e-20	4.802291e-24
1.845292e+02	9.151347e-20	4.782970e-24
1.845492e+02	9.113858e-20	4.763715e-24
1.845692e+02	9.076432e-20	4.744492e-24
1.845892e+02	9.039326e-20	4.725430e-24
1.846092e+02	9.002220e-20	4.706368e-24
1.846292e+02	8.965365e-20	4.687434e-24
1.846492e+02	8.928638e-20	4.668563e-24
1.846692e+02	8.891973e-20	4.649724e-24
1.846892e+02	8.855621e-20	4.631042e-24
1.847092e+02	8.819269e-20	4.612361e-24
1.847292e+02	8.783163e-20	4.593804e-24
1.847492e+02	8.747183e-20	4.575310e-24
1.847692e+02	8.711262e-20	4.556847e-24
1.847892e+02	8.675649e-20	4.538538e-24
1.848092e+02	8.640036e-20	4.520230e-24
1.848292e+02	8.604665e-20	4.502044e-24
1.848492e+02	8.569415e-20	4.483919e-24
1.848692e+02	8.534225e-20	4.465824e-24
1.848892e+02	8.499335e-20	4.447881e-24
1.849092e+02	8.464446e-20	4.429938e-24
1.849292e+02	8.429794e-20	4.412115e-24
1.849492e+02	8.395260e-20	4.394352e-24
1.849692e+02	8.360786e-20	4.376618e-24
1.849892e+02	8.326605e-20	4.359034e-24
1.850093e+02	8.292425e-20	4.341449e-24
1.850293e+02	8.258477e-20	4.323981e-24
1.850493e+02	8.224645e-20	4.306573e-24
1.850693e+02	8.190871e-20	4.289193e-24
1.850893e+02	8.157385e-20	4.271960e-24
1.851093e+02	8.123900e-20	4.254726e-24
1.851293e+02	8.090642e-20	4.237607e-24
1.851493e+02	8.057498e-20	4.220546e-24
1.851693e+02	8.024410e-20	4.203514e-24
1.851893e+02	7.991605e-20	4.186624e-24
1.852093e+02	7.958800e-20	4.169734e-24
1.852293e+02	7.926218e-20	4.152957e-24
1.852493e+02	7.893748e-20	4.136237e-24
1.852693e+02	7.861332e-20	4.119544e-24
1.852893e+02	7.829194e-20	4.102992e-24
1.853093e+02	7.797055e-20	4.086439e-24
1.853293e+02	7.765136e-20	4.069997e-24
1.853493e+02	7.733325e-20	4.053611e-24
1.853693e+02	7.701569e-20	4.037251e-24
1.853893e+02	7.670084e-20	4.021029e-24
1.854093e+02	7.638598e-20	4.004807e-24
1.854293e+02	7.607327e-20	3.988693e-24
1.854493e+02	7.576163e-20	3.972634e-24
1.854693e+02	7.545053e-20	3.956601e-24
1.854893e+02	7.514207e-20	3.940703e-24
1.855093e+02	7.483362e-20	3.924804e-24
1.855293e+02	7.452726e-20	3.909012e-24
1.855493e+02	7.422196e-20	3.893274e-24
1.855693e+02	7.391717e-20	3.877561e-24
1.855893e+02	7.361499e-20	3.861980e-24
1.856093e+02	7.331280e-20	3.846399e-24
1.856293e+02	7.301267e-20	3.830922e-24
1.856493e+02	7.271357e-20	3.815498e-24
1.856693e+02	7.241498e-20	3.800099e-24
1.856893e+02	7.211894e-20	3.784829e-24
1.857093e+02	7.182289e-20	3.769559e-24
1.857293e+02	7.152887e-20	3.754391e-24
1.857493e+02	7.123584e-20	3.739275e-24
1.857693e+02	7.094332e-20	3.724183e-24
1.857893e+02	7.065330e-20	3.709218e-24
1.858093e+02	7.036327e-20	3.694253e-24
1.858293e+02	7.007522e-20	3.679388e-24
1.858493e+02	6.978815e-20	3.664573e-24
1.858693e+02	6.950157e-20	3.649783e-24
1.858893e+02	6.921744e-20	3.635117e-24
1.859093e+02	6.893331e-20	3.620451e-24
1.859293e+02	6.865111e-20	3.605883e-24
1.859493e+02	6.836988e-20	3.591363e-24
1.859693e+02	6.808913e-20	3.576869e-24
1.859893e+02	6.781077e-20	3.562495e-24
1.860093e+02	6.753241e-20	3.548122e-24
1.860293e+02	6.725595e-20	3.533845e-24
1.860493e+02	6.698043e-20	3.519615e-24
1.860693e+02	6.670539e-20	3.505410e-24
1.860893e+02	6.643268e-20	3.491323e-24
1.861093e+02	6.615998e-20	3.477237e-24
1.861293e+02	6.588914e-20	3.463245e-24
1.861493e+02	6.561922e-20	3.449299e-24
1.861693e+02	6.534977e-20	3.435378e-24
1.861893e+02	6.508261e-20	3.421572e-24
1.862093e+02	6.481545e-20	3.407767e-24
1.862293e+02	6.455011e-20	3.394054e-24
1.862493e+02	6.428568e-20	3.380387e-24
1.862693e+02	6.402170e-20	3.366744e-24
1.862893e+02	6.375997e-20	3.353214e-24
1.863093e+02	6.349824e-20	3.339684e-24
1.863293e+02	6.323830e-20	3.326245e-24
1.863493e+02	6.297924e-20	3.312851e-24
1.863693e+02	6.272063e-20	3.299480e-24
1.863893e+02	6.246421e-20	3.286221e-24
1.864093e+02	6.220780e-20	3.272961e-24
1.864293e+02	6.195314e-20	3.259790e-24
1.864493e+02	6.169935e-20	3.246664e-24
1.864693e+02	6.144599e-20	3.233560e-24
1.864893e+02	6.119479e-20	3.220565e-24
1.865093e+02	6.094359e-20	3.207570e-24
1.865293e+02	6.069411e-20	3.194662e-24
1.865493e+02	6.044547e-20	3.181798e-24
1.865693e+02	6.019727e-20	3.168955e-24
1.865893e+02	5.995117e-20	3.156220e-24
1.866093e+02	5.970507e-20	3.143484e-24
1.866293e+02	5.946066e-20	3.130835e-24
1.866493e+02	5.921708e-20	3.118227e-24
1.866693e+02	5.897392e-20	3.105641e-24
1.866893e+02	5.873282e-20	3.093160e-24
1.867093e+02	5.849173e-20	3.080679e-24
1.867293e+02	5.825228e-20	3.068281e-24
1.867493e+02	5.801365e-20	3.055925e-24
1.867693e+02	5.777543e-20	3.043591e-24
1.867893e+02	5.753924e-20	3.031359e-24
1.868093e+02	5.730304e-20	3.019127e-24
1.868293e+02	5.706846e-20	3.006977e-24
1.868493e+02	5.683468e-20	2.994868e-24
1.868693e+02	5.660130e-20	2.982779e-24
1.868893e+02	5.636991e-20	2.970792e-24
1.869093e+02	5.613851e-20	2.958804e-24
1.869293e+02	5.590870e-20	2.946897e-24
1.869493e+02	5.567967e-20	2.935029e-24
1.869693e+02	5.545104e-20	2.923182e-24
1.869893e+02	5.522435e-20	2.911434e-24
1.870094e+02	5.499765e-20	2.899686e-24
1.870294e+02	5.477251e-20	2.888016e-24
1.870494e+02	5.454814e-20	2.876386e-24
1.870694e+02	5.432415e-20	2.864775e-24
1.870894e+02	5.410206e-20	2.853262e-24
1.871094e+02	5.387998e-20	2.841748e-24
1.871294e+02	5.365941e-20	2.830312e-24
1.871494e+02	5.343960e-20	2.818913e-24
1.871694e+02	5.322016e-20	2.807535e-24
1.871894e+02	5.300259e-20	2.796251e-24
1.872094e+02	5.278502e-20	2.784967e-24
1.872294e+02	5.256894e-20	2.773759e-24
1.872494e+02	5.235359e-20	2.762588e-24
1.872694e+02	5.213862e-20	2.751437e-24
1.872894e+02	5.192546e-20	2.740378e-24
1.873094e+02	5.171231e-20	2.729320e-24
1.873294e+02	5.150063e-20	2.718336e-24
1.873494e+02	5.128965e-20	2.707388e-24
1.873694e+02	5.107905e-20	2.696459e-24
1.873894e+02	5.087023e-20	2.685622e-24
1.874094e+02	5.066141e-20	2.674784e-24
1.874294e+02	5.045402e-20	2.664019e-24
1.874494e+02	5.024734e-20	2.653290e-24
1.874694e+02	5.004101e-20	2.642580e-24
1.874894e+02	4.983644e-20	2.631958e-24
1.875094e+02	4.963186e-20	2.621337e-24
1.875294e+02	4.942869e-20	2.610787e-24
1.875494e+02	4.922621e-20	2.600273e-24
1.875694e+02	4.902408e-20	2.589776e-24
1.875894e+02	4.882366e-20	2.579367e-24
1.876094e+02	4.862324e-20	2.568958e-24
1.876294e+02	4.842420e-20	2.558619e-24
1.876494e+02	4.822583e-20	2.548314e-24
1.876694e+02	4.802781e-20	2.538027e-24
1.876894e+02	4.783146e-20	2.527825e-24
1.877094e+02	4.763512e-20	2.517624e-24
1.877294e+02	4.744012e-20	2.507492e-24
1.877494e+02	4.724578e-20	2.497393e-24
1.877694e+02	4.705178e-20	2.487311e-24
1.877894e+02	4.685943e-20	2.477313e-24
1.878094e+02	4.666707e-20	2.467316e-24
1.878294e+02	4.647604e-20	2.457385e-24
1.878494e+02	4.628565e-20	2.447488e-24
1.878694e+02	4.609560e-20	2.437608e-24
1.878894e+02	4.590715e-20	2.427810e-24
1.879094e+02	4.571871e-20	2.418012e-24
1.879294e+02	4.553156e-20	2.408280e-24
1.879494e+02	4.534504e-20	2.398580e-24
1.879694e+02	4.515884e-20	2.388898e-24
1.879894e+02	4.497423e-20	2.379295e-24
1.880094e+02	4.478961e-20	2.369693e-24
1.880294e+02	4.460627e-20	2.360155e-24
1.880494e+02	4.442354e-20	2.350649e-24
1.880694e+02	4.424113e-20	2.341160e-24
1.880894e+02	4.406026e-20	2.331749e-24
1.881094e+02	4.387940e-20	2.322339e-24
1.881294e+02	4.369978e-20	2.312992e-24
1.881494e+02	4.352076e-20	2.303675e-24
1.881694e+02	4.334206e-20	2.294375e-24
1.881894e+02	4.316488e-20	2.285153e-24
1.882094e+02	4.298769e-20	2.275930e-24
1.882294e+02	4.281172e-20	2.266770e-24
1.882494e+02	4.263634e-20	2.257640e-24
1.882694e+02	4.246127e-20	2.248526e-24
1.882894e+02	4.228768e-20	2.239487e-24
1.883094e+02	4.211410e-20	2.230449e-24
1.883294e+02	4.194170e-20	2.221471e-24
1.883494e+02	4.176989e-20	2.212523e-24
1.883694e+02	4.159838e-20	2.203591e-24
1.883894e+02	4.142832e-20	2.194733e-24
1.884094e+02	4.125826e-20	2.185875e-24
1.884294e+02	4.108937e-20	2.177077e-24
1.884494e+02	4.092105e-20	2.168308e-24
1.884694e+02	4.075302e-20	2.159554e-24
1.884894e+02	4.058642e-20	2.150873e-24
1.885094e+02	4.041982e-20	2.142192e-24
1.885294e+02	4.025436e-20	2.133570e-24
1.885494e+02	4.008946e-20	2.124976e-24
1.885694e+02	3.992485e-20	2.116397e-24
1.885894e+02	3.976163e-20	2.107889e-24
1.886094e+02	3.959841e-20	2.099381e-24
1.886294e+02	3.943632e-20	2.090931e-24
1.886494e+02	3.927477e-20	2.082509e-24
1.886694e+02	3.911351e-20	2.074101e-24
1.886894e+02	3.895360e-20	2.065764e-24
1.887094e+02	3.879370e-20	2.057426e-24
1.887294e+02	3.863490e-20	2.049145e-24
1.887494e+02	3.847664e-20	2.040890e-24
1.887694e+02	3.831865e-20	2.032651e-24
1.887894e+02	3.816200e-20	2.024479e-24
1.888094e+02	3.800535e-20	2.016308e-24
1.888294e+02	3.784978e-20	2.008192e-24
1.888494e+02	3.769472e-20	2.000103e-24
1.888694e+02	3.753995e-20	1.992028e-24
1.888894e+02	3.738648e-20	1.984020e-24
1.889094e+02	3.723301e-20	1.976012e-24
1.889294e+02	3.708060e-20	1.968058e-24
1.889494e+02	3.692870e-20	1.960130e-24
1.889694e+02	3.677707e-20	1.952216e-24
1.889894e+02	3.662672e-20	1.944368e-24
1.890095e+02	3.647638e-20	1.936520e-24
1.890295e+02	3.632706e-20	1.928725e-24
1.890495e+02	3.617825e-20	1.920956e-24
1.890695e+02	3.602970e-20	1.913200e-24
1.890895e+02	3.588241e-20	1.905509e-24
1.891095e+02	3.573511e-20	1.897817e-24
1.891295e+02	3.558884e-20	1.890178e-24
1.891495e+02	3.544305e-20	1.882564e-24
1.891695e+02	3.529752e-20	1.874963e-24
1.891895e+02	3.515322e-20	1.867425e-24
1.892095e+02	3.500892e-20	1.859888e-24
1.892295e+02	3.486561e-20	1.852401e-24
1.892495e+02	3.472279e-20	1.844939e-24
1.892695e+02	3.458022e-20	1.837490e-24
1.892895e+02	3.443885e-20	1.830103e-24
1.893095e+02	3.429748e-20	1.822715e-24
1.893295e+02	3.415709e-20	1.815378e-24
1.893495e+02	3.401716e-20	1.808065e-24
1.893695e+02	3.387749e-20	1.800765e-24
1.893895e+02	3.373900e-20	1.793525e-24
1.894095e+02	3.360050e-20	1.786286e-24
1.894295e+02	3.346296e-20	1.779095e-24
1.894495e+02	3.332588e-20	1.771928e-24
1.894695e+02	3.318905e-20	1.764774e-24
1.894895e+02	3.305337e-20	1.757679e-24
1.895095e+02	3.291769e-20	1.750584e-24
1.895295e+02	3.278294e-20	1.743537e-24
1.895495e+02	3.264865e-20	1.736513e-24
1.895695e+02	3.251460e-20	1.729501e-24
1.895895e+02	3.238167e-20	1.722548e-24
1.896095e+02	3.224875e-20	1.715595e-24
1.896295e+02	3.211675e-20	1.708689e-24
1.896495e+02	3.198518e-20	1.701805e-24
1.896695e+02	3.185385e-20	1.694934e-24
1.896895e+02	3.172363e-20	1.688119e-24
1.897095e+02	3.159341e-20	1.681305e-24
1.897295e+02	3.146408e-20	1.674537e-24
1.897495e+02	3.133519e-20	1.667790e-24
1.897695e+02	3.120653e-20	1.661056e-24
1.897895e+02	3.107896e-20	1.654378e-24
1.898095e+02	3.095138e-20	1.647700e-24
1.898295e+02	3.082469e-20	1.641067e-24
1.898495e+02	3.069842e-20	1.634455e-24
1.898695e+02	3.057237e-20	1.627856e-24
1.898895e+02	3.044739e-20	1.621311e-24
1.899095e+02	3.032240e-20	1.614766e-24
1.899295e+02	3.019829e-20	1.608265e-24
1.899495e+02	3.007458e-20	1.601786e-24
1.899695e+02	2.995110e-20	1.595318e-24
1.899895e+02	2.982865e-20	1.588904e-24
1.900095e+02	2.970621e-20	1.582490e-24
1.900295e+02	2.958462e-20	1.576119e-24
1.900495e+02	2.946342e-20	1.569770e-24
1.900695e+02	2.934245e-20	1.563431e-24
1.900895e+02	2.922249e-20	1.557145e-24
1.901095e+02	2.910254e-20	1.550859e-24
1.901295e+02	2.898341e-20	1.544616e-24
1.901495e+02	2.886468e-20	1.538392e-24
1.901695e+02	2.874617e-20	1.532181e-24
1.901895e+02	2.862865e-20	1.526020e-24
1.902095e+02	2.851114e-20	1.519860e-24
1.902295e+02	2.839443e-20	1.513741e-24
1.902495e+02	2.827812e-20	1.507642e-24
1.902695e+02	2.816201e-20	1.501554e-24
1.902895e+02	2.804688e-20	1.495517e-24
1.903095e+02	2.793175e-20	1.489479e-24
1.903295e+02	2.781742e-20	1.483483e-24
1.903495e+02	2.770347e-20	1.477506e-24
1.903695e+02	2.758972e-20	1.471540e-24
1.903895e+02	2.747693e-20	1.465623e-24
1.904095e+02	2.736414e-20	1.459706e-24
1.904295e+02	2.725213e-20	1.453830e-24
1.904495e+02	2.714050e-20	1.447972e-24
1.904695e+02	2.702906e-20	1.442125e-24
1.904895e+02	2.691856e-20	1.436327e-24
1.905095e+02	2.680807e-20	1.430528e-24
1.905295e+02	2.669834e-20	1.424769e-24
1.905495e+02	2.658897e-20	1.419028e-24
1.905695e+02	2.647980e-20	1.413298e-24
1.905895e+02	2.637155e-20	1.407615e-24
1.906095e+02	2.626329e-20	1.401932e-24
1.906295e+02	2.615579e-20	1.396288e-24
1.906495e+02	2.604865e-20	1.390663e-24
1.906695e+02	2.594170e-20	1.385047e-24
1.906895e+02	2.583564e-20	1.379478e-24
1.907095e+02	2.572959e-20	1.373908e-24
1.907295e+02	2.562427e-20	1.368377e-24
1.907495e+02	2.551931e-20	1.362864e-24
1.907695e+02	2.541453e-20	1.357360e-24
1.907895e+02	2.531063e-20	1.351902e-24
1.908095e+02	2.520673e-20	1.346444e-24
1.908295e+02	2.510356e-20	1.341023e-24
1.908495e+02	2.500072e-20	1.335620e-24
1.908695e+02	2.489808e-20	1.330226e-24
1.908895e+02	2.479629e-20	1.324877e-24
1.909095e+02	2.469450e-20	1.319528e-24
1.909295e+02	2.459343e-20	1.314216e-24
1.909495e+02	2.449268e-20	1.308920e-24
1.909695e+02	2.439212e-20	1.303635e-24
1.909895e+02	2.429240e-20	1.298393e-24
1.910096e+02	2.419268e-20	1.293150e-24
1.910296e+02	2.409366e-20	1.287944e-24
1.910496e+02	2.399496e-20	1.282754e-24
1.910696e+02	2.389644e-20	1.277574e-24
1.910896e+02	2.379875e-20	1.272437e-24
1.911096e+02	2.370106e-20	1.267299e-24
1.911296e+02	2.360405e-20	1.262197e-24
1.911496e+02	2.350736e-20	1.257111e-24
1.911696e+02	2.341084e-20	1.252035e-24
1.911896e+02	2.331514e-20	1.247000e-24
1.912096e+02	2.321943e-20	1.241965e-24
1.912296e+02	2.312439e-20	1.236965e-24
1.912496e+02	2.302966e-20	1.231980e-24
1.912696e+02	2.293511e-20	1.227005e-24
1.912896e+02	2.284135e-20	1.222071e-24
1.913096e+02	2.274759e-20	1.217137e-24
1.913296e+02	2.265448e-20	1.212236e-24
1.913496e+02	2.256167e-20	1.207351e-24
1.913696e+02	2.246904e-20	1.202476e-24
1.913896e+02	2.237719e-20	1.197640e-24
1.914096e+02	2.228533e-20	1.192804e-24
1.914296e+02	2.219412e-20	1.188002e-24
1.914496e+02	2.210320e-20	1.183215e-24
1.914696e+02	2.201245e-20	1.178436e-24
1.914896e+02	2.192246e-20	1.173697e-24
1.915096e+02	2.183247e-20	1.168958e-24
1.915296e+02	2.174311e-20	1.164252e-24
1.915496e+02	2.165404e-20	1.159560e-24
1.915696e+02	2.156513e-20	1.154877e-24
1.915896e+02	2.147697e-20	1.150233e-24
1.916096e+02	2.138881e-20	1.145589e-24
1.916296e+02	2.130127e-20	1.140976e-24
1.916496e+02	2.121401e-20	1.136378e-24
1.916696e+02	2.112691e-20	1.131789e-24
1.916896e+02	2.104054e-20	1.127237e-24
1.917096e+02	2.095417e-20	1.122686e-24
1.917296e+02	2.086841e-20	1.118165e-24
1.917496e+02	2.078292e-20	1.113660e-24
1.917696e+02	2.069759e-20	1.109162e-24
1.917896e+02	2.061298e-20	1.104701e-24
1.918096e+02	2.052836e-20	1.100241e-24
1.918296e+02	2.044434e-20	1.095811e-24
1.918496e+02	2.036059e-20	1.091395e-24
1.918696e+02	2.027700e-20	1.086987e-24
1.918896e+02	2.019410e-20	1.082616e-24
1.919096e+02	2.011121e-20	1.078244e-24
1.919296e+02	2.002889e-20	1.073902e-24
1.919496e+02	1.994685e-20	1.069575e-24
1.919696e+02	1.986495e-20	1.065255e-24
1.919896e+02	1.978374e-20	1.060971e-24
1.920096e+02	1.970253e-20	1.056687e-24
1.920296e+02	1.962189e-20	1.052432e-24
1.920496e+02	1.954151e-20	1.048191e-24
1.920696e+02	1.946128e-20	1.043958e-24
1.920896e+02	1.938172e-20	1.039759e-24
1.921096e+02	1.930216e-20	1.035560e-24
1.921296e+02	1.922316e-20	1.031391e-24
1.921496e+02	1.914441e-20	1.027234e-24
1.921696e+02	1.906581e-20	1.023085e-24
1.921896e+02	1.898787e-20	1.018971e-24
1.922096e+02	1.890992e-20	1.014856e-24
1.922296e+02	1.883253e-20	1.010770e-24
1.922496e+02	1.875538e-20	1.006696e-24
1.922696e+02	1.867838e-20	1.002630e-24
1.922896e+02	1.860202e-20	9.985980e-25
1.923096e+02	1.852566e-20	9.945655e-25
1.923296e+02	1.844983e-20	9.905608e-25
1.923496e+02	1.837425e-20	9.865688e-25
1.923696e+02	1.829882e-20	9.825842e-25
1.923896e+02	1.822401e-20	9.786323e-25
1.924096e+02	1.814920e-20	9.746804e-25
1.924296e+02	1.807492e-20	9.707556e-25
1.924496e+02	1.800088e-20	9.668434e-25
1.924696e+02	1.792697e-20	9.629385e-25
1.924896e+02	1.785369e-20	9.590655e-25
1.925096e+02	1.778040e-20	9.551926e-25
1.925296e+02	1.770762e-20	9.513463e-25
1.925496e+02	1.763508e-20	9.475122e-25
1.925696e+02	1.756268e-20	9.436853e-25
1.925896e+02	1.749089e-20	9.398897e-25
1.926096e+02	1.741909e-20	9.360942e-25
1.926296e+02	1.734779e-20	9.323247e-25
1.926496e+02	1.727673e-20	9.285673e-25
1.926696e+02	1.720580e-20	9.248169e-25
1.926896e+02	1.713546e-20	9.210971e-25
1.927096e+02	1.706512e-20	9.173774e-25
1.927296e+02	1.699527e-20	9.136833e-25
1.927496e+02	1.692565e-20	9.100010e-25
1.927696e+02	1.685616e-20	9.063255e-25
1.927896e+02	1.678725e-20	9.026801e-25
1.928096e+02	1.671835e-20	8.990347e-25
1.928296e+02	1.664992e-20	8.954144e-25
1.928496e+02	1.658171e-20	8.918056e-25
1.928696e+02	1.651364e-20	8.882036e-25
1.928896e+02	1.644613e-20	8.846310e-25
1.929096e+02	1.637862e-20	8.810585e-25
1.929296e+02	1.631158e-20	8.775106e-25
1.929496e+02	1.624476e-20	8.739739e-25
1.929696e+02	1.617807e-20	8.704438e-25
1.929896e+02	1.611193e-20	8.669427e-25
1.930097e+02	1.604579e-20	8.634415e-25
1.930297e+02	1.598012e-20	8.599645e-25
1.930497e+02	1.591466e-20	8.564985e-25
1.930697e+02	1.584932e-20	8.530390e-25
1.930897e+02	1.578453e-20	8.496078e-25
1.931097e+02	1.571973e-20	8.461766e-25
1.931297e+02	1.565540e-20	8.427691e-25
1.931497e+02	1.559126e-20	8.393723e-25
1.931697e+02	1.552725e-20	8.359820e-25
1.931897e+02	1.546378e-20	8.326193e-25
1.932097e+02	1.540030e-20	8.292567e-25
1.932297e+02	1.533727e-20	8.259173e-25
1.932497e+02	1.527444e-20	8.225884e-25
1.932697e+02	1.521173e-20	8.192658e-25
1.932897e+02	1.514955e-20	8.159704e-25
1.933097e+02	1.508736e-20	8.126749e-25
1.933297e+02	1.502561e-20	8.094022e-25
1.933497e+02	1.496406e-20	8.061399e-25
1.933697e+02	1.490262e-20	8.028837e-25
1.933897e+02	1.484170e-20	7.996541e-25
1.934097e+02	1.478078e-20	7.964245e-25
1.934297e+02	1.472028e-20	7.932172e-25
1.934497e+02	1.465998e-20	7.900201e-25
1.934697e+02	1.459979e-20	7.868290e-25
1.934897e+02	1.454011e-20	7.836639e-25
1.935097e+02	1.448042e-20	7.804989e-25
1.935297e+02	1.442116e-20	7.773557e-25
1.935497e+02	1.436208e-20	7.742225e-25
1.935697e+02	1.430312e-20	7.710951e-25
1.935897e+02	1.424465e-20	7.679933e-25
1.936097e+02	1.418617e-20	7.648915e-25
1.936297e+02	1.412811e-20	7.618112e-25
1.936497e+02	1.407024e-20	7.587405e-25
1.936697e+02	1.401247e-20	7.556757e-25
1.936897e+02	1.395519e-20	7.526359e-25
1.937097e+02	1.389791e-20	7.495961e-25
1.937297e+02	1.384102e-20	7.465773e-25
1.937497e+02	1.378432e-20	7.435680e-25
1.937697e+02	1.372773e-20	7.405644e-25
1.937897e+02	1.367161e-20	7.375854e-25
1.938097e+02	1.361549e-20	7.346063e-25
1.938297e+02	1.355977e-20	7.316478e-25
1.938497e+02	1.350422e-20	7.286987e-25
1.938697e+02	1.344878e-20	7.257552e-25
1.938897e+02	1.339380e-20	7.228356e-25
1.939097e+02	1.333882e-20	7.199161e-25
1.939297e+02	1.328423e-20	7.170168e-25
1.939497e+02	1.322981e-20	7.141266e-25
1.939697e+02	1.317550e-20	7.112419e-25
1.939897e+02	1.312164e-20	7.083807e-25
1.940097e+02	1.306777e-20	7.055195e-25
1.940297e+02	1.301429e-20	7.026781e-25
1.940497e+02	1.296098e-20	6.998457e-25
1.940697e+02	1.290777e-20	6.970186e-25
1.940897e+02	1.285500e-20	6.942147e-25
1.941097e+02	1.280223e-20	6.914107e-25
1.941297e+02	1.274984e-20	6.886261e-25
1.941497e+02	1.269761e-20	6.858503e-25
1.941697e+02	1.264548e-20	6.830797e-25
1.941897e+02	1.259378e-20	6.803317e-25
1.942097e+02	1.254209e-20	6.775838e-25
1.942297e+02	1.249076e-20	6.748549e-25
1.942497e+02	1.243959e-20	6.721345e-25
1.942697e+02	1.238852e-20	6.694193e-25
1.942897e+02	1.233787e-20	6.667263e-25
1.943097e+02	1.228723e-20	6.640333e-25
1.943297e+02	1.223694e-20	6.613589e-25
1.943497e+02	1.218681e-20	6.586929e-25
1.943697e+02	1.213678e-20	6.560320e-25
1.943897e+02	1.208717e-20	6.533928e-25
1.944097e+02	1.203755e-20	6.507536e-25
1.944297e+02	1.198828e-20	6.481326e-25
1.944497e+02	1.193917e-20	6.455200e-25
1.944697e+02	1.189016e-20	6.429122e-25
1.944897e+02	1.184155e-20	6.403258e-25
1.945097e+02	1.179294e-20	6.377393e-25
1.945297e+02	1.174468e-20	6.351708e-25
1.945497e+02	1.169657e-20	6.326103e-25
1.945697e+02	1.164855e-20	6.300547e-25
1.945897e+02	1.160093e-20	6.275199e-25
1.946097e+02	1.155331e-20	6.249852e-25
1.946297e+02	1.150602e-20	6.224680e-25
1.946497e+02	1.145889e-20	6.199587e-25
1.946697e+02	1.141185e-20	6.174541e-25
1.946897e+02	1.136520e-20	6.149700e-25
1.947097e+02	1.131854e-20	6.124859e-25
1.947297e+02	1.127222e-20	6.100190e-25
1.947497e+02	1.122604e-20	6.075599e-25
1.947697e+02	1.117996e-20	6.051054e-25
1.947897e+02	1.113425e-20	6.026710e-25
1.948097e+02	1.108855e-20	6.002365e-25
1.948297e+02	1.104317e-20	5.978190e-25
1.948497e+02	1.099793e-20	5.954090e-25
1.948697e+02	1.095278e-20	5.930036e-25
1.948897e+02	1.090800e-20	5.906178e-25
1.949097e+02	1.086323e-20	5.882320e-25
1.949297e+02	1.081877e-20	5.858627e-25
1.949497e+02	1.077445e-20	5.835009e-25
1.949697e+02	1.073022e-20	5.811436e-25
1.949897e+02	1.068635e-20	5.788055e-25
1.950098e+02	1.064249e-20	5.764674e-25
1.950298e+02	1.059893e-20	5.741455e-25
1.950498e+02	1.055551e-20	5.718309e-25
1.950698e+02	1.051218e-20	5.695207e-25
1.950898e+02	1.046921e-20	5.672293e-25
1.951098e+02	1.042623e-20	5.649379e-25
1.951298e+02	1.038356e-20	5.626625e-25
1.951498e+02	1.034103e-20	5.603941e-25
1.951698e+02	1.029857e-20	5.581301e-25
1.951898e+02	1.025647e-20	5.558845e-25
1.952098e+02	1.021437e-20	5.536390e-25
1.952298e+02	1.017257e-20	5.514090e-25
1.952498e+02	1.013090e-20	5.491860e-25
1.952698e+02	1.008931e-20	5.469672e-25
1.952898e+02	1.004806e-20	5.447665e-25
1.953098e+02	1.000681e-20	5.425658e-25
1.953298e+02	9.965860e-21	5.403804e-25
1.953498e+02	9.925036e-21	5.382018e-25
1.953698e+02	9.884291e-21	5.360275e-25
1.953898e+02	9.843884e-21	5.338708e-25
1.954098e+02	9.803477e-21	5.317141e-25
1.954298e+02	9.763354e-21	5.295723e-25
1.954498e+02	9.723360e-21	5.274373e-25
1.954698e+02	9.683443e-21	5.253064e-25
1.954898e+02	9.643857e-21	5.231928e-25
1.955098e+02	9.604270e-21	5.210792e-25
1.955298e+02	9.564964e-21	5.189803e-25
1.955498e+02	9.525782e-21	5.168879e-25
1.955698e+02	9.486676e-21	5.147996e-25
1.955898e+02	9.447894e-21	5.127283e-25
1.956098e+02	9.409113e-21	5.106569e-25
1.956298e+02	9.370605e-21	5.086000e-25
1.956498e+02	9.332219e-21	5.065494e-25
1.956698e+02	9.293908e-21	5.045029e-25
1.956898e+02	9.255914e-21	5.024729e-25
1.957098e+02	9.217920e-21	5.004430e-25
1.957298e+02	9.180195e-21	4.984272e-25
1.957498e+02	9.142589e-21	4.964176e-25
1.957698e+02	9.105057e-21	4.944120e-25
1.957898e+02	9.067835e-21	4.924226e-25
1.958098e+02	9.030614e-21	4.904332e-25
1.958298e+02	8.993655e-21	4.884577e-25
1.958498e+02	8.956813e-21	4.864883e-25
1.958698e+02	8.920044e-21	4.845228e-25
1.958898e+02	8.883578e-21	4.825732e-25
1.959098e+02	8.847113e-21	4.806236e-25
1.959298e+02	8.810905e-21	4.786876e-25
1.959498e+02	8.774812e-21	4.767575e-25
1.959698e+02	8.738790e-21	4.748313e-25
1.959898e+02	8.703066e-21	4.729207e-25
1.960098e+02	8.667341e-21	4.710100e-25
1.960298e+02	8.631870e-21	4.691127e-25
1.960498e+02	8.596510e-21	4.672213e-25
1.960698e+02	8.561220e-21	4.653335e-25
1.960898e+02	8.526221e-21	4.634611e-25
1.961098e+02	8.491223e-21	4.615887e-25
1.961298e+02	8.456472e-21	4.597293e-25
1.961498e+02	8.421831e-21	4.578757e-25
1.961698e+02	8.387258e-21	4.560256e-25
1.961898e+02	8.352971e-21	4.541906e-25
1.962098e+02	8.318683e-21	4.523556e-25
1.962298e+02	8.284639e-21	4.505334e-25
1.962498e+02	8.250701e-21	4.487169e-25
1.962698e+02	8.216831e-21	4.469038e-25
1.962898e+02	8.183241e-21	4.451055e-25
1.963098e+02	8.149650e-21	4.433072e-25
1.963298e+02	8.116297e-21	4.415214e-25
1.963498e+02	8.083049e-21	4.397412e-25
1.963698e+02	8.049868e-21	4.379644e-25
1.963898e+02	8.016960e-21	4.362020e-25
1.964098e+02	7.984051e-21	4.344397e-25
1.964298e+02	7.951376e-21	4.326896e-25
1.964498e+02	7.918804e-21	4.309449e-25
1.964698e+02	7.886297e-21	4.292037e-25
1.964898e+02	7.854057e-21	4.274765e-25
1.965098e+02	7.821818e-21	4.257494e-25
1.965298e+02	7.789807e-21	4.240343e-25
1.965498e+02	7.757897e-21	4.223245e-25
1.965698e+02	7.726050e-21	4.206181e-25
1.965898e+02	7.694466e-21	4.189255e-25
1.966098e+02	7.662881e-21	4.172329e-25
1.966298e+02	7.631521e-21	4.155521e-25
1.966498e+02	7.600259e-21	4.138765e-25
1.966698e+02	7.569060e-21	4.122041e-25
1.966898e+02	7.538117e-21	4.105454e-25
1.967098e+02	7.507175e-21	4.088866e-25
1.967298e+02	7.476452e-21	4.072394e-25
1.967498e+02	7.445825e-21	4.055973e-25
1.967698e+02	7.415259e-21	4.039584e-25
1.967898e+02	7.384946e-21	4.023328e-25
1.968098e+02	7.354632e-21	4.007072e-25
1.968298e+02	7.324533e-21	3.990930e-25
1.968498e+02	7.294529e-21	3.974837e-25
1.968698e+02	7.264584e-21	3.958776e-25
1.968898e+02	7.234887e-21	3.942844e-25
1.969098e+02	7.205189e-21	3.926913e-25
1.969298e+02	7.175702e-21	3.911094e-25
1.969498e+02	7.146307e-21	3.895323e-25
1.969698e+02	7.116971e-21	3.879583e-25
1.969898e+02	7.087877e-21	3.863970e-25
1.970099e+02	7.058783e-21	3.848357e-25
1.970299e+02	7.029895e-21	3.832854e-25
1.970499e+02	7.001098e-21	3.817398e-25
1.970699e+02	6.972358e-21	3.801973e-25
1.970899e+02	6.943855e-21	3.786672e-25
1.971099e+02	6.915352e-21	3.771372e-25
1.971299e+02	6.887051e-21	3.756178e-25
1.971499e+02	6.858839e-21	3.741032e-25
1.971699e+02	6.830683e-21	3.725915e-25
1.971899e+02	6.802759e-21	3.710920e-25
1.972099e+02	6.774835e-21	3.695926e-25
1.972299e+02	6.747110e-21	3.681036e-25
1.972499e+02	6.719471e-21	3.666192e-25
1.972699e+02	6.691887e-21	3.651377e-25
1.972899e+02	6.664531e-21	3.636683e-25
1.973099e+02	6.637174e-21	3.621988e-25
1.973299e+02	6.610012e-21	3.607396e-25
1.973499e+02	6.582935e-21	3.592849e-25
1.973699e+02	6.555912e-21	3.578330e-25
1.973899e+02	6.529111e-21	3.563929e-25
1.974099e+02	6.502310e-21	3.549528e-25
1.974299e+02	6.475700e-21	3.535228e-25
1.974499e+02	6.449173e-21	3.520972e-25
1.974699e+02	6.422700e-21	3.506744e-25
1.974899e+02	6.396443e-21	3.492631e-25
1.975099e+02	6.370187e-21	3.478518e-25
1.975299e+02	6.344118e-21	3.464504e-25
1.975499e+02	6.318130e-21	3.450532e-25
1.975699e+02	6.292194e-21	3.436589e-25
1.975899e+02	6.266472e-21	3.422758e-25
1.976099e+02	6.240749e-21	3.408927e-25
1.976299e+02	6.215210e-21	3.395193e-25
1.976499e+02	6.189750e-21	3.381501e-25
1.976699e+02	6.164341e-21	3.367836e-25
1.976899e+02	6.139141e-21	3.354282e-25
1.977099e+02	6.113941e-21	3.340728e-25
1.977299e+02	6.088921e-21	3.327268e-25
1.977499e+02	6.063978e-21	3.313850e-25
1.977699e+02	6.039086e-21	3.300459e-25
1.977899e+02	6.014398e-21	3.287175e-25
1.978099e+02	5.989710e-21	3.273892e-25
1.978299e+02	5.965198e-21	3.260702e-25
1.978499e+02	5.940762e-21	3.247552e-25
1.978699e+02	5.916376e-21	3.234428e-25
1.978899e+02	5.892189e-21	3.221410e-25
1.979099e+02	5.868003e-21	3.208393e-25
1.979299e+02	5.843989e-21	3.195466e-25
1.979499e+02	5.820050e-21	3.182579e-25
1.979699e+02	5.796159e-21	3.169718e-25
1.979899e+02	5.772464e-21	3.156960e-25
1.980099e+02	5.748769e-21	3.144203e-25
1.980299e+02	5.725244e-21	3.131535e-25
1.980499e+02	5.701791e-21	3.118906e-25
1.980699e+02	5.678385e-21	3.106302e-25
1.980899e+02	5.655172e-21	3.093799e-25
1.981099e+02	5.631959e-21	3.081297e-25
1.981299e+02	5.608911e-21	3.068882e-25
1.981499e+02	5.585935e-21	3.056505e-25
1.981699e+02	5.563005e-21	3.044153e-25
1.981899e+02	5.540263e-21	3.031901e-25
1.982099e+02	5.517522e-21	3.019649e-25
1.982299e+02	5.494942e-21	3.007482e-25
1.982499e+02	5.472433e-21	2.995353e-25
1.982699e+02	5.449969e-21	2.983248e-25
1.982899e+02	5.427690e-21	2.971241e-25
1.983099e+02	5.405410e-21	2.959233e-25
1.983299e+02	5.383289e-21	2.947310e-25
1.983499e+02	5.361237e-21	2.935423e-25
1.983699e+02	5.339230e-21	2.923560e-25
1.983899e+02	5.317403e-21	2.911793e-25
1.984099e+02	5.295577e-21	2.900026e-25
1.984299e+02	5.273906e-21	2.888341e-25
1.984499e+02	5.252302e-21	2.876692e-25
1.984699e+02	5.230742e-21	2.865066e-25
1.984899e+02	5.209358e-21	2.853534e-25
1.985099e+02	5.187975e-21	2.842002e-25
1.985299e+02	5.166744e-21	2.830551e-25
1.985499e+02	5.145579e-21	2.819135e-25
1.985699e+02	5.124457e-21	2.807742e-25
1.985899e+02	5.103509e-21	2.796441e-25
1.986099e+02	5.082560e-21	2.785139e-25
1.986299e+02	5.061761e-21	2.773917e-25
1.986499e+02	5.041026e-21	2.762729e-25
1.986699e+02	5.020333e-21	2.751564e-25
1.986899e+02	4.999810e-21	2.740489e-25
1.987099e+02	4.979287e-21	2.729413e-25
1.987299e+02	4.958910e-21	2.718416e-25
1.987499e+02	4.938597e-21	2.707451e-25
1.987699e+02	4.918325e-21	2.696509e-25
1.987899e+02	4.898218e-21	2.685655e-25
1.988099e+02	4.878112e-21	2.674801e-25
1.988299e+02	4.858150e-21	2.664024e-25
1.988499e+02	4.838249e-21	2.653279e-25
1.988699e+02	4.818389e-21	2.642556e-25
1.988899e+02	4.798691e-21	2.631919e-25
1.989099e+02	4.778994e-21	2.621282e-25
1.989299e+02	4.759437e-21	2.610720e-25
1.989499e+02	4.739940e-21	2.600190e-25
1.989699e+02	4.720484e-21	2.589681e-25
1.989899e+02	4.701187e-21	2.579257e-25
1.990100e+02	4.681889e-21	2.568833e-25
1.990300e+02	4.662730e-21	2.558482e-25
1.990500e+02	4.643630e-21	2.548162e-25
1.990700e+02	4.624568e-21	2.537864e-25
1.990900e+02	4.605663e-21	2.527648e-25
1.991100e+02	4.586758e-21	2.517432e-25
1.991300e+02	4.567988e-21	2.507288e-25
1.991500e+02	4.549276e-21	2.497175e-25
1.991700e+02	4.530602e-21	2.487083e-25
1.991900e+02	4.512081e-21	2.477071e-25
1.992100e+02	4.493560e-21	2.467060e-25
1.992300e+02	4.475171e-21	2.457119e-25
1.992500e+02	4.456839e-21	2.447208e-25
1.992700e+02	4.438545e-21	2.437317e-25
1.992900e+02	4.420400e-21	2.427506e-25
1.993100e+02	4.402255e-21	2.417695e-25
1.993300e+02	4.384241e-21	2.407953e-25
1.993500e+02	4.366281e-21	2.398240e-25
1.993700e+02	4.348358e-21	2.388547e-25
1.993900e+02	4.330582e-21	2.378932e-25
1.994100e+02	4.312806e-21	2.369317e-25
1.994300e+02	4.295158e-21	2.359770e-25
1.994500e+02	4.277563e-21	2.350251e-25
1.994700e+02	4.260005e-21	2.340752e-25
1.994900e+02	4.242590e-21	2.331329e-25
1.995100e+02	4.225175e-21	2.321906e-25
1.995300e+02	4.207885e-21	2.312550e-25
1.995500e+02	4.190648e-21	2.303222e-25
1.995700e+02	4.173446e-21	2.293913e-25
1.995900e+02	4.156385e-21	2.284679e-25
1.996100e+02	4.139324e-21	2.275444e-25
1.996300e+02	4.122385e-21	2.266275e-25
1.996500e+02	4.105499e-21	2.257134e-25
1.996700e+02	4.088647e-21	2.248011e-25
1.996900e+02	4.071932e-21	2.238961e-25
1.997100e+02	4.055218e-21	2.229911e-25
1.997300e+02	4.038623e-21	2.220926e-25
1.997500e+02	4.022080e-21	2.211967e-25
1.997700e+02	4.005570e-21	2.203026e-25
1.997900e+02	3.989195e-21	2.194158e-25
1.998100e+02	3.972821e-21	2.185289e-25
1.998300e+02	3.956563e-21	2.176483e-25
1.998500e+02	3.940356e-21	2.167704e-25
1.998700e+02	3.924182e-21	2.158942e-25
1.998900e+02	3.908140e-21	2.150251e-25
1.999100e+02	3.892098e-21	2.141559e-25
1.999300e+02	3.876171e-21	2.132929e-25
1.999500e+02	3.860293e-21	2.124325e-25
1.999700e+02	3.844447e-21	2.115739e-25
1.999900e+02	3.828731e-21	2.107222e-25
2.000100e+02	3.813015e-21	2.098704e-25
2.000300e+02	3.797412e-21	2.090247e-25
2.000500e+02	3.781856e-21	2.081815e-25
2.000700e+02	3.766333e-21	2.073400e-25
2.000900e+02	3.750936e-21	2.065053e-25
2.001100e+02	3.735540e-21	2.056706e-25
2.001300e+02	3.720253e-21	2.048418e-25
2.001500e+02	3.705014e-21	2.040155e-25
2.001700e+02	3.689806e-21	2.031908e-25
2.001900e+02	3.674722e-21	2.023728e-25
2.002100e+02	3.659638e-21	2.015548e-25
2.002300e+02	3.644663e-21	2.007425e-25
2.002500e+02	3.629733e-21	1.999327e-25
2.002700e+02	3.614834e-21	1.991246e-25
2.002900e+02	3.600057e-21	1.983230e-25
2.003100e+02	3.585279e-21	1.975213e-25
2.003300e+02	3.570608e-21	1.967253e-25
2.003500e+02	3.555981e-21	1.959317e-25
2.003700e+02	3.541385e-21	1.951397e-25
2.003900e+02	3.526908e-21	1.943541e-25
2.004100e+02	3.512431e-21	1.935685e-25
2.004300e+02	3.498058e-21	1.927884e-25
2.004500e+02	3.483729e-21	1.920107e-25
2.004700e+02	3.469429e-21	1.912345e-25
2.004900e+02	3.455246e-21	1.904646e-25
2.005100e+02	3.441063e-21	1.896947e-25
2.005300e+02	3.426982e-21	1.889303e-25
2.005500e+02	3.412944e-21	1.881681e-25
2.005700e+02	3.398935e-21	1.874075e-25
2.005900e+02	3.385040e-21	1.866530e-25
2.006100e+02	3.371146e-21	1.858984e-25
2.006300e+02	3.357351e-21	1.851493e-25
2.006500e+02	3.343598e-21	1.844023e-25
2.006700e+02	3.329874e-21	1.836570e-25
2.006900e+02	3.316261e-21	1.829175e-25
2.007100e+02	3.302649e-21	1.821781e-25
2.007300e+02	3.289134e-21	1.814439e-25
2.007500e+02	3.275661e-21	1.807119e-25
2.007700e+02	3.262216e-21	1.799814e-25
2.007900e+02	3.248880e-21	1.792568e-25
2.008100e+02	3.235544e-21	1.785322e-25
2.008300e+02	3.222304e-21	1.778127e-25
2.008500e+02	3.209104e-21	1.770953e-25
2.008700e+02	3.195932e-21	1.763795e-25
2.008900e+02	3.182867e-21	1.756693e-25
2.009100e+02	3.169802e-21	1.749592e-25
2.009300e+02	3.156831e-21	1.742541e-25
2.009500e+02	3.143900e-21	1.735511e-25
2.009700e+02	3.130996e-21	1.728495e-25
2.009900e+02	3.118196e-21	1.721536e-25
2.010101e+02	3.105397e-21	1.714577e-25
2.010301e+02	3.092689e-21	1.707666e-25
2.010501e+02	3.080021e-21	1.700777e-25
2.010701e+02	3.067378e-21	1.693902e-25
2.010901e+02	3.054839e-21	1.687082e-25
2.011101e+02	3.042300e-21	1.680262e-25
2.011301e+02	3.029851e-21	1.673490e-25
2.011501e+02	3.017439e-21	1.666738e-25
2.011701e+02	3.005054e-21	1.660001e-25
2.011901e+02	2.992770e-21	1.653317e-25
2.012101e+02	2.980485e-21	1.646633e-25
2.012301e+02	2.968289e-21	1.639997e-25
2.012501e+02	2.956130e-21	1.633380e-25
2.012701e+02	2.943996e-21	1.626777e-25
2.012901e+02	2.931961e-21	1.620227e-25
2.013101e+02	2.919926e-21	1.613677e-25
2.013301e+02	2.907978e-21	1.607174e-25
2.013501e+02	2.896066e-21	1.600690e-25
2.013701e+02	2.884179e-21	1.594219e-25
2.013901e+02	2.872388e-21	1.587800e-25
2.014101e+02	2.860598e-21	1.581381e-25
2.014301e+02	2.848893e-21	1.575007e-25
2.014501e+02	2.837222e-21	1.568653e-25
2.014701e+02	2.825577e-21	1.562311e-25
2.014901e+02	2.814026e-21	1.556021e-25
2.015101e+02	2.802475e-21	1.549730e-25
2.015301e+02	2.791008e-21	1.543484e-25
2.015501e+02	2.779575e-21	1.537257e-25
2.015701e+02	2.768166e-21	1.531042e-25
2.015901e+02	2.756850e-21	1.524878e-25
2.016101e+02	2.745534e-21	1.518713e-25
2.016301e+02	2.734299e-21	1.512592e-25
2.016501e+02	2.723098e-21	1.506489e-25
2.016701e+02	2.711921e-21	1.500399e-25
2.016901e+02	2.700835e-21	1.494357e-25
2.017101e+02	2.689749e-21	1.488316e-25
2.017301e+02	2.678743e-21	1.482317e-25
2.017501e+02	2.667770e-21	1.476337e-25
2.017701e+02	2.656820e-21	1.470368e-25
2.017901e+02	2.645959e-21	1.464448e-25
2.018101e+02	2.635098e-21	1.458527e-25
2.018301e+02	2.624315e-21	1.452648e-25
2.018501e+02	2.613565e-21	1.446787e-25
2.018701e+02	2.602838e-21	1.440938e-25
2.018901e+02	2.592198e-21	1.435136e-25
2.019101e+02	2.581557e-21	1.429334e-25
2.019301e+02	2.570994e-21	1.423573e-25
2.019501e+02	2.560462e-21	1.417829e-25
2.019701e+02	2.549953e-21	1.412097e-25
2.019901e+02	2.539529e-21	1.406411e-25
2.020101e+02	2.529104e-21	1.400725e-25
2.020301e+02	2.518756e-21	1.395079e-25
2.020501e+02	2.508438e-21	1.389450e-25
2.020701e+02	2.498142e-21	1.383833e-25
2.020901e+02	2.487930e-21	1.378261e-25
2.021101e+02	2.477718e-21	1.372688e-25
2.021301e+02	2.467579e-21	1.367156e-25
2.021501e+02	2.457471e-21	1.361639e-25
2.021701e+02	2.447385e-21	1.356135e-25
2.021901e+02	2.437380e-21	1.350674e-25
2.022101e+02	2.427375e-21	1.345213e-25
2.022301e+02	2.417442e-21	1.339791e-25
2.022501e+02	2.407540e-21	1.334385e-25
2.022701e+02	2.397658e-21	1.328990e-25
2.022901e+02	2.387857e-21	1.323638e-25
2.023101e+02	2.378055e-21	1.318287e-25
2.023301e+02	2.368324e-21	1.312973e-25
2.023501e+02	2.358623e-21	1.307675e-25
2.023701e+02	2.348942e-21	1.302389e-25
2.023901e+02	2.339340e-21	1.297144e-25
2.024101e+02	2.329737e-21	1.291899e-25
2.024301e+02	2.320205e-21	1.286692e-25
2.024501e+02	2.310700e-21	1.281500e-25
2.024701e+02	2.301216e-21	1.276319e-25
2.024901e+02	2.291809e-21	1.271180e-25
2.025101e+02	2.282402e-21	1.266040e-25
2.025301e+02	2.273062e-21	1.260937e-25
2.025501e+02	2.263751e-21	1.255849e-25
2.025701e+02	2.254460e-21	1.250771e-25
2.025901e+02	2.245244e-21	1.245735e-25
2.026101e+02	2.236027e-21	1.240698e-25
2.026301e+02	2.226878e-21	1.235697e-25
2.026501e+02	2.217756e-21	1.230710e-25
2.026701e+02	2.208654e-21	1.225735e-25
2.026901e+02	2.199625e-21	1.220799e-25
2.027101e+02	2.190596e-21	1.215863e-25
2.027301e+02	2.181632e-21	1.210962e-25
2.027501e+02	2.172696e-21	1.206075e-25
2.027701e+02	2.163778e-21	1.201199e-25
2.027901e+02	2.154933e-21	1.196362e-25
2.028101e+02	2.146087e-21	1.191524e-25
2.028301e+02	2.137306e-21	1.186721e-25
2.028501e+02	2.128551e-21	1.181933e-25
2.028701e+02	2.119814e-21	1.177154e-25
2.028901e+02	2.111149e-21	1.172414e-25
2.029101e+02	2.102483e-21	1.167673e-25
2.029301e+02	2.093880e-21	1.162966e-25
2.029501e+02	2.085303e-21	1.158273e-25
2.029701e+02	2.076744e-21	1.153590e-25
2.029901e+02	2.068254e-21	1.148945e-25
2.030102e+02	2.059765e-21	1.144299e-25
2.030302e+02	2.051337e-21	1.139686e-25
2.030502e+02	2.042934e-21	1.135087e-25
2.030702e+02	2.034549e-21	1.130498e-25
2.030902e+02	2.026232e-21	1.125945e-25
2.031102e+02	2.017914e-21	1.121392e-25
2.031302e+02	2.009658e-21	1.116872e-25
2.031502e+02	2.001425e-21	1.112365e-25
2.031702e+02	1.993211e-21	1.107868e-25
2.031902e+02	1.985063e-21	1.103406e-25
2.032102e+02	1.976915e-21	1.098944e-25
2.032302e+02	1.968826e-21	1.094514e-25
2.032502e+02	1.960761e-21	1.090097e-25
2.032702e+02	1.952713e-21	1.085690e-25
2.032902e+02	1.944730e-21	1.081318e-25
2.033102e+02	1.936748e-21	1.076945e-25
2.033302e+02	1.928823e-21	1.072604e-25
2.033502e+02	1.920922e-21	1.068275e-25
2.033702e+02	1.913038e-21	1.063956e-25
2.033902e+02	1.905218e-21	1.059671e-25
2.034102e+02	1.897397e-21	1.055386e-25
2.034302e+02	1.889634e-21	1.051132e-25
2.034502e+02	1.881893e-21	1.046890e-25
2.034702e+02	1.874169e-21	1.042657e-25
2.034902e+02	1.866508e-21	1.038458e-25
2.035102e+02	1.858846e-21	1.034259e-25
2.035302e+02	1.851240e-21	1.030090e-25
2.035502e+02	1.843657e-21	1.025932e-25
2.035702e+02	1.836090e-21	1.021784e-25
2.035902e+02	1.828584e-21	1.017669e-25
2.036102e+02	1.821078e-21	1.013554e-25
2.036302e+02	1.813627e-21	1.009468e-25
2.036502e+02	1.806198e-21	1.005394e-25
2.036702e+02	1.798785e-21	1.001329e-25
2.036902e+02	1.791431e-21	9.972963e-26
2.037102e+02	1.784078e-21	9.932634e-26
2.037302e+02	1.776778e-21	9.892594e-26
2.037502e+02	1.769500e-21	9.852670e-26
2.037702e+02	1.762237e-21	9.812832e-26
2.037902e+02	1.755034e-21	9.773310e-26
2.038102e+02	1.747830e-21	9.733788e-26
2.038302e+02	1.740678e-21	9.694550e-26
2.038502e+02	1.733548e-21	9.655425e-26
2.038702e+02	1.726433e-21	9.616384e-26
2.038902e+02	1.719375e-21	9.577653e-26
2.039102e+02	1.712318e-21	9.538922e-26
2.039302e+02	1.705311e-21	9.500468e-26
2.039502e+02	1.698326e-21	9.462126e-26
2.039702e+02	1.691356e-21	9.423867e-26
2.039902e+02	1.684441e-21	9.385910e-26
2.040102e+02	1.677527e-21	9.347954e-26
2.040302e+02	1.670663e-21	9.310270e-26
2.040502e+02	1.663820e-21	9.272695e-26
2.040702e+02	1.656991e-21	9.235201e-26
2.040902e+02	1.650217e-21	9.198005e-26
2.041102e+02	1.643444e-21	9.160808e-26
2.041302e+02	1.636719e-21	9.123878e-26
2.041502e+02	1.630015e-21	9.087055e-26
2.041702e+02	1.623325e-21	9.050311e-26
2.041902e+02	1.616689e-21	9.013859e-26
2.042102e+02	1.610053e-21	8.977406e-26
2.042302e+02	1.603465e-21	8.941215e-26
2.042502e+02	1.596897e-21	8.905129e-26
2.042702e+02	1.590343e-21	8.869121e-26
2.042902e+02	1.583841e-21	8.833398e-26
2.043102e+02	1.577340e-21	8.797675e-26
2.043302e+02	1.570886e-21	8.762208e-26
2.043502e+02	1.564452e-21	8.726844e-26
2.043702e+02	1.558031e-21	8.691556e-26
2.043902e+02	1.551662e-21	8.656548e-26
2.044102e+02	1.545292e-21	8.621539e-26
2.044302e+02	1.538970e-21	8.586782e-26
2.044502e+02	1.532666e-21	8.552126e-26
2.044702e+02	1.526375e-21	8.517544e-26
2.044902e+02	1.520136e-21	8.483236e-26
2.045102e+02	1.513896e-21	8.448929e-26
2.045302e+02	1.507702e-21	8.414867e-26
2.045502e+02	1.501526e-21	8.380904e-26
2.045702e+02	1.495363e-21	8.347015e-26
2.045902e+02	1.489250e-21	8.313393e-26
2.046102e+02	1.483137e-21	8.279772e-26
2.046302e+02	1.477069e-21	8.246392e-26
2.046502e+02	1.471018e-21	8.213109e-26
2.046702e+02	1.464981e-21	8.179897e-26
2.046902e+02	1.458992e-21	8.146949e-26
2.047102e+02	1.453003e-21	8.114000e-26
2.047302e+02	1.447058e-21	8.081288e-26
2.047502e+02	1.441131e-21	8.048671e-26
2.047702e+02	1.435216e-21	8.016124e-26
2.047902e+02	1.429349e-21	7.983835e-26
2.048102e+02	1.423482e-21	7.951546e-26
2.048302e+02	1.417658e-21	7.919489e-26
2.048502e+02	1.411851e-21	7.887524e-26
2.048702e+02	1.406056e-21	7.855629e-26
2.048902e+02	1.400308e-21	7.823986e-26
2.049102e+02	1.394560e-21	7.792342e-26
2.049302e+02	1.388854e-21	7.760927e-26
2.049502e+02	1.383165e-21	7.729602e-26
2.049702e+02	1.377489e-21	7.698345e-26
2.049902e+02	1.371857e-21	7.667335e-26
2.050103e+02	1.366226e-21	7.636325e-26
2.050303e+02	1.360636e-21	7.605538e-26
2.050503e+02	1.355063e-21	7.574840e-26
2.050703e+02	1.349502e-21	7.544208e-26
2.050903e+02	1.343985e-21	7.513819e-26
2.051103e+02	1.338468e-21	7.483429e-26
2.051303e+02	1.332992e-21	7.453259e-26
2.051503e+02	1.327531e-21	7.423175e-26
2.051703e+02	1.322083e-21	7.393156e-26
2.051903e+02	1.316679e-21	7.363375e-26
2.052103e+02	1.311274e-21	7.333594e-26
2.052303e+02	1.305909e-21	7.304027e-26
2.052503e+02	1.300559e-21	7.274545e-26
2.052703e+02	1.295222e-21	7.245127e-26
2.052903e+02	1.289927e-21	7.215942e-26
2.053103e+02	1.284632e-21	7.186757e-26
2.053303e+02	1.279376e-21	7.157781e-26
2.053503e+02	1.274135e-21	7.128890e-26
2.053703e+02	1.268906e-21	7.100061e-26
2.053903e+02	1.263719e-21	7.071459e-26
2.054103e+02	1.258532e-21	7.042858e-26
2.054303e+02	1.253383e-21	7.014463e-26
2.054503e+02	1.248248e-21	6.986149e-26
2.054703e+02	1.243125e-21	6.957897e-26
2.054903e+02	1.238044e-21	6.929868e-26
2.055103e+02	1.232962e-21	6.901839e-26
2.055303e+02	1.227917e-21	6.874012e-26
2.055503e+02	1.222887e-21	6.846265e-26
2.055703e+02	1.217868e-21	6.818579e-26
2.055903e+02	1.212890e-21	6.791111e-26
2.056103e+02	1.207911e-21	6.763643e-26
2.056303e+02	1.202969e-21	6.736373e-26
2.056503e+02	1.198042e-21	6.709181e-26
2.056703e+02	1.193125e-21	6.682048e-26
2.056903e+02	1.188247e-21	6.655130e-26
2.057103e+02	1.183370e-21	6.628212e-26
2.057303e+02	1.178528e-21	6.601488e-26
2.057503e+02	1.173701e-21	6.574840e-26
2.057703e+02	1.168884e-21	6.548251e-26
2.057903e+02	1.164105e-21	6.521871e-26
2.058103e+02	1.159327e-21	6.495491e-26
2.058303e+02	1.154584e-21	6.469302e-26
2.058503e+02	1.149854e-21	6.443188e-26
2.058703e+02	1.145135e-21	6.417131e-26
2.058903e+02	1.140454e-21	6.391279e-26
2.059103e+02	1.135773e-21	6.365427e-26
2.059303e+02	1.131126e-21	6.339762e-26
2.059503e+02	1.126492e-21	6.314170e-26
2.059703e+02	1.121869e-21	6.288635e-26
2.059903e+02	1.117283e-21	6.263300e-26
2.060103e+02	1.112697e-21	6.237966e-26
2.060303e+02	1.108144e-21	6.212815e-26
2.060503e+02	1.103605e-21	6.187735e-26
2.060703e+02	1.099076e-21	6.162710e-26
2.060903e+02	1.094583e-21	6.137883e-26
2.061103e+02	1.090090e-21	6.113056e-26
2.061303e+02	1.085630e-21	6.088408e-26
2.061503e+02	1.081183e-21	6.063830e-26
2.061703e+02	1.076746e-21	6.039307e-26
2.061903e+02	1.072344e-21	6.014976e-26
2.062103e+02	1.067942e-21	5.990646e-26
2.062303e+02	1.063573e-21	5.966491e-26
2.062503e+02	1.059216e-21	5.942405e-26
2.062703e+02	1.054869e-21	5.918372e-26
2.062903e+02	1.050557e-21	5.894529e-26
2.063103e+02	1.046245e-21	5.870685e-26
2.063303e+02	1.041964e-21	5.847014e-26
2.063503e+02	1.037696e-21	5.823410e-26
2.063703e+02	1.033437e-21	5.799859e-26
2.063903e+02	1.029213e-21	5.776492e-26
2.064103e+02	1.024988e-21	5.753126e-26
2.064303e+02	1.020795e-21	5.729929e-26
2.064503e+02	1.016613e-21	5.706797e-26
2.064703e+02	1.012441e-21	5.683717e-26
2.064903e+02	1.008302e-21	5.660818e-26
2.065103e+02	1.004163e-21	5.637920e-26
2.065303e+02	1.000055e-21	5.615187e-26
2.065503e+02	9.959585e-22	5.592518e-26
2.065703e+02	9.918712e-22	5.569900e-26
2.065903e+02	9.878165e-22	5.547460e-26
2.066103e+02	9.837618e-22	5.525019e-26
2.066303e+02	9.797369e-22	5.502741e-26
2.066503e+02	9.757236e-22	5.480527e-26
2.066703e+02	9.717193e-22	5.458361e-26
2.066903e+02	9.677470e-22	5.436370e-26
2.067103e+02	9.637747e-22	5.414378e-26
2.067303e+02	9.598315e-22	5.392546e-26
2.067503e+02	9.558998e-22	5.370776e-26
2.067703e+02	9.519769e-22	5.349054e-26
2.067903e+02	9.480852e-22	5.327503e-26
2.068103e+02	9.441936e-22	5.305952e-26
2.068303e+02	9.403306e-22	5.284557e-26
2.068503e+02	9.364788e-22	5.263223e-26
2.068703e+02	9.326355e-22	5.241936e-26
2.068903e+02	9.288230e-22	5.220816e-26
2.069103e+02	9.250104e-22	5.199696e-26
2.069303e+02	9.212259e-22	5.178729e-26
2.069503e+02	9.174523e-22	5.157822e-26
2.069703e+02	9.136872e-22	5.136961e-26
2.069903e+02	9.099521e-22	5.116264e-26
2.070104e+02	9.062170e-22	5.095567e-26
2.070304e+02	9.025094e-22	5.075020e-26
2.070504e+02	8.988125e-22	5.054531e-26
2.070704e+02	8.951239e-22	5.034088e-26
2.070904e+02	8.914647e-22	5.013805e-26
2.071104e+02	8.878055e-22	4.993522e-26
2.071304e+02	8.841732e-22	4.973386e-26
2.071504e+02	8.805514e-22	4.953307e-26
2.071704e+02	8.769377e-22	4.933273e-26
2.071904e+02	8.733528e-22	4.913396e-26
2.072104e+02	8.697680e-22	4.893519e-26
2.072304e+02	8.662095e-22	4.873787e-26
2.072504e+02	8.626613e-22	4.854110e-26
2.072704e+02	8.591210e-22	4.834477e-26
2.072904e+02	8.556090e-22	4.814998e-26
2.073104e+02	8.520970e-22	4.795519e-26
2.073304e+02	8.486109e-22	4.776181e-26
2.073504e+02	8.451347e-22	4.756898e-26
2.073704e+02	8.416664e-22	4.737658e-26
2.073904e+02	8.382257e-22	4.718569e-26
2.074104e+02	8.347851e-22	4.699480e-26
2.074304e+02	8.313697e-22	4.680529e-26
2.074504e+02	8.279642e-22	4.661632e-26
2.074704e+02	8.245664e-22	4.642777e-26
2.074904e+02	8.211956e-22	4.624070e-26
2.075104e+02	8.178249e-22	4.605363e-26
2.075304e+02	8.144789e-22	4.586792e-26
2.075504e+02	8.111426e-22	4.568273e-26
2.075704e+02	8.078138e-22	4.549796e-26
2.075904e+02	8.045115e-22	4.531463e-26
2.076104e+02	8.012093e-22	4.513130e-26
2.076304e+02	7.979313e-22	4.494931e-26
2.076504e+02	7.946628e-22	4.476783e-26
2.076704e+02	7.914016e-22	4.458675e-26
2.076904e+02	7.881664e-22	4.440710e-26
2.077104e+02	7.849312e-22	4.422744e-26
2.077304e+02	7.817199e-22	4.404909e-26
2.077504e+02	7.785178e-22	4.387124e-26
2.077704e+02	7.753229e-22	4.369379e-26
2.077904e+02	7.721534e-22	4.351773e-26
2.078104e+02	7.689840e-22	4.334167e-26
2.078304e+02	7.658379e-22	4.316689e-26
2.078504e+02	7.627008e-22	4.299260e-26
2.078704e+02	7.595708e-22	4.281870e-26
2.078904e+02	7.564658e-22	4.264616e-26
2.079104e+02	7.533607e-22	4.247363e-26
2.079304e+02	7.502786e-22	4.230235e-26
2.079504e+02	7.472052e-22	4.213155e-26
2.079704e+02	7.441389e-22	4.196113e-26
2.079904e+02	7.410969e-22	4.179205e-26
2.080104e+02	7.380549e-22	4.162296e-26
2.080304e+02	7.350354e-22	4.145511e-26
2.080504e+02	7.320245e-22	4.128773e-26
2.080704e+02	7.290204e-22	4.112072e-26
2.080904e+02	7.260402e-22	4.095503e-26
2.081104e+02	7.230601e-22	4.078933e-26
2.081304e+02	7.201019e-22	4.062484e-26
2.081504e+02	7.171522e-22	4.046081e-26
2.081704e+02	7.142091e-22	4.029714e-26
2.081904e+02	7.112895e-22	4.013476e-26
2.082104e+02	7.083699e-22	3.997238e-26
2.082304e+02	7.054718e-22	3.981118e-26
2.082504e+02	7.025820e-22	3.965044e-26
2.082704e+02	6.996988e-22	3.949005e-26
2.082904e+02	6.968385e-22	3.933092e-26
2.083104e+02	6.939782e-22	3.917179e-26
2.083304e+02	6.911390e-22	3.901382e-26
2.083504e+02	6.883079e-22	3.885629e-26
2.083704e+02	6.854833e-22	3.869911e-26
2.083904e+02	6.826811e-22	3.854317e-26
2.084104e+02	6.798789e-22	3.838722e-26
2.084304e+02	6.770974e-22	3.823241e-26
2.084504e+02	6.743238e-22	3.807804e-26
2.084704e+02	6.715566e-22	3.792401e-26
2.084904e+02	6.688113e-22	3.777119e-26
2.085104e+02	6.660661e-22	3.761836e-26
2.085304e+02	6.633411e-22	3.746665e-26
2.085504e+02	6.606239e-22	3.731537e-26
2.085704e+02	6.579129e-22	3.716442e-26
2.085904e+02	6.552234e-22	3.701466e-26
2.086104e+02	6.525339e-22	3.686490e-26
2.086304e+02	6.498643e-22	3.671622e-26
2.086504e+02	6.472023e-22	3.656797e-26
2.086704e+02	6.445463e-22	3.642004e-26
2.086904e+02	6.419115e-22	3.627328e-26
2.087104e+02	6.392766e-22	3.612651e-26
2.087304e+02	6.366613e-22	3.598082e-26
2.087504e+02	6.340534e-22	3.583553e-26
2.087704e+02	6.314514e-22	3.569057e-26
2.087904e+02	6.288701e-22	3.554674e-26
2.088104e+02	6.262888e-22	3.540291e-26
2.088304e+02	6.237266e-22	3.526013e-26
2.088504e+02	6.211716e-22	3.511775e-26
2.088704e+02	6.186225e-22	3.497569e-26
2.088904e+02	6.160936e-22	3.483474e-26
2.089104e+02	6.135648e-22	3.469380e-26
2.089304e+02	6.110546e-22	3.455388e-26
2.089504e+02	6.085516e-22	3.441435e-26
2.089704e+02	6.060543e-22	3.427513e-26
2.089904e+02	6.035768e-22	3.413700e-26
2.090105e+02	6.010993e-22	3.399888e-26
2.090305e+02	5.986402e-22	3.386176e-26
2.090505e+02	5.961880e-22	3.372502e-26
2.090705e+02	5.937414e-22	3.358860e-26
2.090905e+02	5.913143e-22	3.345323e-26
2.091105e+02	5.888871e-22	3.331787e-26
2.091305e+02	5.864779e-22	3.318350e-26
2.091505e+02	5.840755e-22	3.304950e-26
2.091705e+02	5.816787e-22	3.291580e-26
2.091905e+02	5.793009e-22	3.278315e-26
2.092105e+02	5.769230e-22	3.265050e-26
2.092305e+02	5.745628e-22	3.251882e-26
2.092505e+02	5.722092e-22	3.238750e-26
2.092705e+02	5.698611e-22	3.225648e-26
2.092905e+02	5.675316e-22	3.212649e-26
2.093105e+02	5.652020e-22	3.199649e-26
2.093305e+02	5.628898e-22	3.186744e-26
2.093505e+02	5.605840e-22	3.173876e-26
2.093705e+02	5.582836e-22	3.161036e-26
2.093905e+02	5.560014e-22	3.148297e-26
2.094105e+02	5.537192e-22	3.135557e-26
2.094305e+02	5.514539e-22	3.122911e-26
2.094505e+02	5.491950e-22	3.110300e-26
2.094705e+02	5.469413e-22	3.097717e-26
2.094905e+02	5.447055e-22	3.085233e-26
2.095105e+02	5.424696e-22	3.072749e-26
2.095305e+02	5.402504e-22	3.060356e-26
2.095505e+02	5.380373e-22	3.047997e-26
2.095705e+02	5.358295e-22	3.035667e-26
2.095905e+02	5.336390e-22	3.023432e-26
2.096105e+02	5.314486e-22	3.011198e-26
2.096305e+02	5.292745e-22	2.999053e-26
2.096505e+02	5.271064e-22	2.986942e-26
2.096705e+02	5.249434e-22	2.974858e-26
2.096905e+02	5.227975e-22	2.962869e-26
2.097105e+02	5.206516e-22	2.950879e-26
2.097305e+02	5.185216e-22	2.938978e-26
2.097505e+02	5.163976e-22	2.927109e-26
2.097705e+02	5.142785e-22	2.915267e-26
2.097905e+02	5.121762e-22	2.903518e-26
2.098105e+02	5.100739e-22	2.891768e-26
2.098305e+02	5.079871e-22	2.880105e-26
2.098505e+02	5.059063e-22	2.868474e-26
2.098705e+02	5.038303e-22	2.856869e-26
2.098905e+02	5.017707e-22	2.845355e-26
2.099105e+02	4.997111e-22	2.833841e-26
2.099305e+02	4.976668e-22	2.822411e-26
2.099505e+02	4.956282e-22	2.811013e-26
2.099705e+02	4.935943e-22	2.799641e-26
2.099905e+02	4.915766e-22	2.788357e-26
2.100105e+02	4.895588e-22	2.777073e-26
2.100305e+02	4.875561e-22	2.765872e-26
2.100505e+02	4.855589e-22	2.754702e-26
2.100705e+02	4.835664e-22	2.743558e-26
2.100905e+02	4.815896e-22	2.732500e-26
2.101105e+02	4.796128e-22	2.721442e-26
2.101305e+02	4.776508e-22	2.710466e-26
2.101505e+02	4.756942e-22	2.699519e-26
2.101705e+02	4.737422e-22	2.688598e-26
2.101905e+02	4.718056e-22	2.677762e-26
2.102105e+02	4.698689e-22	2.666925e-26
2.102305e+02	4.679467e-22	2.656168e-26
2.102505e+02	4.660299e-22	2.645441e-26
2.102705e+02	4.641175e-22	2.634739e-26
2.102905e+02	4.622203e-22	2.624119e-26
2.103105e+02	4.603230e-22	2.613500e-26
2.103305e+02	4.584399e-22	2.602958e-26
2.103505e+02	4.565620e-22	2.592446e-26
2.103705e+02	4.546885e-22	2.581958e-26
2.103905e+02	4.528298e-22	2.571551e-26
2.104105e+02	4.509710e-22	2.561144e-26
2.104305e+02	4.491262e-22	2.550814e-26
2.104505e+02	4.472864e-22	2.540512e-26
2.104705e+02	4.454510e-22	2.530233e-26
2.104905e+02	4.436300e-22	2.520035e-26
2.105105e+02	4.418091e-22	2.509837e-26
2.105305e+02	4.400017e-22	2.499713e-26
2.105505e+02	4.381993e-22	2.489617e-26
2.105705e+02	4.364012e-22	2.479545e-26
2.105905e+02	4.346172e-22	2.469551e-26
2.106105e+02	4.328332e-22	2.459557e-26
2.106305e+02	4.310626e-22	2.449636e-26
2.106505e+02	4.292968e-22	2.439742e-26
2.106705e+02	4.275352e-22	2.429871e-26
2.106905e+02	4.257875e-22	2.420077e-26
2.107105e+02	4.240398e-22	2.410283e-26
2.107305e+02	4.223051e-22	2.400561e-26
2.107505e+02	4.205752e-22	2.390866e-26
2.107705e+02	4.188494e-22	2.381193e-26
2.107905e+02	4.171372e-22	2.371595e-26
2.108105e+02	4.154250e-22	2.361997e-26
2.108305e+02	4.137255e-22	2.352469e-26
2.108505e+02	4.120308e-22	2.342968e-26
2.108705e+02	4.103400e-22	2.333488e-26
2.108905e+02	4.086626e-22	2.324083e-26
2.109105e+02	4.069852e-22	2.314677e-26
2.109305e+02	4.053203e-22	2.305340e-26
2.109505e+02	4.036600e-22	2.296029e-26
2.109705e+02	4.020036e-22	2.286740e-26
2.109905e+02	4.003602e-22	2.277522e-26
2.110106e+02	3.987169e-22	2.268305e-26
2.110306e+02	3.970858e-22	2.259155e-26
2.110506e+02	3.954592e-22	2.250030e-26
2.110706e+02	3.938365e-22	2.240927e-26
2.110906e+02	3.922265e-22	2.231894e-26
2.111106e+02	3.906166e-22	2.222861e-26
2.111306e+02	3.890186e-22	2.213895e-26
2.111506e+02	3.874251e-22	2.204953e-26
2.111706e+02	3.858353e-22	2.196031e-26
2.111906e+02	3.842581e-22	2.187179e-26
2.112106e+02	3.826808e-22	2.178327e-26
2.112306e+02	3.811154e-22	2.169541e-26
2.112506e+02	3.795542e-22	2.160778e-26
2.112706e+02	3.779967e-22	2.152035e-26
2.112906e+02	3.764515e-22	2.143360e-26
2.113106e+02	3.749063e-22	2.134686e-26
2.113306e+02	3.733727e-22	2.126075e-26
2.113506e+02	3.718432e-22	2.117487e-26
2.113706e+02	3.703174e-22	2.108920e-26
2.113906e+02	3.688036e-22	2.100419e-26
2.114106e+02	3.672898e-22	2.091918e-26
2.114306e+02	3.657873e-22	2.083479e-26
2.114506e+02	3.642889e-22	2.075064e-26
2.114706e+02	3.627941e-22	2.066668e-26
2.114906e+02	3.613110e-22	2.058337e-26
2.115106e+02	3.598280e-22	2.050006e-26
2.115306e+02	3.583560e-22	2.041737e-26
2.115506e+02	3.568881e-22	2.033490e-26
2.115706e+02	3.554236e-22	2.025262e-26
2.115906e+02	3.539707e-22	2.017098e-26
2.116106e+02	3.525178e-22	2.008934e-26
2.116306e+02	3.510757e-22	2.000830e-26
2.116506e+02	3.496376e-22	1.992748e-26
2.116706e+02	3.482029e-22	1.984685e-26
2.116906e+02	3.467795e-22	1.976685e-26
2.117106e+02	3.453561e-22	1.968684e-26
2.117306e+02	3.439433e-22	1.960743e-26
2.117506e+02	3.425344e-22	1.952823e-26
2.117706e+02	3.411289e-22	1.944921e-26
2.117906e+02	3.397344e-22	1.937081e-26
2.118106e+02	3.383399e-22	1.929241e-26
2.118306e+02	3.369558e-22	1.921458e-26
2.118506e+02	3.355756e-22	1.913697e-26
2.118706e+02	3.341986e-22	1.905954e-26
2.118906e+02	3.328324e-22	1.898270e-26
2.119106e+02	3.314663e-22	1.890587e-26
2.119306e+02	3.301103e-22	1.882960e-26
2.119506e+02	3.287581e-22	1.875354e-26
2.119706e+02	3.274091e-22	1.867766e-26
2.119906e+02	3.260707e-22	1.860237e-26
2.120106e+02	3.247323e-22	1.852707e-26
2.120306e+02	3.234039e-22	1.845233e-26
2.120506e+02	3.220791e-22	1.837780e-26
2.120706e+02	3.207576e-22	1.830344e-26
2.120906e+02	3.194463e-22	1.822965e-26
2.121106e+02	3.181351e-22	1.815586e-26
2.121306e+02	3.168337e-22	1.808262e-26
2.121506e+02	3.155359e-22	1.800958e-26
2.121706e+02	3.142411e-22	1.793670e-26
2.121906e+02	3.129566e-22	1.786440e-26
2.122106e+02	3.116720e-22	1.779209e-26
2.122306e+02	3.103970e-22	1.772031e-26
2.122506e+02	3.091256e-22	1.764873e-26
2.122706e+02	3.078571e-22	1.757732e-26
2.122906e+02	3.065986e-22	1.750646e-26
2.123106e+02	3.053402e-22	1.743559e-26
2.123306e+02	3.040911e-22	1.736526e-26
2.123506e+02	3.028455e-22	1.729511e-26
2.123706e+02	3.016028e-22	1.722513e-26
2.123906e+02	3.003699e-22	1.715569e-26
2.124106e+02	2.991370e-22	1.708624e-26
2.124306e+02	2.979133e-22	1.701731e-26
2.124506e+02	2.966930e-22	1.694857e-26
2.124706e+02	2.954756e-22	1.687999e-26
2.124906e+02	2.942677e-22	1.681194e-26
2.125106e+02	2.930598e-22	1.674389e-26
2.125306e+02	2.918610e-22	1.667634e-26
2.125506e+02	2.906655e-22	1.660897e-26
2.125706e+02	2.894728e-22	1.654177e-26
2.125906e+02	2.882895e-22	1.647508e-26
2.126106e+02	2.871062e-22	1.640839e-26
2.126306e+02	2.859317e-22	1.634219e-26
2.126506e+02	2.847604e-22	1.627618e-26
2.126706e+02	2.835920e-22	1.621032e-26
2.126906e+02	2.824327e-22	1.614496e-26
2.127106e+02	2.812734e-22	1.607961e-26
2.127306e+02	2.801228e-22	1.601474e-26
2.127506e+02	2.789754e-22	1.595005e-26
2.127706e+02	2.778307e-22	1.588550e-26
2.127906e+02	2.766949e-22	1.582146e-26
2.128106e+02	2.755592e-22	1.575742e-26
2.128306e+02	2.744320e-22	1.569385e-26
2.128506e+02	2.733079e-22	1.563045e-26
2.128706e+02	2.721864e-22	1.556720e-26
2.128906e+02	2.710737e-22	1.550444e-26
2.129106e+02	2.699611e-22	1.544167e-26
2.129306e+02	2.688568e-22	1.537938e-26
2.129506e+02	2.677555e-22	1.531725e-26
2.129706e+02	2.666568e-22	1.525527e-26
2.129906e+02	2.655667e-22	1.519376e-26
2.130107e+02	2.644767e-22	1.513226e-26
2.130307e+02	2.633948e-22	1.507121e-26
2.130507e+02	2.623159e-22	1.501032e-26
2.130707e+02	2.612396e-22	1.494958e-26
2.130907e+02	2.601716e-22	1.488931e-26
2.131107e+02	2.591037e-22	1.482904e-26
2.131307e+02	2.580438e-22	1.476921e-26
2.131507e+02	2.569868e-22	1.470954e-26
2.131707e+02	2.559324e-22	1.465002e-26
2.131907e+02	2.548861e-22	1.459095e-26
2.132107e+02	2.538399e-22	1.453189e-26
2.132307e+02	2.528016e-22	1.447326e-26
2.132507e+02	2.517660e-22	1.441479e-26
2.132707e+02	2.507330e-22	1.435646e-26
2.132907e+02	2.497080e-22	1.429857e-26
2.133107e+02	2.486831e-22	1.424069e-26
2.133307e+02	2.476658e-22	1.418324e-26
2.133507e+02	2.466513e-22	1.412594e-26
2.133707e+02	2.456392e-22	1.406878e-26
2.133907e+02	2.446351e-22	1.401205e-26
2.134107e+02	2.436310e-22	1.395533e-26
2.134307e+02	2.426344e-22	1.389903e-26
2.134507e+02	2.416405e-22	1.384287e-26
2.134707e+02	2.406490e-22	1.378686e-26
2.134907e+02	2.396652e-22	1.373127e-26
2.135107e+02	2.386815e-22	1.367568e-26
2.135307e+02	2.377052e-22	1.362051e-26
2.135507e+02	2.367315e-22	1.356548e-26
2.135707e+02	2.357601e-22	1.351058e-26
2.135907e+02	2.347964e-22	1.345611e-26
2.136107e+02	2.338326e-22	1.340163e-26
2.136307e+02	2.328761e-22	1.334756e-26
2.136507e+02	2.319222e-22	1.329364e-26
2.136707e+02	2.309706e-22	1.323984e-26
2.136907e+02	2.300264e-22	1.318646e-26
2.137107e+02	2.290822e-22	1.313308e-26
2.137307e+02	2.281452e-22	1.308009e-26
2.137507e+02	2.272106e-22	1.302724e-26
2.137707e+02	2.262783e-22	1.297453e-26
2.137907e+02	2.253533e-22	1.292221e-26
2.138107e+02	2.244284e-22	1.286990e-26
2.138307e+02	2.235103e-22	1.281797e-26
2.138507e+02	2.225948e-22	1.276619e-26
2.138707e+02	2.216814e-22	1.271452e-26
2.138907e+02	2.207752e-22	1.266326e-26
2.139107e+02	2.198690e-22	1.261199e-26
2.139307e+02	2.189696e-22	1.256111e-26
2.139507e+02	2.180727e-22	1.251036e-26
2.139707e+02	2.171779e-22	1.245973e-26
2.139907e+02	2.162901e-22	1.240949e-26
2.140107e+02	2.154023e-22	1.235925e-26
2.140307e+02	2.145212e-22	1.230938e-26
2.140507e+02	2.136425e-22	1.225965e-26
2.140707e+02	2.127659e-22	1.221004e-26
2.140907e+02	2.118961e-22	1.216080e-26
2.141107e+02	2.110264e-22	1.211157e-26
2.141307e+02	2.101632e-22	1.206270e-26
2.141507e+02	2.093023e-22	1.201397e-26
2.141707e+02	2.084435e-22	1.196535e-26
2.141907e+02	2.075914e-22	1.191710e-26
2.142107e+02	2.067393e-22	1.186885e-26
2.142307e+02	2.058937e-22	1.182097e-26
2.142507e+02	2.050503e-22	1.177321e-26
2.142707e+02	2.042090e-22	1.172556e-26
2.142907e+02	2.033742e-22	1.167828e-26
2.143107e+02	2.025394e-22	1.163100e-26
2.143307e+02	2.017109e-22	1.158407e-26
2.143507e+02	2.008847e-22	1.153727e-26
2.143707e+02	2.000604e-22	1.149057e-26
2.143907e+02	1.992426e-22	1.144424e-26
2.144107e+02	1.984248e-22	1.139791e-26
2.144307e+02	1.976131e-22	1.135192e-26
2.144507e+02	1.968037e-22	1.130605e-26
2.144707e+02	1.959962e-22	1.126030e-26
2.144907e+02	1.951950e-22	1.121489e-26
2.145107e+02	1.943938e-22	1.116949e-26
2.145307e+02	1.935986e-22	1.112442e-26
2.145507e+02	1.928056e-22	1.107947e-26
2.145707e+02	1.920145e-22	1.103463e-26
2.145907e+02	1.912296e-22	1.099014e-26
2.146107e+02	1.904446e-22	1.094564e-26
2.146307e+02	1.896656e-22	1.090148e-26
2.146507e+02	1.888887e-22	1.085743e-26
2.146707e+02	1.881137e-22	1.081349e-26
2.146907e+02	1.873447e-22	1.076988e-26
2.147107e+02	1.865757e-22	1.072628e-26
2.147307e+02	1.858126e-22	1.068300e-26
2.147507e+02	1.850514e-22	1.063983e-26
2.147707e+02	1.842922e-22	1.059677e-26
2.147907e+02	1.835388e-22	1.055404e-26
2.148107e+02	1.827854e-22	1.051131e-26
2.148307e+02	1.820378e-22	1.046890e-26
2.148507e+02	1.812921e-22	1.042660e-26
2.148707e+02	1.805483e-22	1.038440e-26
2.148907e+02	1.798102e-22	1.034252e-26
2.149107e+02	1.790721e-22	1.030065e-26
2.149307e+02	1.783397e-22	1.025909e-26
2.149507e+02	1.776091e-22	1.021763e-26
2.149707e+02	1.768804e-22	1.017628e-26
2.149907e+02	1.761574e-22	1.013524e-26
2.150108e+02	1.754343e-22	1.009421e-26
2.150308e+02	1.747167e-22	1.005348e-26
2.150508e+02	1.740010e-22	1.001285e-26
2.150708e+02	1.732871e-22	9.972329e-27
2.150908e+02	1.725787e-22	9.932115e-27
2.151108e+02	1.718703e-22	9.891901e-27
2.151308e+02	1.711673e-22	9.851986e-27
2.151508e+02	1.704662e-22	9.812177e-27
2.151708e+02	1.697668e-22	9.772464e-27
2.151908e+02	1.690728e-22	9.733056e-27
2.152108e+02	1.683788e-22	9.693647e-27
2.152308e+02	1.676901e-22	9.654533e-27
2.152508e+02	1.670032e-22	9.615521e-27
2.152708e+02	1.663180e-22	9.576604e-27
2.152908e+02	1.656381e-22	9.537985e-27
2.153108e+02	1.649582e-22	9.499366e-27
2.153308e+02	1.642835e-22	9.461035e-27
2.153508e+02	1.636105e-22	9.422804e-27
2.153708e+02	1.629392e-22	9.384667e-27
2.153908e+02	1.622732e-22	9.346821e-27
2.154108e+02	1.616071e-22	9.308976e-27
2.154308e+02	1.609461e-22	9.271413e-27
2.154508e+02	1.602868e-22	9.233948e-27
2.154708e+02	1.596291e-22	9.196575e-27
2.154908e+02	1.589766e-22	9.159488e-27
2.155108e+02	1.583241e-22	9.122400e-27
2.155308e+02	1.576765e-22	9.085590e-27
2.155508e+02	1.570306e-22	9.048876e-27
2.155708e+02	1.563863e-22	9.012251e-27
2.155908e+02	1.557470e-22	8.975907e-27
2.156108e+02	1.551077e-22	8.939562e-27
2.156308e+02	1.544733e-22	8.903489e-27
2.156508e+02	1.538405e-22	8.867511e-27
2.156708e+02	1.532093e-22	8.831620e-27
2.156908e+02	1.525830e-22	8.796004e-27
2.157108e+02	1.519567e-22	8.760387e-27
2.157308e+02	1.513352e-22	8.725037e-27
2.157508e+02	1.507153e-22	8.689780e-27
2.157708e+02	1.500969e-22	8.654608e-27
2.157908e+02	1.494833e-22	8.619705e-27
2.158108e+02	1.488698e-22	8.584802e-27
2.158308e+02	1.482608e-22	8.550160e-27
2.158508e+02	1.476535e-22	8.515609e-27
2.158708e+02	1.470477e-22	8.481142e-27
2.158908e+02	1.464466e-22	8.446938e-27
2.159108e+02	1.458455e-22	8.412734e-27
2.159308e+02	1.452490e-22	8.378787e-27
2.159508e+02	1.446540e-22	8.344927e-27
2.159708e+02	1.440605e-22	8.311151e-27
2.159908e+02	1.434716e-22	8.277632e-27
2.160108e+02	1.428827e-22	8.244114e-27
2.160308e+02	1.422983e-22	8.210846e-27
2.160508e+02	1.417154e-22	8.177665e-27
2.160708e+02	1.411339e-22	8.144566e-27
2.160908e+02	1.405570e-22	8.111719e-27
2.161108e+02	1.399801e-22	8.078872e-27
2.161308e+02	1.394075e-22	8.046271e-27
2.161508e+02	1.388365e-22	8.013755e-27
2.161708e+02	1.382668e-22	7.981318e-27
2.161908e+02	1.377016e-22	7.949129e-27
2.162108e+02	1.371364e-22	7.916940e-27
2.162308e+02	1.365755e-22	7.884992e-27
2.162508e+02	1.360160e-22	7.853128e-27
2.162708e+02	1.354580e-22	7.821341e-27
2.162908e+02	1.349043e-22	7.789797e-27
2.163108e+02	1.343505e-22	7.758253e-27
2.163308e+02	1.338010e-22	7.726945e-27
2.163508e+02	1.332529e-22	7.695719e-27
2.163708e+02	1.327062e-22	7.664569e-27
2.163908e+02	1.321637e-22	7.633657e-27
2.164108e+02	1.316212e-22	7.602745e-27
2.164308e+02	1.310829e-22	7.572064e-27
2.164508e+02	1.305459e-22	7.541464e-27
2.164708e+02	1.300103e-22	7.510938e-27
2.164908e+02	1.294789e-22	7.480645e-27
2.165108e+02	1.289474e-22	7.450352e-27
2.165308e+02	1.284200e-22	7.420287e-27
2.165508e+02	1.278939e-22	7.390299e-27
2.165708e+02	1.273692e-22	7.360385e-27
2.165908e+02	1.268486e-22	7.330699e-27
2.166108e+02	1.263279e-22	7.301013e-27
2.166308e+02	1.258112e-22	7.271550e-27
2.166508e+02	1.252958e-22	7.242163e-27
2.166708e+02	1.247818e-22	7.212848e-27
2.166908e+02	1.242717e-22	7.183757e-27
2.167108e+02	1.237616e-22	7.154666e-27
2.167308e+02	1.232554e-22	7.125793e-27
2.167508e+02	1.227505e-22	7.096995e-27
2.167708e+02	1.222469e-22	7.068268e-27
2.167908e+02	1.217472e-22	7.039760e-27
2.168108e+02	1.212474e-22	7.011251e-27
2.168308e+02	1.207515e-22	6.982957e-27
2.168508e+02	1.202569e-22	6.954736e-27
2.168708e+02	1.197635e-22	6.926584e-27
2.168908e+02	1.192739e-22	6.898647e-27
2.169108e+02	1.187843e-22	6.870710e-27
2.169308e+02	1.182985e-22	6.842982e-27
2.169508e+02	1.178139e-22	6.815327e-27
2.169708e+02	1.173305e-22	6.787739e-27
2.169908e+02	1.168509e-22	6.760362e-27
2.170109e+02	1.163713e-22	6.732984e-27
2.170309e+02	1.158953e-22	6.705812e-27
2.170509e+02	1.154206e-22	6.678711e-27
2.170709e+02	1.149470e-22	6.651676e-27
2.170909e+02	1.144772e-22	6.624847e-27
2.171109e+02	1.140073e-22	6.598018e-27
2.171309e+02	1.135410e-22	6.571391e-27
2.171509e+02	1.130759e-22	6.544832e-27
2.171709e+02	1.126119e-22	6.518339e-27
2.171909e+02	1.121516e-22	6.492048e-27
2.172109e+02	1.116913e-22	6.465757e-27
2.172309e+02	1.112344e-22	6.439663e-27
2.172509e+02	1.107788e-22	6.413636e-27
2.172709e+02	1.103243e-22	6.387674e-27
2.172909e+02	1.098733e-22	6.361910e-27
2.173109e+02	1.094223e-22	6.336145e-27
2.173309e+02	1.089748e-22	6.310574e-27
2.173509e+02	1.085284e-22	6.285069e-27
2.173709e+02	1.080831e-22	6.259627e-27
2.173909e+02	1.076413e-22	6.234379e-27
2.174109e+02	1.071995e-22	6.209130e-27
2.174309e+02	1.067610e-22	6.184072e-27
2.174509e+02	1.063237e-22	6.159078e-27
2.174709e+02	1.058875e-22	6.134146e-27
2.174909e+02	1.054546e-22	6.109403e-27
2.175109e+02	1.050218e-22	6.084661e-27
2.175309e+02	1.045922e-22	6.060104e-27
2.175509e+02	1.041638e-22	6.035611e-27
2.175709e+02	1.037364e-22	6.011179e-27
2.175909e+02	1.033124e-22	5.986932e-27
2.176109e+02	1.028883e-22	5.962685e-27
2.176309e+02	1.024675e-22	5.938621e-27
2.176509e+02	1.020478e-22	5.914618e-27
2.176709e+02	1.016291e-22	5.890675e-27
2.176909e+02	1.012137e-22	5.866915e-27
2.177109e+02	1.007982e-22	5.843154e-27
2.177309e+02	1.003859e-22	5.819572e-27
2.177509e+02	9.997474e-23	5.796050e-27
2.177709e+02	9.956457e-23	5.772587e-27
2.177909e+02	9.915757e-23	5.749302e-27
2.178109e+02	9.875056e-23	5.726017e-27
2.178309e+02	9.834667e-23	5.702908e-27
2.178509e+02	9.794382e-23	5.679857e-27
2.178709e+02	9.754199e-23	5.656865e-27
2.178909e+02	9.714325e-23	5.634046e-27
2.179109e+02	9.674451e-23	5.611228e-27
2.179309e+02	9.634882e-23	5.588582e-27
2.179509e+02	9.595416e-23	5.565993e-27
2.179709e+02	9.556049e-23	5.543461e-27
2.179909e+02	9.516985e-23	5.521100e-27
2.180109e+02	9.477922e-23	5.498739e-27
2.180309e+02	9.439157e-23	5.476547e-27
2.180509e+02	9.400492e-23	5.454411e-27
2.180709e+02	9.361925e-23	5.432330e-27
2.180909e+02	9.323655e-23	5.410417e-27
2.181109e+02	9.285385e-23	5.388504e-27
2.181309e+02	9.247407e-23	5.366756e-27
2.181509e+02	9.209528e-23	5.345064e-27
2.181709e+02	9.171745e-23	5.323426e-27
2.181909e+02	9.134252e-23	5.301952e-27
2.182109e+02	9.096759e-23	5.280478e-27
2.182309e+02	9.059553e-23	5.259166e-27
2.182509e+02	9.022443e-23	5.237909e-27
2.182709e+02	8.985428e-23	5.216704e-27
2.182909e+02	8.948697e-23	5.195660e-27
2.183109e+02	8.911966e-23	5.174617e-27
2.183309e+02	8.875516e-23	5.153732e-27
2.183509e+02	8.839160e-23	5.132900e-27
2.183709e+02	8.802896e-23	5.112121e-27
2.183909e+02	8.766911e-23	5.091499e-27
2.184109e+02	8.730926e-23	5.070877e-27
2.184309e+02	8.695217e-23	5.050411e-27
2.184509e+02	8.659599e-23	5.029996e-27
2.184709e+02	8.624073e-23	5.009633e-27
2.184909e+02	8.588819e-23	4.989425e-27
2.185109e+02	8.553565e-23	4.969216e-27
2.185309e+02	8.518581e-23	4.949160e-27
2.185509e+02	8.483687e-23	4.929154e-27
2.185709e+02	8.448882e-23	4.909199e-27
2.185909e+02	8.414344e-23	4.889396e-27
2.186109e+02	8.379807e-23	4.869592e-27
2.186309e+02	8.345533e-23	4.849938e-27
2.186509e+02	8.311348e-23	4.830333e-27
2.186709e+02	8.277250e-23	4.810778e-27
2.186909e+02	8.243414e-23	4.791371e-27
2.187109e+02	8.209578e-23	4.771964e-27
2.187309e+02	8.176001e-23	4.752704e-27
2.187509e+02	8.142511e-23	4.733493e-27
2.187709e+02	8.109105e-23	4.714329e-27
2.187909e+02	8.075957e-23	4.695311e-27
2.188109e+02	8.042808e-23	4.676293e-27
2.188309e+02	8.009913e-23	4.657419e-27
2.188509e+02	7.977103e-23	4.638592e-27
2.188709e+02	7.944376e-23	4.619813e-27
2.188909e+02	7.911901e-23	4.601176e-27
2.189109e+02	7.879426e-23	4.582540e-27
2.189309e+02	7.847199e-23	4.564043e-27
2.189509e+02	7.815056e-23	4.545594e-27
2.189709e+02	7.782994e-23	4.527191e-27
2.189909e+02	7.751178e-23	4.508928e-27
2.190110e+02	7.719363e-23	4.490665e-27
2.190310e+02	7.687791e-23	4.472539e-27
2.190510e+02	7.656300e-23	4.454460e-27
2.190710e+02	7.624890e-23	4.436426e-27
2.190910e+02	7.593721e-23	4.418528e-27
2.191110e+02	7.562551e-23	4.400631e-27
2.191310e+02	7.531621e-23	4.382869e-27
2.191510e+02	7.500770e-23	4.365151e-27
2.191710e+02	7.469998e-23	4.347479e-27
2.191910e+02	7.439462e-23	4.329940e-27
2.192110e+02	7.408926e-23	4.312401e-27
2.192310e+02	7.378624e-23	4.294995e-27
2.192510e+02	7.348399e-23	4.277633e-27
2.192710e+02	7.318253e-23	4.260315e-27
2.192910e+02	7.288337e-23	4.243127e-27
2.193110e+02	7.258421e-23	4.225940e-27
2.193310e+02	7.228735e-23	4.208882e-27
2.193510e+02	7.199124e-23	4.191868e-27
2.193710e+02	7.169590e-23	4.174897e-27
2.193910e+02	7.140282e-23	4.158054e-27
2.194110e+02	7.110974e-23	4.141211e-27
2.194310e+02	7.081891e-23	4.124496e-27
2.194510e+02	7.052882e-23	4.107822e-27
2.194710e+02	7.023947e-23	4.091191e-27
2.194910e+02	6.995235e-23	4.074686e-27
2.195110e+02	6.966522e-23	4.058181e-27
2.195310e+02	6.938030e-23	4.041800e-27
2.195510e+02	6.909610e-23	4.025461e-27
2.195710e+02	6.881264e-23	4.009163e-27
2.195910e+02	6.853134e-23	3.992989e-27
2.196110e+02	6.825005e-23	3.976814e-27
2.196310e+02	6.797091e-23	3.960762e-27
2.196510e+02	6.769249e-23	3.944750e-27
2.196710e+02	6.741478e-23	3.928779e-27
2.196910e+02	6.713920e-23	3.912929e-27
2.197110e+02	6.686362e-23	3.897078e-27
2.197310e+02	6.659016e-23	3.881348e-27
2.197510e+02	6.631739e-23	3.865657e-27
2.197710e+02	6.604533e-23	3.850006e-27
2.197910e+02	6.577535e-23	3.834473e-27
2.198110e+02	6.550536e-23	3.818940e-27
2.198310e+02	6.523746e-23	3.803525e-27
2.198510e+02	6.497023e-23	3.788149e-27
2.198710e+02	6.470369e-23	3.772812e-27
2.198910e+02	6.443920e-23	3.757590e-27
2.199110e+02	6.417470e-23	3.742369e-27
2.199310e+02	6.391223e-23	3.727263e-27
2.199510e+02	6.365044e-23	3.712194e-27
2.199710e+02	6.338932e-23	3.697164e-27
2.199910e+02	6.313019e-23	3.682248e-27
2.200110e+02	6.287107e-23	3.667332e-27
2.200310e+02	6.261393e-23	3.652528e-27
2.200510e+02	6.235745e-23	3.637762e-27
2.200710e+02	6.210164e-23	3.623033e-27
2.200910e+02	6.184778e-23	3.608416e-27
2.201110e+02	6.159392e-23	3.593798e-27
2.201310e+02	6.134201e-23	3.579292e-27
2.201510e+02	6.109074e-23	3.564821e-27
2.201710e+02	6.084012e-23	3.550388e-27
2.201910e+02	6.059142e-23	3.536063e-27
2.202110e+02	6.034271e-23	3.521739e-27
2.202310e+02	6.009592e-23	3.507523e-27
2.202510e+02	5.984976e-23	3.493343e-27
2.202710e+02	5.960423e-23	3.479199e-27
2.202910e+02	5.936058e-23	3.465161e-27
2.203110e+02	5.911693e-23	3.451124e-27
2.203310e+02	5.887515e-23	3.437193e-27
2.203510e+02	5.863399e-23	3.423296e-27
2.203710e+02	5.839345e-23	3.409436e-27
2.203910e+02	5.815474e-23	3.395680e-27
2.204110e+02	5.791604e-23	3.381924e-27
2.204310e+02	5.767918e-23	3.368272e-27
2.204510e+02	5.744291e-23	3.354654e-27
2.204710e+02	5.720726e-23	3.341072e-27
2.204910e+02	5.697341e-23	3.327591e-27
2.205110e+02	5.673955e-23	3.314111e-27
2.205310e+02	5.650750e-23	3.300733e-27
2.205510e+02	5.627603e-23	3.287388e-27
2.205710e+02	5.604517e-23	3.274077e-27
2.205910e+02	5.581607e-23	3.260867e-27
2.206110e+02	5.558696e-23	3.247657e-27
2.206310e+02	5.535963e-23	3.234547e-27
2.206510e+02	5.513286e-23	3.221470e-27
2.206710e+02	5.490669e-23	3.208426e-27
2.206910e+02	5.468224e-23	3.195480e-27
2.207110e+02	5.445779e-23	3.182535e-27
2.207310e+02	5.423507e-23	3.169688e-27
2.207510e+02	5.401291e-23	3.156873e-27
2.207710e+02	5.379133e-23	3.144091e-27
2.207910e+02	5.357144e-23	3.131404e-27
2.208110e+02	5.335155e-23	3.118718e-27
2.208310e+02	5.313336e-23	3.106129e-27
2.208510e+02	5.291572e-23	3.093571e-27
2.208710e+02	5.269864e-23	3.081045e-27
2.208910e+02	5.248322e-23	3.068613e-27
2.209110e+02	5.226779e-23	3.056181e-27
2.209310e+02	5.205403e-23	3.043844e-27
2.209510e+02	5.184081e-23	3.031537e-27
2.209710e+02	5.162814e-23	3.019262e-27
2.209910e+02	5.141709e-23	3.007080e-27
2.210111e+02	5.120605e-23	2.994897e-27
2.210311e+02	5.099663e-23	2.982807e-27
2.210511e+02	5.078774e-23	2.970747e-27
2.210711e+02	5.057939e-23	2.958718e-27
2.210911e+02	5.037263e-23	2.946780e-27
2.211111e+02	5.016587e-23	2.934841e-27
2.211311e+02	4.996071e-23	2.922994e-27
2.211511e+02	4.975606e-23	2.911176e-27
2.211711e+02	4.955194e-23	2.899388e-27
2.211911e+02	4.934938e-23	2.887689e-27
2.212111e+02	4.914682e-23	2.875989e-27
2.212311e+02	4.894583e-23	2.864379e-27
2.212511e+02	4.874534e-23	2.852798e-27
2.212711e+02	4.854537e-23	2.841247e-27
2.212911e+02	4.834692e-23	2.829782e-27
2.213111e+02	4.814848e-23	2.818317e-27
2.213311e+02	4.795157e-23	2.806940e-27
2.213511e+02	4.775515e-23	2.795591e-27
2.213711e+02	4.755924e-23	2.784271e-27
2.213911e+02	4.736483e-23	2.773036e-27
2.214111e+02	4.717042e-23	2.761801e-27
2.214311e+02	4.697750e-23	2.750652e-27
2.214511e+02	4.678507e-23	2.739530e-27
2.214711e+02	4.659315e-23	2.728437e-27
2.214911e+02	4.640269e-23	2.717427e-27
2.215111e+02	4.621222e-23	2.706418e-27
2.215311e+02	4.602323e-23	2.695492e-27
2.215511e+02	4.583471e-23	2.684593e-27
2.215711e+02	4.564668e-23	2.673722e-27
2.215911e+02	4.546009e-23	2.662933e-27
2.216111e+02	4.527349e-23	2.652144e-27
2.216311e+02	4.508834e-23	2.641438e-27
2.216511e+02	4.490365e-23	2.630757e-27
2.216711e+02	4.471944e-23	2.620105e-27
2.216911e+02	4.453664e-23	2.609532e-27
2.217111e+02	4.435383e-23	2.598959e-27
2.217311e+02	4.417244e-23	2.588467e-27
2.217511e+02	4.399150e-23	2.578001e-27
2.217711e+02	4.381104e-23	2.567562e-27
2.217911e+02	4.363195e-23	2.557201e-27
2.218111e+02	4.345286e-23	2.546840e-27
2.218311e+02	4.327515e-23	2.536558e-27
2.218511e+02	4.309789e-23	2.526302e-27
2.218711e+02	4.292109e-23	2.516072e-27
2.218911e+02	4.274564e-23	2.505919e-27
2.219111e+02	4.257018e-23	2.495765e-27
2.219311e+02	4.239609e-23	2.485690e-27
2.219511e+02	4.222242e-23	2.475639e-27
2.219711e+02	4.204922e-23	2.465614e-27
2.219911e+02	4.187733e-23	2.455664e-27
2.220111e+02	4.170544e-23	2.445715e-27
2.220311e+02	4.153488e-23	2.435841e-27
2.220511e+02	4.136475e-23	2.425992e-27
2.220711e+02	4.119506e-23	2.416168e-27
2.220911e+02	4.102666e-23	2.406418e-27
2.221111e+02	4.085826e-23	2.396667e-27
2.221311e+02	4.069117e-23	2.386992e-27
2.221511e+02	4.052449e-23	2.377340e-27
2.221711e+02	4.035825e-23	2.367713e-27
2.221911e+02	4.019327e-23	2.358158e-27
2.222111e+02	4.002830e-23	2.348603e-27
2.222311e+02	3.986460e-23	2.339122e-27
2.222511e+02	3.970131e-23	2.329663e-27
2.222711e+02	3.953844e-23	2.320229e-27
2.222911e+02	3.937682e-23	2.310866e-27
2.223111e+02	3.921519e-23	2.301503e-27
2.223311e+02	3.905482e-23	2.292211e-27
2.223511e+02	3.889484e-23	2.282942e-27
2.223711e+02	3.873529e-23	2.273697e-27
2.223911e+02	3.857695e-23	2.264522e-27
2.224111e+02	3.841860e-23	2.255346e-27
2.224311e+02	3.826149e-23	2.246241e-27
2.224511e+02	3.810476e-23	2.237158e-27
2.224711e+02	3.794845e-23	2.228098e-27
2.224911e+02	3.779332e-23	2.219107e-27
2.225111e+02	3.763820e-23	2.210115e-27
2.225311e+02	3.748427e-23	2.201192e-27
2.225511e+02	3.733073e-23	2.192291e-27
2.225711e+02	3.717760e-23	2.183413e-27
2.225911e+02	3.702562e-23	2.174602e-27
2.226111e+02	3.687365e-23	2.165791e-27
2.226311e+02	3.672285e-23	2.157047e-27
2.226511e+02	3.657242e-23	2.148324e-27
2.226711e+02	3.642240e-23	2.139624e-27
2.226911e+02	3.627351e-23	2.130990e-27
2.227111e+02	3.612462e-23	2.122355e-27
2.227311e+02	3.597689e-23	2.113786e-27
2.227511e+02	3.582952e-23	2.105238e-27
2.227711e+02	3.568255e-23	2.096713e-27
2.227911e+02	3.553668e-23	2.088251e-27
2.228111e+02	3.539082e-23	2.079790e-27
2.228311e+02	3.524609e-23	2.071393e-27
2.228511e+02	3.510171e-23	2.063016e-27
2.228711e+02	3.495772e-23	2.054662e-27
2.228911e+02	3.481482e-23	2.046370e-27
2.229111e+02	3.467192e-23	2.038078e-27
2.229311e+02	3.453013e-23	2.029849e-27
2.229511e+02	3.438869e-23	2.021641e-27
2.229711e+02	3.424762e-23	2.013454e-27
2.229911e+02	3.410762e-23	2.005328e-27
2.230112e+02	3.396763e-23	1.997202e-27
2.230312e+02	3.382871e-23	1.989139e-27
2.230512e+02	3.369015e-23	1.981095e-27
2.230712e+02	3.355195e-23	1.973072e-27
2.230912e+02	3.341479e-23	1.965109e-27
2.231112e+02	3.327764e-23	1.957146e-27
2.231312e+02	3.314155e-23	1.949244e-27
2.231512e+02	3.300580e-23	1.941362e-27
2.231712e+02	3.287040e-23	1.933500e-27
2.231912e+02	3.273604e-23	1.925696e-27
2.232112e+02	3.260167e-23	1.917893e-27
2.232312e+02	3.246834e-23	1.910150e-27
2.232512e+02	3.233535e-23	1.902425e-27
2.232712e+02	3.220271e-23	1.894721e-27
2.232912e+02	3.207107e-23	1.887074e-27
2.233112e+02	3.193943e-23	1.879427e-27
2.233312e+02	3.180881e-23	1.871839e-27
2.233512e+02	3.167852e-23	1.864269e-27
2.233712e+02	3.154857e-23	1.856719e-27
2.233912e+02	3.141961e-23	1.849225e-27
2.234112e+02	3.129064e-23	1.841732e-27
2.234312e+02	3.116268e-23	1.834296e-27
2.234512e+02	3.103503e-23	1.826878e-27
2.234712e+02	3.090773e-23	1.819479e-27
2.234912e+02	3.078138e-23	1.812136e-27
2.235112e+02	3.065504e-23	1.804793e-27
2.235312e+02	3.052967e-23	1.797506e-27
2.235512e+02	3.040462e-23	1.790236e-27
2.235712e+02	3.027990e-23	1.782986e-27
2.235912e+02	3.015612e-23	1.775790e-27
2.236112e+02	3.003234e-23	1.768594e-27
2.236312e+02	2.990953e-23	1.761453e-27
2.236512e+02	2.978701e-23	1.754330e-27
2.236712e+02	2.966482e-23	1.747225e-27
2.236912e+02	2.954356e-23	1.740173e-27
2.237112e+02	2.942230e-23	1.733121e-27
2.237312e+02	2.930197e-23	1.726123e-27
2.237512e+02	2.918195e-23	1.719143e-27
2.237712e+02	2.906224e-23	1.712180e-27
2.237912e+02	2.894344e-23	1.705270e-27
2.238112e+02	2.882464e-23	1.698359e-27
2.238312e+02	2.870677e-23	1.691502e-27
2.238512e+02	2.858918e-23	1.684661e-27
2.238712e+02	2.847191e-23	1.677838e-27
2.238912e+02	2.835552e-23	1.671066e-27
2.239112e+02	2.823913e-23	1.664294e-27
2.239312e+02	2.812365e-23	1.657575e-27
2.239512e+02	2.800845e-23	1.650871e-27
2.239712e+02	2.789356e-23	1.644185e-27
2.239912e+02	2.777954e-23	1.637549e-27
2.240112e+02	2.766551e-23	1.630913e-27
2.240312e+02	2.755238e-23	1.624327e-27
2.240512e+02	2.743952e-23	1.617758e-27
2.240712e+02	2.732696e-23	1.611206e-27
2.240912e+02	2.721525e-23	1.604703e-27
2.241112e+02	2.710355e-23	1.598200e-27
2.241312e+02	2.699271e-23	1.591747e-27
2.241512e+02	2.688214e-23	1.585309e-27
2.241712e+02	2.677187e-23	1.578889e-27
2.241912e+02	2.666243e-23	1.572516e-27
2.242112e+02	2.655300e-23	1.566143e-27
2.242312e+02	2.644441e-23	1.559820e-27
2.242512e+02	2.633609e-23	1.553511e-27
2.242712e+02	2.622806e-23	1.547219e-27
2.242912e+02	2.612085e-23	1.540974e-27
2.243112e+02	2.601363e-23	1.534729e-27
2.243312e+02	2.590725e-23	1.528532e-27
2.243512e+02	2.580113e-23	1.522350e-27
2.243712e+02	2.569530e-23	1.516185e-27
2.243912e+02	2.559026e-23	1.510065e-27
2.244112e+02	2.548522e-23	1.503945e-27
2.244312e+02	2.538100e-23	1.497873e-27
2.244512e+02	2.527704e-23	1.491814e-27
2.244712e+02	2.517335e-23	1.485772e-27
2.244912e+02	2.507045e-23	1.479775e-27
2.245112e+02	2.496755e-23	1.473778e-27
2.245312e+02	2.486544e-23	1.467827e-27
2.245512e+02	2.476359e-23	1.461891e-27
2.245712e+02	2.466201e-23	1.455970e-27
2.245912e+02	2.456120e-23	1.450093e-27
2.246112e+02	2.446039e-23	1.444216e-27
2.246312e+02	2.436036e-23	1.438385e-27
2.246512e+02	2.426058e-23	1.432567e-27
2.246712e+02	2.416106e-23	1.426765e-27
2.246912e+02	2.406229e-23	1.421006e-27
2.247112e+02	2.396353e-23	1.415247e-27
2.247312e+02	2.386553e-23	1.409532e-27
2.247512e+02	2.376778e-23	1.403831e-27
2.247712e+02	2.367028e-23	1.398146e-27
2.247912e+02	2.357352e-23	1.392502e-27
2.248112e+02	2.347677e-23	1.386859e-27
2.248312e+02	2.338076e-23	1.381258e-27
2.248512e+02	2.328499e-23	1.375672e-27
2.248712e+02	2.318948e-23	1.370100e-27
2.248912e+02	2.309468e-23	1.364570e-27
2.249112e+02	2.299989e-23	1.359039e-27
2.249312e+02	2.290584e-23	1.353552e-27
2.249512e+02	2.281201e-23	1.348077e-27
2.249712e+02	2.271844e-23	1.342617e-27
2.249912e+02	2.262557e-23	1.337197e-27
2.250113e+02	2.253270e-23	1.331778e-27
2.250313e+02	2.244056e-23	1.326400e-27
2.250513e+02	2.234864e-23	1.321035e-27
2.250713e+02	2.225697e-23	1.315685e-27
2.250913e+02	2.216598e-23	1.310374e-27
2.251113e+02	2.207500e-23	1.305063e-27
2.251313e+02	2.198473e-23	1.299793e-27
2.251513e+02	2.189468e-23	1.294536e-27
2.251713e+02	2.180487e-23	1.289293e-27
2.251913e+02	2.171574e-23	1.284088e-27
2.252113e+02	2.162660e-23	1.278884e-27
2.252313e+02	2.153816e-23	1.273720e-27
2.252513e+02	2.144994e-23	1.268568e-27
2.252713e+02	2.136196e-23	1.263430e-27
2.252913e+02	2.127463e-23	1.258330e-27
2.253113e+02	2.118731e-23	1.253230e-27
2.253313e+02	2.110067e-23	1.248169e-27
2.253513e+02	2.101424e-23	1.243120e-27
2.253713e+02	2.092804e-23	1.238085e-27
2.253913e+02	2.084249e-23	1.233088e-27
2.254113e+02	2.075694e-23	1.228090e-27
2.254313e+02	2.067206e-23	1.223131e-27
2.254513e+02	2.058738e-23	1.218183e-27
2.254713e+02	2.050294e-23	1.213249e-27
2.254913e+02	2.041913e-23	1.208352e-27
2.255113e+02	2.033531e-23	1.203454e-27
2.255313e+02	2.025216e-23	1.198594e-27
2.255513e+02	2.016920e-23	1.193746e-27
2.255713e+02	2.008647e-23	1.188911e-27
2.255913e+02	2.000436e-23	1.184112e-27
2.256113e+02	1.992225e-23	1.179312e-27
2.256313e+02	1.984079e-23	1.174550e-27
2.256513e+02	1.975952e-23	1.169799e-27
2.256713e+02	1.967847e-23	1.165061e-27
2.256913e+02	1.959802e-23	1.160358e-27
2.257113e+02	1.951758e-23	1.155655e-27
2.257313e+02	1.943777e-23	1.150988e-27
2.257513e+02	1.935815e-23	1.146332e-27
2.257713e+02	1.927875e-23	1.141689e-27
2.257913e+02	1.919994e-23	1.137080e-27
2.258113e+02	1.912113e-23	1.132471e-27
2.258313e+02	1.904294e-23	1.127898e-27
2.258513e+02	1.896494e-23	1.123336e-27
2.258713e+02	1.888715e-23	1.118786e-27
2.258913e+02	1.880994e-23	1.114270e-27
2.259113e+02	1.873274e-23	1.109753e-27
2.259313e+02	1.865613e-23	1.105272e-27
2.259513e+02	1.857972e-23	1.100801e-27
2.259713e+02	1.850351e-23	1.096342e-27
2.259913e+02	1.842787e-23	1.091916e-27
2.260113e+02	1.835223e-23	1.087490e-27
2.260313e+02	1.827718e-23	1.083099e-27
2.260513e+02	1.820232e-23	1.078718e-27
2.260713e+02	1.812766e-23	1.074348e-27
2.260913e+02	1.805355e-23	1.070011e-27
2.261113e+02	1.797945e-23	1.065674e-27
2.261313e+02	1.790593e-23	1.061370e-27
2.261513e+02	1.783258e-23	1.057077e-27
2.261713e+02	1.775944e-23	1.052795e-27
2.261913e+02	1.768684e-23	1.048545e-27
2.262113e+02	1.761425e-23	1.044295e-27
2.262313e+02	1.754222e-23	1.040078e-27
2.262513e+02	1.747036e-23	1.035871e-27
2.262713e+02	1.739870e-23	1.031675e-27
2.262913e+02	1.732758e-23	1.027510e-27
2.263113e+02	1.725646e-23	1.023345e-27
2.263313e+02	1.718589e-23	1.019212e-27
2.263513e+02	1.711550e-23	1.015089e-27
2.263713e+02	1.704530e-23	1.010978e-27
2.263913e+02	1.697562e-23	1.006896e-27
2.264113e+02	1.690594e-23	1.002815e-27
2.264313e+02	1.683681e-23	9.987652e-28
2.264513e+02	1.676784e-23	9.947249e-28
2.264713e+02	1.669907e-23	9.906956e-28
2.264913e+02	1.663080e-23	9.866961e-28
2.265113e+02	1.656254e-23	9.826966e-28
2.265313e+02	1.649481e-23	9.787281e-28
2.265513e+02	1.642725e-23	9.747688e-28
2.265713e+02	1.635987e-23	9.708203e-28
2.265913e+02	1.629299e-23	9.669010e-28
2.266113e+02	1.622612e-23	9.629817e-28
2.266313e+02	1.615977e-23	9.590928e-28
2.266513e+02	1.609357e-23	9.552129e-28
2.266713e+02	1.602756e-23	9.513436e-28
2.266913e+02	1.596205e-23	9.475029e-28
2.267113e+02	1.589653e-23	9.436622e-28
2.267313e+02	1.583153e-23	9.398512e-28
2.267513e+02	1.576668e-23	9.360492e-28
2.267713e+02	1.570201e-23	9.322575e-28
2.267913e+02	1.563782e-23	9.284938e-28
2.268113e+02	1.557363e-23	9.247301e-28
2.268313e+02	1.550995e-23	9.209956e-28
2.268513e+02	1.544642e-23	9.172698e-28
2.268713e+02	1.538307e-23	9.135541e-28
2.268913e+02	1.532018e-23	9.098659e-28
2.269113e+02	1.525730e-23	9.061777e-28
2.269313e+02	1.519491e-23	9.025181e-28
2.269513e+02	1.513267e-23	8.988670e-28
2.269713e+02	1.507060e-23	8.952259e-28
2.269913e+02	1.500900e-23	8.916116e-28
2.270114e+02	1.494739e-23	8.879973e-28
2.270314e+02	1.488627e-23	8.844111e-28
2.270514e+02	1.482529e-23	8.808332e-28
2.270714e+02	1.476448e-23	8.772651e-28
2.270914e+02	1.470413e-23	8.737233e-28
2.271114e+02	1.464378e-23	8.701815e-28
2.271314e+02	1.458390e-23	8.666673e-28
2.271514e+02	1.452416e-23	8.631612e-28
2.271714e+02	1.446459e-23	8.596646e-28
2.271914e+02	1.440546e-23	8.561938e-28
2.272114e+02	1.434633e-23	8.527231e-28
2.272314e+02	1.428767e-23	8.492793e-28
2.272514e+02	1.422914e-23	8.458435e-28
2.272714e+02	1.417078e-23	8.424171e-28
2.272914e+02	1.411285e-23	8.390159e-28
2.273114e+02	1.405493e-23	8.356147e-28
2.273314e+02	1.399745e-23	8.322400e-28
2.273514e+02	1.394012e-23	8.288731e-28
2.273714e+02	1.388294e-23	8.255154e-28
2.273914e+02	1.382619e-23	8.221825e-28
2.274114e+02	1.376944e-23	8.188495e-28
2.274314e+02	1.371314e-23	8.155425e-28
2.274514e+02	1.365697e-23	8.122431e-28
2.274714e+02	1.360095e-23	8.089528e-28
2.274914e+02	1.354535e-23	8.056866e-28
2.275114e+02	1.348975e-23	8.024205e-28
2.275314e+02	1.343459e-23	7.991798e-28
2.275514e+02	1.337956e-23	7.959466e-28
2.275714e+02	1.332469e-23	7.927222e-28
2.275914e+02	1.327022e-23	7.895216e-28
2.276114e+02	1.321575e-23	7.863210e-28
2.276314e+02	1.316171e-23	7.831453e-28
2.276514e+02	1.310780e-23	7.799769e-28
2.276714e+02	1.305404e-23	7.768173e-28
2.276914e+02	1.300067e-23	7.736808e-28
2.277114e+02	1.294731e-23	7.705444e-28
2.277314e+02	1.289437e-23	7.674324e-28
2.277514e+02	1.284155e-23	7.643275e-28
2.277714e+02	1.278888e-23	7.612312e-28
2.277914e+02	1.273660e-23	7.581577e-28
2.278114e+02	1.268432e-23	7.550842e-28
2.278314e+02	1.263246e-23	7.520346e-28
2.278514e+02	1.258071e-23	7.489920e-28
2.278714e+02	1.252911e-23	7.459578e-28
2.278914e+02	1.247790e-23	7.429459e-28
2.279114e+02	1.242668e-23	7.399340e-28
2.279314e+02	1.237587e-23	7.369456e-28
2.279514e+02	1.232518e-23	7.339641e-28
2.279714e+02	1.227462e-23	7.309907e-28
2.279914e+02	1.222445e-23	7.280393e-28
2.280114e+02	1.217427e-23	7.250878e-28
2.280314e+02	1.212449e-23	7.221593e-28
2.280514e+02	1.207483e-23	7.192375e-28
2.280714e+02	1.202530e-23	7.163238e-28
2.280914e+02	1.197614e-23	7.134315e-28
2.281114e+02	1.192699e-23	7.105392e-28
2.281314e+02	1.187822e-23	7.076695e-28
2.281514e+02	1.182956e-23	7.048063e-28
2.281714e+02	1.178104e-23	7.019511e-28
2.281914e+02	1.173289e-23	6.991168e-28
2.282114e+02	1.168473e-23	6.962825e-28
2.282314e+02	1.163695e-23	6.934703e-28
2.282514e+02	1.158928e-23	6.906646e-28
2.282714e+02	1.154175e-23	6.878666e-28
2.282914e+02	1.149457e-23	6.850892e-28
2.283114e+02	1.144739e-23	6.823117e-28
2.283314e+02	1.140058e-23	6.795560e-28
2.283514e+02	1.135388e-23	6.768065e-28
2.283714e+02	1.130731e-23	6.740646e-28
2.283914e+02	1.126109e-23	6.713429e-28
2.284114e+02	1.121487e-23	6.686212e-28
2.284314e+02	1.116901e-23	6.659207e-28
2.284514e+02	1.112326e-23	6.632263e-28
2.284714e+02	1.107764e-23	6.605395e-28
2.284914e+02	1.103236e-23	6.578723e-28
2.285114e+02	1.098708e-23	6.552052e-28
2.285314e+02	1.094215e-23	6.525588e-28
2.285514e+02	1.089733e-23	6.499186e-28
2.285714e+02	1.085263e-23	6.472856e-28
2.285914e+02	1.080827e-23	6.446719e-28
2.286114e+02	1.076391e-23	6.420583e-28
2.286314e+02	1.071990e-23	6.394650e-28
2.286514e+02	1.067599e-23	6.368777e-28
2.286714e+02	1.063220e-23	6.342976e-28
2.286914e+02	1.058874e-23	6.317363e-28
2.287114e+02	1.054527e-23	6.291751e-28
2.287314e+02	1.050216e-23	6.266338e-28
2.287514e+02	1.045914e-23	6.240984e-28
2.287714e+02	1.041624e-23	6.215700e-28
2.287914e+02	1.037366e-23	6.190602e-28
2.288114e+02	1.033108e-23	6.165503e-28
2.288314e+02	1.028884e-23	6.140600e-28
2.288514e+02	1.024669e-23	6.115755e-28
2.288714e+02	1.020467e-23	6.090978e-28
2.288914e+02	1.016295e-23	6.066382e-28
2.289114e+02	1.012124e-23	6.041787e-28
2.289314e+02	1.007985e-23	6.017384e-28
2.289514e+02	1.003856e-23	5.993037e-28
2.289714e+02	9.997392e-24	5.968757e-28
2.289914e+02	9.956525e-24	5.944655e-28
2.290115e+02	9.915658e-24	5.920553e-28
2.290315e+02	9.875114e-24	5.896639e-28
2.290515e+02	9.834664e-24	5.872780e-28
2.290715e+02	9.794328e-24	5.848988e-28
2.290915e+02	9.754291e-24	5.825369e-28
2.291115e+02	9.714254e-24	5.801750e-28
2.291315e+02	9.674534e-24	5.778317e-28
2.291515e+02	9.634905e-24	5.754936e-28
2.291715e+02	9.595389e-24	5.731621e-28
2.291915e+02	9.556165e-24	5.708476e-28
2.292115e+02	9.516941e-24	5.685331e-28
2.292315e+02	9.478028e-24	5.662367e-28
2.292515e+02	9.439204e-24	5.639456e-28
2.292715e+02	9.400490e-24	5.616608e-28
2.292915e+02	9.362063e-24	5.593927e-28
2.293115e+02	9.323636e-24	5.571247e-28
2.293315e+02	9.285513e-24	5.548743e-28
2.293515e+02	9.247478e-24	5.526291e-28
2.293715e+02	9.209551e-24	5.503902e-28
2.293915e+02	9.171904e-24	5.481676e-28
2.294115e+02	9.134257e-24	5.459451e-28
2.294315e+02	9.096909e-24	5.437399e-28
2.294515e+02	9.059647e-24	5.415397e-28
2.294715e+02	9.022490e-24	5.393457e-28
2.294915e+02	8.985608e-24	5.371677e-28
2.295115e+02	8.948726e-24	5.349897e-28
2.295315e+02	8.912136e-24	5.328288e-28
2.295515e+02	8.875631e-24	5.306727e-28
2.295715e+02	8.839228e-24	5.285227e-28
2.295915e+02	8.803096e-24	5.263884e-28
2.296115e+02	8.766963e-24	5.242541e-28
2.296315e+02	8.731117e-24	5.221365e-28
2.296515e+02	8.695353e-24	5.200237e-28
2.296715e+02	8.659690e-24	5.179168e-28
2.296915e+02	8.624291e-24	5.158253e-28
2.297115e+02	8.588892e-24	5.137339e-28
2.297315e+02	8.553774e-24	5.116587e-28
2.297515e+02	8.518736e-24	5.095883e-28
2.297715e+02	8.483798e-24	5.075237e-28
2.297915e+02	8.449118e-24	5.054742e-28
2.298115e+02	8.414438e-24	5.034246e-28
2.298315e+02	8.380033e-24	5.013912e-28
2.298515e+02	8.345708e-24	4.993623e-28
2.298715e+02	8.311479e-24	4.973391e-28
2.298915e+02	8.277503e-24	4.953306e-28
2.299115e+02	8.243528e-24	4.933222e-28
2.299315e+02	8.209822e-24	4.913295e-28
2.299515e+02	8.176193e-24	4.893413e-28
2.299715e+02	8.142660e-24	4.873587e-28
2.299915e+02	8.109375e-24	4.853906e-28
2.300115e+02	8.076089e-24	4.834224e-28
2.300315e+02	8.043068e-24	4.814697e-28
2.300515e+02	8.010123e-24	4.795214e-28
2.300715e+02	7.977271e-24	4.775786e-28
2.300915e+02	7.944661e-24	4.756499e-28
2.301115e+02	7.912052e-24	4.737212e-28
2.301315e+02	7.879702e-24	4.718077e-28
2.301515e+02	7.847425e-24	4.698985e-28
2.301715e+02	7.815240e-24	4.679946e-28
2.301915e+02	7.783293e-24	4.661046e-28
2.302115e+02	7.751346e-24	4.642147e-28
2.302315e+02	7.719653e-24	4.623395e-28
2.302515e+02	7.688032e-24	4.604686e-28
2.302715e+02	7.656502e-24	4.586029e-28
2.302915e+02	7.625203e-24	4.567508e-28
2.303115e+02	7.593905e-24	4.548988e-28
2.303315e+02	7.562856e-24	4.530612e-28
2.303515e+02	7.531877e-24	4.512278e-28
2.303715e+02	7.500987e-24	4.493996e-28
2.303915e+02	7.470325e-24	4.475847e-28
2.304115e+02	7.439662e-24	4.457698e-28
2.304315e+02	7.409244e-24	4.439691e-28
2.304515e+02	7.378894e-24	4.421725e-28
2.304715e+02	7.348631e-24	4.403809e-28
2.304915e+02	7.318592e-24	4.386024e-28
2.305115e+02	7.288552e-24	4.368239e-28
2.305315e+02	7.258752e-24	4.350594e-28
2.305515e+02	7.229019e-24	4.332988e-28
2.305715e+02	7.199371e-24	4.315432e-28
2.305915e+02	7.169941e-24	4.298003e-28
2.306115e+02	7.140512e-24	4.280575e-28
2.306315e+02	7.111316e-24	4.263284e-28
2.306515e+02	7.082187e-24	4.246031e-28
2.306715e+02	7.053142e-24	4.228827e-28
2.306915e+02	7.024310e-24	4.211748e-28
2.307115e+02	6.995478e-24	4.194669e-28
2.307315e+02	6.966876e-24	4.177725e-28
2.307515e+02	6.938339e-24	4.160818e-28
2.307715e+02	6.909883e-24	4.143959e-28
2.307915e+02	6.881637e-24	4.127223e-28
2.308115e+02	6.853391e-24	4.110487e-28
2.308315e+02	6.825370e-24	4.093883e-28
2.308515e+02	6.797412e-24	4.077315e-28
2.308715e+02	6.769534e-24	4.060795e-28
2.308915e+02	6.741862e-24	4.044394e-28
2.309115e+02	6.714189e-24	4.027994e-28
2.309315e+02	6.686737e-24	4.011722e-28
2.309515e+02	6.659348e-24	3.995487e-28
2.309715e+02	6.632036e-24	3.979298e-28
2.309915e+02	6.604926e-24	3.963227e-28
2.310116e+02	6.577815e-24	3.947155e-28
2.310316e+02	6.550921e-24	3.931210e-28
2.310516e+02	6.524088e-24	3.915301e-28
2.310716e+02	6.497331e-24	3.899437e-28
2.310916e+02	6.470771e-24	3.883688e-28
2.311116e+02	6.444212e-24	3.867939e-28
2.311316e+02	6.417864e-24	3.852314e-28
2.311516e+02	6.391575e-24	3.836723e-28
2.311716e+02	6.365362e-24	3.821177e-28
2.311916e+02	6.339342e-24	3.805744e-28
2.312116e+02	6.313322e-24	3.790311e-28
2.312316e+02	6.287509e-24	3.775000e-28
2.312516e+02	6.261754e-24	3.759722e-28
2.312716e+02	6.236074e-24	3.744488e-28
2.312916e+02	6.210582e-24	3.729364e-28
2.313116e+02	6.185090e-24	3.714241e-28
2.313316e+02	6.159802e-24	3.699237e-28
2.313516e+02	6.134571e-24	3.684266e-28
2.313716e+02	6.109412e-24	3.669337e-28
2.313916e+02	6.084438e-24	3.654517e-28
2.314116e+02	6.059464e-24	3.639697e-28
2.314316e+02	6.034689e-24	3.624994e-28
2.314516e+02	6.009970e-24	3.610323e-28
2.314716e+02	5.985322e-24	3.595694e-28
2.314916e+02	5.960856e-24	3.581171e-28
2.315116e+02	5.936389e-24	3.566648e-28
2.315316e+02	5.912117e-24	3.552240e-28
2.315516e+02	5.887901e-24	3.537864e-28
2.315716e+02	5.863753e-24	3.523528e-28
2.315916e+02	5.839784e-24	3.509297e-28
2.316116e+02	5.815814e-24	3.495065e-28
2.316316e+02	5.792036e-24	3.480946e-28
2.316516e+02	5.768311e-24	3.466858e-28
2.316716e+02	5.744654e-24	3.452810e-28
2.316916e+02	5.721171e-24	3.438864e-28
2.317116e+02	5.697688e-24	3.424919e-28
2.317316e+02	5.674393e-24	3.411083e-28
2.317516e+02	5.651150e-24	3.397277e-28
2.317716e+02	5.627973e-24	3.383511e-28
2.317916e+02	5.604968e-24	3.369845e-28
2.318116e+02	5.581962e-24	3.356179e-28
2.318316e+02	5.559140e-24	3.342621e-28
2.318516e+02	5.536369e-24	3.329092e-28
2.318716e+02	5.513663e-24	3.315602e-28
2.318916e+02	5.491125e-24	3.302210e-28
2.319116e+02	5.468586e-24	3.288818e-28
2.319316e+02	5.446227e-24	3.275532e-28
2.319516e+02	5.423919e-24	3.262275e-28
2.319716e+02	5.401675e-24	3.249056e-28
2.319916e+02	5.379594e-24	3.235933e-28
2.320116e+02	5.357513e-24	3.222809e-28
2.320316e+02	5.335609e-24	3.209790e-28
2.320516e+02	5.313753e-24	3.196799e-28
2.320716e+02	5.291961e-24	3.183845e-28
2.320916e+02	5.270329e-24	3.170985e-28
2.321116e+02	5.248696e-24	3.158125e-28
2.321316e+02	5.227237e-24	3.145366e-28
2.321516e+02	5.205826e-24	3.132636e-28
2.321716e+02	5.184476e-24	3.119942e-28
2.321916e+02	5.163283e-24	3.107340e-28
2.322116e+02	5.142090e-24	3.094738e-28
2.322316e+02	5.121067e-24	3.082235e-28
2.322516e+02	5.100090e-24	3.069760e-28
2.322716e+02	5.079174e-24	3.057321e-28
2.322916e+02	5.058411e-24	3.044972e-28
2.323116e+02	5.037649e-24	3.032623e-28
2.323316e+02	5.017053e-24	3.020371e-28
2.323516e+02	4.996502e-24	3.008146e-28
2.323716e+02	4.976011e-24	2.995957e-28
2.323916e+02	4.955670e-24	2.983855e-28
2.324116e+02	4.935329e-24	2.971754e-28
2.324316e+02	4.915151e-24	2.959748e-28
2.324516e+02	4.895018e-24	2.947769e-28
2.324716e+02	4.874943e-24	2.935824e-28
2.324916e+02	4.855016e-24	2.923965e-28
2.325116e+02	4.835088e-24	2.912106e-28
2.325316e+02	4.815320e-24	2.900341e-28
2.325516e+02	4.795596e-24	2.888602e-28
2.325716e+02	4.775929e-24	2.876897e-28
2.325916e+02	4.756406e-24	2.865276e-28
2.326116e+02	4.736883e-24	2.853655e-28
2.326316e+02	4.717516e-24	2.842127e-28
2.326516e+02	4.698193e-24	2.830623e-28
2.326716e+02	4.678925e-24	2.819152e-28
2.326916e+02	4.659799e-24	2.807765e-28
2.327116e+02	4.640672e-24	2.796377e-28
2.327316e+02	4.621699e-24	2.785080e-28
2.327516e+02	4.602768e-24	2.773807e-28
2.327716e+02	4.583892e-24	2.762567e-28
2.327916e+02	4.565154e-24	2.751408e-28
2.328116e+02	4.546416e-24	2.740248e-28
2.328316e+02	4.527829e-24	2.729178e-28
2.328516e+02	4.509282e-24	2.718131e-28
2.328716e+02	4.490789e-24	2.707116e-28
2.328916e+02	4.472432e-24	2.696181e-28
2.329116e+02	4.454075e-24	2.685246e-28
2.329316e+02	4.435864e-24	2.674397e-28
2.329516e+02	4.417694e-24	2.663572e-28
2.329716e+02	4.399577e-24	2.652778e-28
2.329916e+02	4.381593e-24	2.642063e-28
2.330117e+02	4.363609e-24	2.631347e-28
2.330317e+02	4.345768e-24	2.620716e-28
2.330517e+02	4.327967e-24	2.610108e-28
2.330717e+02	4.310218e-24	2.599531e-28
2.330917e+02	4.292599e-24	2.589030e-28
2.331117e+02	4.274980e-24	2.578529e-28
2.331317e+02	4.257502e-24	2.568112e-28
2.331517e+02	4.240063e-24	2.557717e-28
2.331717e+02	4.222674e-24	2.547352e-28
2.331917e+02	4.205413e-24	2.537061e-28
2.332117e+02	4.188152e-24	2.526771e-28
2.332317e+02	4.171029e-24	2.516563e-28
2.332517e+02	4.153944e-24	2.506376e-28
2.332717e+02	4.136909e-24	2.496219e-28
2.332917e+02	4.119998e-24	2.486136e-28
2.333117e+02	4.103087e-24	2.476052e-28
2.333317e+02	4.086312e-24	2.466048e-28
2.333517e+02	4.069574e-24	2.456066e-28
2.333717e+02	4.052885e-24	2.446113e-28
2.333917e+02	4.036318e-24	2.436232e-28
2.334117e+02	4.019750e-24	2.426350e-28
2.334317e+02	4.003316e-24	2.416547e-28
2.334517e+02	3.986918e-24	2.406766e-28
2.334717e+02	3.970568e-24	2.397012e-28
2.334917e+02	3.954337e-24	2.387329e-28
2.335117e+02	3.938106e-24	2.377646e-28
2.335317e+02	3.922006e-24	2.368040e-28
2.335517e+02	3.905941e-24	2.358454e-28
2.335717e+02	3.889923e-24	2.348897e-28
2.335917e+02	3.874022e-24	2.339408e-28
2.336117e+02	3.858120e-24	2.329919e-28
2.336317e+02	3.842347e-24	2.320506e-28
2.336517e+02	3.826608e-24	2.311112e-28
2.336717e+02	3.810916e-24	2.301747e-28
2.336917e+02	3.795337e-24	2.292448e-28
2.337117e+02	3.779759e-24	2.283150e-28
2.337317e+02	3.764306e-24	2.273925e-28
2.337517e+02	3.748887e-24	2.264720e-28
2.337717e+02	3.733513e-24	2.255543e-28
2.337917e+02	3.718252e-24	2.246431e-28
2.338117e+02	3.702990e-24	2.237319e-28
2.338317e+02	3.687851e-24	2.228279e-28
2.338517e+02	3.672745e-24	2.219259e-28
2.338717e+02	3.657683e-24	2.210266e-28
2.338917e+02	3.642731e-24	2.201337e-28
2.339117e+02	3.627780e-24	2.192408e-28
2.339317e+02	3.612948e-24	2.183549e-28
2.339517e+02	3.598149e-24	2.174711e-28
2.339717e+02	3.583393e-24	2.165897e-28
2.339917e+02	3.568745e-24	2.157147e-28
2.340117e+02	3.554097e-24	2.148398e-28
2.340317e+02	3.539567e-24	2.139717e-28
2.340517e+02	3.525068e-24	2.131056e-28
2.340717e+02	3.510612e-24	2.122419e-28
2.340917e+02	3.496262e-24	2.113845e-28
2.341117e+02	3.481911e-24	2.105271e-28
2.341317e+02	3.467676e-24	2.096764e-28
2.341517e+02	3.453472e-24	2.088277e-28
2.341717e+02	3.439310e-24	2.079814e-28
2.341917e+02	3.425251e-24	2.071411e-28
2.342117e+02	3.411192e-24	2.063009e-28
2.342317e+02	3.397246e-24	2.054674e-28
2.342517e+02	3.383330e-24	2.046356e-28
2.342717e+02	3.369456e-24	2.038063e-28
2.342917e+02	3.355682e-24	2.029829e-28
2.343117e+02	3.341908e-24	2.021596e-28
2.343317e+02	3.328246e-24	2.013427e-28
2.343517e+02	3.314613e-24	2.005277e-28
2.343717e+02	3.301020e-24	1.997150e-28
2.343917e+02	3.287526e-24	1.989082e-28
2.344117e+02	3.274032e-24	1.981013e-28
2.344317e+02	3.260647e-24	1.973009e-28
2.344517e+02	3.247291e-24	1.965022e-28
2.344717e+02	3.233975e-24	1.957058e-28
2.344917e+02	3.220755e-24	1.949152e-28
2.345117e+02	3.207535e-24	1.941245e-28
2.345317e+02	3.194422e-24	1.933401e-28
2.345517e+02	3.181337e-24	1.925575e-28
2.345717e+02	3.168291e-24	1.917771e-28
2.345917e+02	3.155340e-24	1.910023e-28
2.346117e+02	3.142389e-24	1.902275e-28
2.346317e+02	3.129542e-24	1.894589e-28
2.346517e+02	3.116723e-24	1.886919e-28
2.346717e+02	3.103942e-24	1.879272e-28
2.346917e+02	3.091253e-24	1.871679e-28
2.347117e+02	3.078565e-24	1.864087e-28
2.347317e+02	3.065979e-24	1.856555e-28
2.347517e+02	3.053421e-24	1.849039e-28
2.347717e+02	3.040899e-24	1.841545e-28
2.347917e+02	3.028469e-24	1.834105e-28
2.348117e+02	3.016038e-24	1.826665e-28
2.348317e+02	3.003708e-24	1.819285e-28
2.348517e+02	2.991404e-24	1.811920e-28
2.348717e+02	2.979137e-24	1.804576e-28
2.348917e+02	2.966959e-24	1.797285e-28
2.349117e+02	2.954781e-24	1.789995e-28
2.349317e+02	2.942701e-24	1.782762e-28
2.349517e+02	2.930648e-24	1.775545e-28
2.349717e+02	2.918630e-24	1.768349e-28
2.349917e+02	2.906699e-24	1.761204e-28
2.350118e+02	2.894768e-24	1.754060e-28
2.350318e+02	2.882934e-24	1.746972e-28
2.350518e+02	2.871125e-24	1.739900e-28
2.350718e+02	2.859351e-24	1.732848e-28
2.350918e+02	2.847663e-24	1.725847e-28
2.351118e+02	2.835974e-24	1.718846e-28
2.351318e+02	2.824380e-24	1.711901e-28
2.351518e+02	2.812811e-24	1.704970e-28
2.351718e+02	2.801277e-24	1.698060e-28
2.351918e+02	2.789826e-24	1.691200e-28
2.352118e+02	2.778375e-24	1.684339e-28
2.352318e+02	2.767016e-24	1.677533e-28
2.352518e+02	2.755682e-24	1.670742e-28
2.352718e+02	2.744382e-24	1.663970e-28
2.352918e+02	2.733163e-24	1.657247e-28
2.353118e+02	2.721945e-24	1.650525e-28
2.353318e+02	2.710817e-24	1.643855e-28
2.353518e+02	2.699713e-24	1.637200e-28
2.353718e+02	2.688642e-24	1.630565e-28
2.353918e+02	2.677652e-24	1.623977e-28
2.354118e+02	2.666661e-24	1.617389e-28
2.354318e+02	2.655760e-24	1.610853e-28
2.354518e+02	2.644881e-24	1.604332e-28
2.354718e+02	2.634035e-24	1.597829e-28
2.354918e+02	2.623268e-24	1.591374e-28
2.355118e+02	2.612501e-24	1.584918e-28
2.355318e+02	2.601820e-24	1.578513e-28
2.355518e+02	2.591163e-24	1.572123e-28
2.355718e+02	2.580537e-24	1.565751e-28
2.355918e+02	2.569989e-24	1.559425e-28
2.356118e+02	2.559440e-24	1.553098e-28
2.356318e+02	2.548977e-24	1.546823e-28
2.356518e+02	2.538536e-24	1.540560e-28
2.356718e+02	2.528126e-24	1.534316e-28
2.356918e+02	2.517792e-24	1.528117e-28
2.357118e+02	2.507457e-24	1.521918e-28
2.357318e+02	2.497206e-24	1.515768e-28
2.357518e+02	2.486977e-24	1.509631e-28
2.357718e+02	2.476779e-24	1.503513e-28
2.357918e+02	2.466655e-24	1.497438e-28
2.358118e+02	2.456530e-24	1.491363e-28
2.358318e+02	2.446487e-24	1.485337e-28
2.358518e+02	2.436466e-24	1.479323e-28
2.358718e+02	2.426475e-24	1.473327e-28
2.358918e+02	2.416556e-24	1.467374e-28
2.359118e+02	2.406637e-24	1.461421e-28
2.359318e+02	2.396799e-24	1.455516e-28
2.359518e+02	2.386981e-24	1.449623e-28
2.359718e+02	2.377193e-24	1.443747e-28
2.359918e+02	2.367476e-24	1.437914e-28
2.360118e+02	2.357758e-24	1.432080e-28
2.360318e+02	2.348119e-24	1.426293e-28
2.360518e+02	2.338501e-24	1.420519e-28
2.360718e+02	2.328912e-24	1.414761e-28
2.360918e+02	2.319392e-24	1.409045e-28
2.361118e+02	2.309872e-24	1.403328e-28
2.361318e+02	2.300429e-24	1.397658e-28
2.361518e+02	2.291006e-24	1.391999e-28
2.361718e+02	2.281611e-24	1.386357e-28
2.361918e+02	2.272285e-24	1.380755e-28
2.362118e+02	2.262958e-24	1.375153e-28
2.362318e+02	2.253707e-24	1.369597e-28
2.362518e+02	2.244475e-24	1.364051e-28
2.362718e+02	2.235271e-24	1.358523e-28
2.362918e+02	2.226134e-24	1.353033e-28
2.363118e+02	2.216997e-24	1.347544e-28
2.363318e+02	2.207934e-24	1.342099e-28
2.363518e+02	2.198890e-24	1.336665e-28
2.363718e+02	2.189873e-24	1.331247e-28
2.363918e+02	2.180921e-24	1.325868e-28
2.364118e+02	2.171969e-24	1.320489e-28
2.364318e+02	2.163090e-24	1.315153e-28
2.364518e+02	2.154230e-24	1.309828e-28
2.364718e+02	2.145396e-24	1.304519e-28
2.364918e+02	2.136626e-24	1.299248e-28
2.365118e+02	2.127857e-24	1.293976e-28
2.365318e+02	2.119158e-24	1.288747e-28
2.365518e+02	2.110477e-24	1.283529e-28
2.365718e+02	2.101823e-24	1.278327e-28
2.365918e+02	2.093231e-24	1.273162e-28
2.366118e+02	2.084640e-24	1.267996e-28
2.366318e+02	2.076118e-24	1.262872e-28
2.366518e+02	2.067614e-24	1.257759e-28
2.366718e+02	2.059135e-24	1.252661e-28
2.366918e+02	2.050718e-24	1.247599e-28
2.367118e+02	2.042301e-24	1.242537e-28
2.367318e+02	2.033952e-24	1.237516e-28
2.367518e+02	2.025620e-24	1.232506e-28
2.367718e+02	2.017314e-24	1.227510e-28
2.367918e+02	2.009068e-24	1.222550e-28
2.368118e+02	2.000821e-24	1.217590e-28
2.368318e+02	1.992642e-24	1.212669e-28
2.368518e+02	1.984480e-24	1.207759e-28
2.368718e+02	1.976342e-24	1.202864e-28
2.368918e+02	1.968264e-24	1.198003e-28
2.369118e+02	1.960185e-24	1.193143e-28
2.369318e+02	1.952171e-24	1.188321e-28
2.369518e+02	1.944175e-24	1.183509e-28
2.369718e+02	1.936203e-24	1.178712e-28
2.369918e+02	1.928288e-24	1.173949e-28
2.370119e+02	1.920373e-24	1.169186e-28
2.370319e+02	1.912523e-24	1.164461e-28
2.370519e+02	1.904689e-24	1.159746e-28
2.370719e+02	1.896879e-24	1.155045e-28
2.370919e+02	1.889125e-24	1.150378e-28
2.371119e+02	1.881371e-24	1.145711e-28
2.371319e+02	1.873680e-24	1.141081e-28
2.371519e+02	1.866005e-24	1.136460e-28
2.371719e+02	1.858353e-24	1.131854e-28
2.371919e+02	1.850757e-24	1.127280e-28
2.372119e+02	1.843160e-24	1.122706e-28
2.372319e+02	1.835625e-24	1.118169e-28
2.372519e+02	1.828106e-24	1.113642e-28
2.372719e+02	1.820610e-24	1.109128e-28
2.372919e+02	1.813168e-24	1.104646e-28
2.373119e+02	1.805726e-24	1.100164e-28
2.373319e+02	1.798344e-24	1.095718e-28
2.373519e+02	1.790978e-24	1.091281e-28
2.373719e+02	1.783634e-24	1.086857e-28
2.373919e+02	1.776343e-24	1.082465e-28
2.374119e+02	1.769052e-24	1.078073e-28
2.374319e+02	1.761820e-24	1.073717e-28
2.374519e+02	1.754603e-24	1.069369e-28
2.374719e+02	1.747408e-24	1.065034e-28
2.374919e+02	1.740265e-24	1.060730e-28
2.375119e+02	1.733122e-24	1.056427e-28
2.375319e+02	1.726038e-24	1.052157e-28
2.375519e+02	1.718967e-24	1.047897e-28
2.375719e+02	1.711919e-24	1.043649e-28
2.375919e+02	1.704921e-24	1.039432e-28
2.376119e+02	1.697923e-24	1.035214e-28
2.376319e+02	1.690982e-24	1.031031e-28
2.376519e+02	1.684056e-24	1.026856e-28
2.376719e+02	1.677150e-24	1.022693e-28
2.376919e+02	1.670294e-24	1.018561e-28
2.377119e+02	1.663438e-24	1.014428e-28
2.377319e+02	1.656638e-24	1.010328e-28
2.377519e+02	1.649853e-24	1.006237e-28
2.377719e+02	1.643087e-24	1.002158e-28
2.377919e+02	1.636371e-24	9.981084e-29
2.378119e+02	1.629654e-24	9.940585e-29
2.378319e+02	1.622993e-24	9.900412e-29
2.378519e+02	1.616345e-24	9.860322e-29
2.378719e+02	1.609717e-24	9.820352e-29
2.378919e+02	1.603137e-24	9.780667e-29
2.379119e+02	1.596556e-24	9.740981e-29
2.379319e+02	1.590030e-24	9.701614e-29
2.379519e+02	1.583517e-24	9.662329e-29
2.379719e+02	1.577024e-24	9.623161e-29
2.379919e+02	1.570577e-24	9.584272e-29
2.380119e+02	1.564131e-24	9.545383e-29
2.380319e+02	1.557737e-24	9.506807e-29
2.380519e+02	1.551356e-24	9.468310e-29
2.380719e+02	1.544995e-24	9.429929e-29
2.380919e+02	1.538679e-24	9.391820e-29
2.381119e+02	1.532364e-24	9.353711e-29
2.381319e+02	1.526100e-24	9.315910e-29
2.381519e+02	1.519848e-24	9.278185e-29
2.381719e+02	1.513616e-24	9.240575e-29
2.381919e+02	1.507429e-24	9.203231e-29
2.382119e+02	1.501242e-24	9.165887e-29
2.382319e+02	1.495105e-24	9.128844e-29
2.382519e+02	1.488981e-24	9.091877e-29
2.382719e+02	1.482875e-24	9.055021e-29
2.382919e+02	1.476814e-24	9.018427e-29
2.383119e+02	1.470752e-24	8.981833e-29
2.383319e+02	1.464740e-24	8.945534e-29
2.383519e+02	1.458740e-24	8.909309e-29
2.383719e+02	1.452759e-24	8.873193e-29
2.383919e+02	1.446820e-24	8.837333e-29
2.384119e+02	1.440882e-24	8.801474e-29
2.384319e+02	1.434991e-24	8.765903e-29
2.384519e+02	1.429114e-24	8.730405e-29
2.384719e+02	1.423254e-24	8.695014e-29
2.384919e+02	1.417436e-24	8.659874e-29
2.385119e+02	1.411618e-24	8.624734e-29
2.385319e+02	1.405847e-24	8.589878e-29
2.385519e+02	1.400089e-24	8.555093e-29
2.385719e+02	1.394348e-24	8.520412e-29
2.385919e+02	1.388648e-24	8.485978e-29
2.386119e+02	1.382948e-24	8.451543e-29
2.386319e+02	1.377295e-24	8.417386e-29
2.386519e+02	1.371653e-24	8.383299e-29
2.386719e+02	1.366029e-24	8.349315e-29
2.386919e+02	1.360445e-24	8.315572e-29
2.387119e+02	1.354861e-24	8.281828e-29
2.387319e+02	1.349323e-24	8.248357e-29
2.387519e+02	1.343796e-24	8.214954e-29
2.387719e+02	1.338286e-24	8.181652e-29
2.387919e+02	1.332815e-24	8.148586e-29
2.388119e+02	1.327344e-24	8.115520e-29
2.388319e+02	1.321919e-24	8.082721e-29
2.388519e+02	1.316504e-24	8.049989e-29
2.388719e+02	1.311106e-24	8.017355e-29
2.388919e+02	1.305746e-24	7.984953e-29
2.389119e+02	1.300387e-24	7.952551e-29
2.389319e+02	1.295071e-24	7.920410e-29
2.389519e+02	1.289766e-24	7.888335e-29
2.389719e+02	1.284478e-24	7.856357e-29
2.389919e+02	1.279227e-24	7.824605e-29
2.390120e+02	1.273976e-24	7.792853e-29
2.390320e+02	1.268769e-24	7.761357e-29
2.390520e+02	1.263572e-24	7.729926e-29
2.390720e+02	1.258391e-24	7.698590e-29
2.390920e+02	1.253247e-24	7.667475e-29
2.391120e+02	1.248103e-24	7.636361e-29
2.391320e+02	1.243001e-24	7.605498e-29
2.391520e+02	1.237909e-24	7.574697e-29
2.391720e+02	1.232833e-24	7.543990e-29
2.391920e+02	1.227794e-24	7.513500e-29
2.392120e+02	1.222754e-24	7.483010e-29
2.392320e+02	1.217756e-24	7.452766e-29
2.392520e+02	1.212768e-24	7.422584e-29
2.392720e+02	1.207795e-24	7.392493e-29
2.392920e+02	1.202858e-24	7.362616e-29
2.393120e+02	1.197921e-24	7.332738e-29
2.393320e+02	1.193024e-24	7.303101e-29
2.393520e+02	1.188137e-24	7.273525e-29
2.393720e+02	1.183265e-24	7.244038e-29
2.393920e+02	1.178429e-24	7.214760e-29
2.394120e+02	1.173592e-24	7.185482e-29
2.394320e+02	1.168794e-24	7.156441e-29
2.394520e+02	1.164007e-24	7.127458e-29
2.394720e+02	1.159234e-24	7.098563e-29
2.394920e+02	1.154495e-24	7.069873e-29
2.395120e+02	1.149757e-24	7.041182e-29
2.395320e+02	1.145057e-24	7.012724e-29
2.395520e+02	1.140366e-24	6.984323e-29
2.395720e+02	1.135691e-24	6.956009e-29
2.395920e+02	1.131048e-24	6.927894e-29
2.396120e+02	1.126406e-24	6.899780e-29
2.396320e+02	1.121801e-24	6.871893e-29
2.396520e+02	1.117206e-24	6.844062e-29
2.396720e+02	1.112625e-24	6.816316e-29
2.396920e+02	1.108077e-24	6.788766e-29
2.397120e+02	1.103529e-24	6.761216e-29
2.397320e+02	1.099018e-24	6.733889e-29
2.397520e+02	1.094516e-24	6.706617e-29
2.397720e+02	1.090029e-24	6.679428e-29
2.397920e+02	1.085573e-24	6.652431e-29
2.398120e+02	1.081117e-24	6.625433e-29
2.398320e+02	1.076698e-24	6.598655e-29
2.398520e+02	1.072288e-24	6.571930e-29
2.398720e+02	1.067891e-24	6.545287e-29
2.398920e+02	1.063526e-24	6.518832e-29
2.399120e+02	1.059160e-24	6.492377e-29
2.399320e+02	1.054831e-24	6.466136e-29
2.399520e+02	1.050510e-24	6.439948e-29
2.399720e+02	1.046203e-24	6.413840e-29
2.399920e+02	1.041926e-24	6.387916e-29
2.400120e+02	1.037649e-24	6.361992e-29
2.400320e+02	1.033408e-24	6.336278e-29
2.400520e+02	1.029175e-24	6.310615e-29
2.400720e+02	1.024955e-24	6.285031e-29
2.400920e+02	1.020765e-24	6.259628e-29
2.401120e+02	1.016576e-24	6.234224e-29
2.401320e+02	1.012420e-24	6.209026e-29
2.401520e+02	1.008273e-24	6.183879e-29
2.401720e+02	1.004139e-24	6.158809e-29
2.401920e+02	1.000034e-24	6.133915e-29
2.402120e+02	9.959296e-25	6.109022e-29
2.402320e+02	9.918586e-25	6.084330e-29
2.402520e+02	9.877958e-25	6.059687e-29
2.402720e+02	9.837456e-25	6.035120e-29
2.402920e+02	9.797243e-25	6.010726e-29
2.403120e+02	9.757030e-25	5.986333e-29
2.403320e+02	9.717147e-25	5.962136e-29
2.403520e+02	9.677344e-25	5.937989e-29
2.403720e+02	9.637665e-25	5.913915e-29
2.403920e+02	9.598269e-25	5.890011e-29
2.404120e+02	9.558872e-25	5.866107e-29
2.404320e+02	9.519799e-25	5.842396e-29
2.404520e+02	9.480805e-25	5.818733e-29
2.404720e+02	9.441932e-25	5.795143e-29
2.404920e+02	9.403335e-25	5.771719e-29
2.405120e+02	9.364739e-25	5.748294e-29
2.405320e+02	9.326459e-25	5.725060e-29
2.405520e+02	9.288257e-25	5.701872e-29
2.405720e+02	9.250173e-25	5.678756e-29
2.405920e+02	9.212361e-25	5.655801e-29
2.406120e+02	9.174549e-25	5.632847e-29
2.406320e+02	9.137047e-25	5.610080e-29
2.406520e+02	9.099620e-25	5.587357e-29
2.406720e+02	9.062310e-25	5.564705e-29
2.406920e+02	9.025265e-25	5.542212e-29
2.407120e+02	8.988221e-25	5.519718e-29
2.407320e+02	8.951481e-25	5.497408e-29
2.407520e+02	8.914814e-25	5.475141e-29
2.407720e+02	8.878262e-25	5.452944e-29
2.407920e+02	8.841970e-25	5.430902e-29
2.408120e+02	8.805678e-25	5.408860e-29
2.408320e+02	8.769684e-25	5.386998e-29
2.408520e+02	8.733762e-25	5.365179e-29
2.408720e+02	8.697952e-25	5.343426e-29
2.408920e+02	8.662397e-25	5.321827e-29
2.409120e+02	8.626842e-25	5.300228e-29
2.409320e+02	8.591579e-25	5.278805e-29
2.409520e+02	8.556387e-25	5.257423e-29
2.409720e+02	8.521304e-25	5.236108e-29
2.409920e+02	8.486471e-25	5.214943e-29
2.410121e+02	8.451638e-25	5.193777e-29
2.410321e+02	8.417092e-25	5.172784e-29
2.410521e+02	8.382614e-25	5.151832e-29
2.410721e+02	8.348244e-25	5.130944e-29
2.410921e+02	8.314119e-25	5.110204e-29
2.411121e+02	8.279993e-25	5.089463e-29
2.411321e+02	8.246148e-25	5.068891e-29
2.411521e+02	8.212371e-25	5.048360e-29
2.411721e+02	8.178699e-25	5.027892e-29
2.411921e+02	8.145267e-25	5.007568e-29
2.412121e+02	8.111834e-25	4.987244e-29
2.412321e+02	8.078677e-25	4.967085e-29
2.412521e+02	8.045585e-25	4.946965e-29
2.412721e+02	8.012598e-25	4.926909e-29
2.412921e+02	7.979844e-25	4.906992e-29
2.413121e+02	7.947091e-25	4.887076e-29
2.413321e+02	7.914607e-25	4.867322e-29
2.413521e+02	7.882187e-25	4.847607e-29
2.413721e+02	7.849869e-25	4.827953e-29
2.413921e+02	7.817781e-25	4.808436e-29
2.414121e+02	7.785693e-25	4.788920e-29
2.414321e+02	7.753869e-25	4.769563e-29
2.414521e+02	7.722108e-25	4.750243e-29
2.414721e+02	7.690446e-25	4.730984e-29
2.414921e+02	7.659010e-25	4.711859e-29
2.415121e+02	7.627573e-25	4.692735e-29
2.415321e+02	7.596395e-25	4.673766e-29
2.415521e+02	7.565279e-25	4.654834e-29
2.415721e+02	7.534261e-25	4.635962e-29
2.415921e+02	7.503463e-25	4.617221e-29
2.416121e+02	7.472665e-25	4.598481e-29
2.416321e+02	7.442120e-25	4.579893e-29
2.416521e+02	7.411636e-25	4.561341e-29
2.416721e+02	7.381248e-25	4.542847e-29
2.416921e+02	7.351075e-25	4.524483e-29
2.417121e+02	7.320903e-25	4.506119e-29
2.417321e+02	7.290978e-25	4.487904e-29
2.417521e+02	7.261114e-25	4.469725e-29
2.417721e+02	7.231343e-25	4.451603e-29
2.417921e+02	7.201783e-25	4.433607e-29
2.418121e+02	7.172223e-25	4.415612e-29
2.418321e+02	7.142906e-25	4.397763e-29
2.418521e+02	7.113648e-25	4.379949e-29
2.418721e+02	7.084482e-25	4.362190e-29
2.418921e+02	7.055522e-25	4.344556e-29
2.419121e+02	7.026563e-25	4.326922e-29
2.419321e+02	6.997842e-25	4.309431e-29
2.419521e+02	6.969178e-25	4.291975e-29
2.419721e+02	6.940604e-25	4.274573e-29
2.419921e+02	6.912232e-25	4.257293e-29
2.420121e+02	6.883861e-25	4.240012e-29
2.420321e+02	6.855723e-25	4.222873e-29
2.420521e+02	6.827641e-25	4.205767e-29
2.420721e+02	6.799648e-25	4.188715e-29
2.420921e+02	6.771852e-25	4.171781e-29
2.421121e+02	6.744057e-25	4.154848e-29
2.421321e+02	6.716491e-25	4.138053e-29
2.421521e+02	6.688980e-25	4.121291e-29
2.421721e+02	6.661555e-25	4.104580e-29
2.421921e+02	6.634324e-25	4.087987e-29
2.422121e+02	6.607093e-25	4.071394e-29
2.422321e+02	6.580087e-25	4.054936e-29
2.422521e+02	6.553134e-25	4.038510e-29
2.422721e+02	6.526266e-25	4.022136e-29
2.422921e+02	6.499588e-25	4.005876e-29
2.423121e+02	6.472911e-25	3.989615e-29
2.423321e+02	6.446453e-25	3.973488e-29
2.423521e+02	6.420048e-25	3.957392e-29
2.423721e+02	6.393725e-25	3.941346e-29
2.423921e+02	6.367589e-25	3.925413e-29
2.424121e+02	6.341453e-25	3.909479e-29
2.424321e+02	6.315533e-25	3.893675e-29
2.424521e+02	6.289664e-25	3.877903e-29
2.424721e+02	6.263876e-25	3.862179e-29
2.424921e+02	6.238271e-25	3.846565e-29
2.425121e+02	6.212666e-25	3.830952e-29
2.425321e+02	6.187272e-25	3.815465e-29
2.425521e+02	6.161929e-25	3.800009e-29
2.425721e+02	6.136665e-25	3.784601e-29
2.425921e+02	6.111580e-25	3.769301e-29
2.426121e+02	6.086494e-25	3.754001e-29
2.426321e+02	6.061616e-25	3.738826e-29
2.426521e+02	6.036787e-25	3.723680e-29
2.426721e+02	6.012037e-25	3.708582e-29
2.426921e+02	5.987461e-25	3.693589e-29
2.427121e+02	5.962885e-25	3.678596e-29
2.427321e+02	5.938513e-25	3.663725e-29
2.427521e+02	5.914188e-25	3.648883e-29
2.427721e+02	5.889940e-25	3.634088e-29
2.427921e+02	5.865863e-25	3.619396e-29
2.428121e+02	5.841787e-25	3.604704e-29
2.428321e+02	5.817909e-25	3.590132e-29
2.428521e+02	5.794078e-25	3.575589e-29
2.428721e+02	5.770323e-25	3.561091e-29
2.428921e+02	5.746735e-25	3.546694e-29
2.429121e+02	5.723147e-25	3.532297e-29
2.429321e+02	5.699755e-25	3.518017e-29
2.429521e+02	5.676408e-25	3.503766e-29
2.429721e+02	5.653135e-25	3.489559e-29
2.429921e+02	5.630026e-25	3.475451e-29
2.430122e+02	5.606918e-25	3.461343e-29
2.430322e+02	5.584000e-25	3.447351e-29
2.430522e+02	5.561127e-25	3.433385e-29
2.430722e+02	5.538327e-25	3.419463e-29
2.430922e+02	5.515688e-25	3.405639e-29
2.431122e+02	5.493049e-25	3.391814e-29
2.431322e+02	5.470597e-25	3.378103e-29
2.431522e+02	5.448188e-25	3.364418e-29
2.431722e+02	5.425851e-25	3.350775e-29
2.431922e+02	5.403672e-25	3.337228e-29
2.432122e+02	5.381492e-25	3.323681e-29
2.432322e+02	5.359496e-25	3.310245e-29
2.432522e+02	5.337543e-25	3.296835e-29
2.432722e+02	5.315660e-25	3.283467e-29
2.432922e+02	5.293930e-25	3.270192e-29
2.433122e+02	5.272201e-25	3.256917e-29
2.433322e+02	5.250652e-25	3.243751e-29
2.433522e+02	5.229145e-25	3.230610e-29
2.433722e+02	5.207706e-25	3.217510e-29
2.433922e+02	5.186418e-25	3.204501e-29
2.434122e+02	5.165130e-25	3.191493e-29
2.434322e+02	5.144019e-25	3.178591e-29
2.434522e+02	5.122948e-25	3.165714e-29
2.434722e+02	5.101945e-25	3.152877e-29
2.434922e+02	5.081089e-25	3.140130e-29
2.435122e+02	5.060234e-25	3.127383e-29
2.435322e+02	5.039551e-25	3.114740e-29
2.435522e+02	5.018908e-25	3.102121e-29
2.435722e+02	4.998331e-25	3.089543e-29
2.435922e+02	4.977900e-25	3.077051e-29
2.436122e+02	4.957468e-25	3.064560e-29
2.436322e+02	4.937205e-25	3.052171e-29
2.436522e+02	4.916982e-25	3.039806e-29
2.436722e+02	4.896823e-25	3.027480e-29
2.436922e+02	4.876806e-25	3.015239e-29
2.437122e+02	4.856789e-25	3.002999e-29
2.437322e+02	4.836938e-25	2.990859e-29
2.437522e+02	4.817125e-25	2.978742e-29
2.437722e+02	4.797375e-25	2.966663e-29
2.437922e+02	4.777765e-25	2.954669e-29
2.438122e+02	4.758154e-25	2.942674e-29
2.438322e+02	4.738707e-25	2.930778e-29
2.438522e+02	4.719296e-25	2.918904e-29
2.438722e+02	4.699948e-25	2.907068e-29
2.438922e+02	4.680736e-25	2.895314e-29
2.439122e+02	4.661523e-25	2.883560e-29
2.439322e+02	4.642470e-25	2.871903e-29
2.439522e+02	4.623454e-25	2.860268e-29
2.439722e+02	4.604499e-25	2.848669e-29
2.439922e+02	4.585677e-25	2.837152e-29
2.440122e+02	4.566855e-25	2.825634e-29
2.440322e+02	4.548189e-25	2.814211e-29
2.440522e+02	4.529559e-25	2.802809e-29
2.440722e+02	4.510989e-25	2.791444e-29
2.440922e+02	4.492549e-25	2.780157e-29
2.441122e+02	4.474109e-25	2.768871e-29
2.441322e+02	4.455822e-25	2.757677e-29
2.441522e+02	4.437571e-25	2.746504e-29
2.441722e+02	4.419377e-25	2.735367e-29
2.441922e+02	4.401312e-25	2.724307e-29
2.442122e+02	4.383247e-25	2.713248e-29
2.442322e+02	4.365331e-25	2.702279e-29
2.442522e+02	4.347451e-25	2.691330e-29
2.442722e+02	4.329627e-25	2.680417e-29
2.442922e+02	4.311928e-25	2.669579e-29
2.443122e+02	4.294230e-25	2.658741e-29
2.443322e+02	4.276679e-25	2.647993e-29
2.443522e+02	4.259161e-25	2.637264e-29
2.443722e+02	4.241699e-25	2.626570e-29
2.443922e+02	4.224360e-25	2.615950e-29
2.444122e+02	4.207021e-25	2.605330e-29
2.444322e+02	4.189826e-25	2.594797e-29
2.444522e+02	4.172664e-25	2.584284e-29
2.444722e+02	4.155557e-25	2.573804e-29
2.444922e+02	4.138570e-25	2.563397e-29
2.445122e+02	4.121583e-25	2.552991e-29
2.445322e+02	4.104737e-25	2.542669e-29
2.445522e+02	4.087924e-25	2.532367e-29
2.445722e+02	4.071164e-25	2.522098e-29
2.445922e+02	4.054523e-25	2.511901e-29
2.446122e+02	4.037881e-25	2.501703e-29
2.446322e+02	4.021377e-25	2.491589e-29
2.446522e+02	4.004905e-25	2.481494e-29
2.446722e+02	3.988486e-25	2.471431e-29
2.446922e+02	3.972182e-25	2.461438e-29
2.447122e+02	3.955878e-25	2.451445e-29
2.447322e+02	3.939710e-25	2.441534e-29
2.447522e+02	3.923572e-25	2.431642e-29
2.447722e+02	3.907486e-25	2.421781e-29
2.447922e+02	3.891514e-25	2.411988e-29
2.448122e+02	3.875541e-25	2.402196e-29
2.448322e+02	3.859701e-25	2.392484e-29
2.448522e+02	3.843891e-25	2.382791e-29
2.448722e+02	3.828132e-25	2.373128e-29
2.448922e+02	3.812483e-25	2.363532e-29
2.449122e+02	3.796835e-25	2.353937e-29
2.449322e+02	3.781317e-25	2.344420e-29
2.449522e+02	3.765828e-25	2.334921e-29
2.449722e+02	3.750389e-25	2.325452e-29
2.449922e+02	3.735059e-25	2.316049e-29
2.450123e+02	3.719728e-25	2.306646e-29
2.450323e+02	3.704525e-25	2.297321e-29
2.450523e+02	3.689351e-25	2.288012e-29
2.450723e+02	3.674225e-25	2.278734e-29
2.450923e+02	3.659206e-25	2.269520e-29
2.451123e+02	3.644187e-25	2.260306e-29
2.451323e+02	3.629292e-25	2.251167e-29
2.451523e+02	3.614426e-25	2.242046e-29
2.451723e+02	3.599608e-25	2.232954e-29
2.451923e+02	3.584894e-25	2.223925e-29
2.452123e+02	3.570180e-25	2.214896e-29
2.452323e+02	3.555588e-25	2.205941e-29
2.452523e+02	3.541024e-25	2.197003e-29
2.452723e+02	3.526507e-25	2.188093e-29
2.452923e+02	3.512091e-25	2.179245e-29
2.453123e+02	3.497676e-25	2.170398e-29
2.453323e+02	3.483380e-25	2.161623e-29
2.453523e+02	3.469112e-25	2.152864e-29
2.453723e+02	3.454890e-25	2.144134e-29
2.453923e+02	3.440767e-25	2.135463e-29
2.454123e+02	3.426644e-25	2.126793e-29
2.454323e+02	3.412639e-25	2.118195e-29
2.454523e+02	3.398661e-25	2.109612e-29
2.454723e+02	3.384727e-25	2.101057e-29
2.454923e+02	3.370891e-25	2.092561e-29
2.455123e+02	3.357055e-25	2.084065e-29
2.455323e+02	3.343335e-25	2.075639e-29
2.455523e+02	3.329640e-25	2.067229e-29
2.455723e+02	3.315990e-25	2.058845e-29
2.455923e+02	3.302435e-25	2.050520e-29
2.456123e+02	3.288880e-25	2.042194e-29
2.456323e+02	3.275438e-25	2.033938e-29
2.456523e+02	3.262021e-25	2.025696e-29
2.456723e+02	3.248648e-25	2.017481e-29
2.456923e+02	3.235368e-25	2.009323e-29
2.457123e+02	3.222089e-25	2.001165e-29
2.457323e+02	3.208920e-25	1.993074e-29
2.457523e+02	3.195776e-25	1.984998e-29
2.457723e+02	3.182674e-25	1.976948e-29
2.457923e+02	3.169664e-25	1.968954e-29
2.458123e+02	3.156654e-25	1.960960e-29
2.458323e+02	3.143753e-25	1.953031e-29
2.458523e+02	3.130875e-25	1.945117e-29
2.458723e+02	3.118040e-25	1.937229e-29
2.458923e+02	3.105294e-25	1.929395e-29
2.459123e+02	3.092548e-25	1.921562e-29
2.459323e+02	3.079909e-25	1.913792e-29
2.459523e+02	3.067293e-25	1.906038e-29
2.459723e+02	3.054719e-25	1.898308e-29
2.459923e+02	3.042232e-25	1.890631e-29
2.460123e+02	3.029745e-25	1.882955e-29
2.460323e+02	3.017362e-25	1.875342e-29
2.460523e+02	3.005003e-25	1.867743e-29
2.460723e+02	2.992683e-25	1.860168e-29
2.460923e+02	2.980450e-25	1.852646e-29
2.461123e+02	2.968217e-25	1.845124e-29
2.461323e+02	2.956085e-25	1.837664e-29
2.461523e+02	2.943977e-25	1.830217e-29
2.461723e+02	2.931908e-25	1.822795e-29
2.461923e+02	2.919923e-25	1.815424e-29
2.462123e+02	2.907938e-25	1.808052e-29
2.462323e+02	2.896053e-25	1.800742e-29
2.462523e+02	2.884191e-25	1.793445e-29
2.462723e+02	2.872367e-25	1.786172e-29
2.462923e+02	2.860625e-25	1.778949e-29
2.463123e+02	2.848883e-25	1.771725e-29
2.463323e+02	2.837240e-25	1.764562e-29
2.463523e+02	2.825618e-25	1.757412e-29
2.463723e+02	2.814035e-25	1.750284e-29
2.463923e+02	2.802531e-25	1.743206e-29
2.464123e+02	2.791028e-25	1.736128e-29
2.464323e+02	2.779621e-25	1.729109e-29
2.464523e+02	2.768236e-25	1.722102e-29
2.464723e+02	2.756887e-25	1.715118e-29
2.464923e+02	2.745618e-25	1.708182e-29
2.465123e+02	2.734348e-25	1.701246e-29
2.465323e+02	2.723173e-25	1.694367e-29
2.465523e+02	2.712019e-25	1.687501e-29
2.465723e+02	2.700900e-25	1.680658e-29
2.465923e+02	2.689860e-25	1.673861e-29
2.466123e+02	2.678819e-25	1.667064e-29
2.466323e+02	2.667871e-25	1.660324e-29
2.466523e+02	2.656943e-25	1.653596e-29
2.466723e+02	2.646051e-25	1.646890e-29
2.466923e+02	2.635234e-25	1.640229e-29
2.467123e+02	2.624418e-25	1.633569e-29
2.467323e+02	2.613692e-25	1.626964e-29
2.467523e+02	2.602986e-25	1.620371e-29
2.467723e+02	2.592315e-25	1.613800e-29
2.467923e+02	2.581718e-25	1.607273e-29
2.468123e+02	2.571122e-25	1.600747e-29
2.468323e+02	2.560613e-25	1.594275e-29
2.468523e+02	2.550125e-25	1.587814e-29
2.468723e+02	2.539671e-25	1.581375e-29
2.468923e+02	2.529289e-25	1.574979e-29
2.469123e+02	2.518907e-25	1.568584e-29
2.469323e+02	2.508613e-25	1.562242e-29
2.469523e+02	2.498337e-25	1.555911e-29
2.469723e+02	2.488095e-25	1.549601e-29
2.469923e+02	2.477925e-25	1.543334e-29
2.470124e+02	2.467754e-25	1.537067e-29
2.470324e+02	2.457668e-25	1.530852e-29
2.470524e+02	2.447601e-25	1.524648e-29
2.470724e+02	2.437567e-25	1.518465e-29
2.470924e+02	2.427603e-25	1.512324e-29
2.471124e+02	2.417639e-25	1.506183e-29
2.471324e+02	2.407758e-25	1.500093e-29
2.471524e+02	2.397896e-25	1.494014e-29
2.471724e+02	2.388066e-25	1.487955e-29
2.471924e+02	2.378304e-25	1.481937e-29
2.472124e+02	2.368542e-25	1.475919e-29
2.472324e+02	2.358862e-25	1.469952e-29
2.472524e+02	2.349200e-25	1.463995e-29
2.472724e+02	2.339569e-25	1.458057e-29
2.472924e+02	2.330006e-25	1.452160e-29
2.473124e+02	2.320442e-25	1.446264e-29
2.473324e+02	2.310959e-25	1.440416e-29
2.473524e+02	2.301493e-25	1.434579e-29
2.473724e+02	2.292058e-25	1.428760e-29
2.473924e+02	2.282689e-25	1.422982e-29
2.474124e+02	2.273319e-25	1.417204e-29
2.474324e+02	2.264028e-25	1.411473e-29
2.474524e+02	2.254755e-25	1.405753e-29
2.474724e+02	2.245511e-25	1.400052e-29
2.474924e+02	2.236332e-25	1.394390e-29
2.475124e+02	2.227153e-25	1.388727e-29
2.475324e+02	2.218051e-25	1.383112e-29
2.475524e+02	2.208966e-25	1.377507e-29
2.475724e+02	2.199910e-25	1.371920e-29
2.475924e+02	2.190917e-25	1.366372e-29
2.476124e+02	2.181925e-25	1.360823e-29
2.476324e+02	2.173007e-25	1.355320e-29
2.476524e+02	2.164107e-25	1.349828e-29
2.476724e+02	2.155235e-25	1.344353e-29
2.476924e+02	2.146425e-25	1.338916e-29
2.477124e+02	2.137615e-25	1.333479e-29
2.477324e+02	2.128879e-25	1.328087e-29
2.477524e+02	2.120158e-25	1.322705e-29
2.477724e+02	2.111467e-25	1.317340e-29
2.477924e+02	2.102836e-25	1.312012e-29
2.478124e+02	2.094205e-25	1.306685e-29
2.478324e+02	2.085646e-25	1.301401e-29
2.478524e+02	2.077103e-25	1.296127e-29
2.478724e+02	2.068588e-25	1.290870e-29
2.478924e+02	2.060132e-25	1.285649e-29
2.479124e+02	2.051676e-25	1.280428e-29
2.479324e+02	2.043291e-25	1.275251e-29
2.479524e+02	2.034922e-25	1.270083e-29
2.479724e+02	2.026580e-25	1.264931e-29
2.479924e+02	2.018296e-25	1.259815e-29
2.480124e+02	2.010011e-25	1.254699e-29
2.480324e+02	2.001797e-25	1.249626e-29
2.480524e+02	1.993597e-25	1.244561e-29
2.480724e+02	1.985425e-25	1.239514e-29
2.480924e+02	1.977309e-25	1.234500e-29
2.481124e+02	1.969193e-25	1.229487e-29
2.481324e+02	1.961145e-25	1.224516e-29
2.481524e+02	1.953112e-25	1.219553e-29
2.481724e+02	1.945105e-25	1.214607e-29
2.481924e+02	1.937154e-25	1.209694e-29
2.482124e+02	1.929203e-25	1.204782e-29
2.482324e+02	1.921319e-25	1.199910e-29
2.482524e+02	1.913449e-25	1.195047e-29
2.482724e+02	1.905605e-25	1.190200e-29
2.482924e+02	1.897815e-25	1.185386e-29
2.483124e+02	1.890026e-25	1.180572e-29
2.483324e+02	1.882302e-25	1.175798e-29
2.483524e+02	1.874591e-25	1.171033e-29
2.483724e+02	1.866907e-25	1.166283e-29
2.483924e+02	1.859275e-25	1.161566e-29
2.484124e+02	1.851644e-25	1.156849e-29
2.484324e+02	1.844077e-25	1.152171e-29
2.484524e+02	1.836523e-25	1.147502e-29
2.484724e+02	1.828995e-25	1.142847e-29
2.484924e+02	1.821518e-25	1.138225e-29
2.485124e+02	1.814042e-25	1.133603e-29
2.485324e+02	1.806628e-25	1.129019e-29
2.485524e+02	1.799228e-25	1.124443e-29
2.485724e+02	1.791852e-25	1.119882e-29
2.485924e+02	1.784527e-25	1.115353e-29
2.486124e+02	1.777203e-25	1.110823e-29
2.486324e+02	1.769940e-25	1.106331e-29
2.486524e+02	1.762690e-25	1.101847e-29
2.486724e+02	1.755464e-25	1.097378e-29
2.486924e+02	1.748288e-25	1.092940e-29
2.487124e+02	1.741112e-25	1.088501e-29
2.487324e+02	1.733997e-25	1.084100e-29
2.487524e+02	1.726894e-25	1.079706e-29
2.487724e+02	1.719815e-25	1.075326e-29
2.487924e+02	1.712785e-25	1.070977e-29
2.488124e+02	1.705755e-25	1.066628e-29
2.488324e+02	1.698784e-25	1.062314e-29
2.488524e+02	1.691825e-25	1.058009e-29
2.488724e+02	1.684890e-25	1.053718e-29
2.488924e+02	1.678002e-25	1.049456e-29
2.489124e+02	1.671115e-25	1.045194e-29
2.489324e+02	1.664286e-25	1.040967e-29
2.489524e+02	1.657469e-25	1.036748e-29
2.489724e+02	1.650674e-25	1.032543e-29
2.489924e+02	1.643926e-25	1.028366e-29
2.490125e+02	1.637179e-25	1.024190e-29
2.490325e+02	1.630488e-25	1.020048e-29
2.490525e+02	1.623810e-25	1.015914e-29
2.490725e+02	1.617153e-25	1.011794e-29
2.490925e+02	1.610543e-25	1.007701e-29
2.491125e+02	1.603932e-25	1.003608e-29
2.491325e+02	1.597377e-25	9.995501e-30
2.491525e+02	1.590834e-25	9.954989e-30
2.491725e+02	1.584313e-25	9.914610e-30
2.491925e+02	1.577837e-25	9.874507e-30
2.492125e+02	1.571360e-25	9.834403e-30
2.492325e+02	1.564939e-25	9.794635e-30
2.492525e+02	1.558528e-25	9.754937e-30
2.492725e+02	1.552140e-25	9.715369e-30
2.492925e+02	1.545795e-25	9.676071e-30
2.493125e+02	1.539450e-25	9.636774e-30
2.493325e+02	1.533159e-25	9.597804e-30
2.493525e+02	1.526879e-25	9.558903e-30
2.493725e+02	1.520620e-25	9.520131e-30
2.493925e+02	1.514404e-25	9.481623e-30
2.494125e+02	1.508188e-25	9.443115e-30
2.494325e+02	1.502024e-25	9.404928e-30
2.494525e+02	1.495872e-25	9.366808e-30
2.494725e+02	1.489740e-25	9.328815e-30
2.494925e+02	1.483650e-25	9.291080e-30
2.495125e+02	1.477561e-25	9.253346e-30
2.495325e+02	1.471522e-25	9.215926e-30
2.495525e+02	1.465495e-25	9.178572e-30
2.495725e+02	1.459487e-25	9.141342e-30
2.495925e+02	1.453521e-25	9.104366e-30
2.496125e+02	1.447555e-25	9.067389e-30
2.496325e+02	1.441640e-25	9.030721e-30
2.496525e+02	1.435734e-25	8.994118e-30
2.496725e+02	1.429849e-25	8.957636e-30
2.496925e+02	1.424004e-25	8.921402e-30
2.497125e+02	1.418159e-25	8.885168e-30
2.497325e+02	1.412364e-25	8.849237e-30
2.497525e+02	1.406579e-25	8.813369e-30
2.497725e+02	1.400813e-25	8.777620e-30
2.497925e+02	1.395086e-25	8.742114e-30
2.498125e+02	1.389360e-25	8.706609e-30
2.498325e+02	1.383683e-25	8.671399e-30
2.498525e+02	1.378015e-25	8.636252e-30
2.498725e+02	1.372366e-25	8.601221e-30
2.498925e+02	1.366756e-25	8.566428e-30
2.499125e+02	1.361146e-25	8.531636e-30
2.499325e+02	1.355584e-25	8.497134e-30
2.499525e+02	1.350031e-25	8.462693e-30
2.499725e+02	1.344497e-25	8.428366e-30
2.499925e+02	1.339001e-25	8.394272e-30
2.500125e+02	1.333505e-25	8.360178e-30
2.500325e+02	1.328056e-25	8.326370e-30
2.500525e+02	1.322616e-25	8.292620e-30
2.500725e+02	1.317194e-25	8.258983e-30
2.500925e+02	1.311810e-25	8.225574e-30
2.501125e+02	1.306425e-25	8.192166e-30
2.501325e+02	1.301086e-25	8.159036e-30
2.501525e+02	1.295757e-25	8.125965e-30
2.501725e+02	1.290445e-25	8.093003e-30
2.501925e+02	1.285170e-25	8.060266e-30
2.502125e+02	1.279895e-25	8.027528e-30
2.502325e+02	1.274665e-25	7.995065e-30
2.502525e+02	1.269444e-25	7.962658e-30
2.502725e+02	1.264240e-25	7.930358e-30
2.502925e+02	1.259072e-25	7.898278e-30
2.503125e+02	1.253904e-25	7.866199e-30
2.503325e+02	1.248780e-25	7.834387e-30
2.503525e+02	1.243665e-25	7.802631e-30
2.503725e+02	1.238567e-25	7.770981e-30
2.503925e+02	1.233504e-25	7.739545e-30
2.504125e+02	1.228441e-25	7.708110e-30
2.504325e+02	1.223421e-25	7.676938e-30
2.504525e+02	1.218410e-25	7.645820e-30
2.504725e+02	1.213415e-25	7.614805e-30
2.504925e+02	1.208455e-25	7.584001e-30
2.505125e+02	1.203495e-25	7.553198e-30
2.505325e+02	1.198577e-25	7.522652e-30
2.505525e+02	1.193667e-25	7.492159e-30
2.505725e+02	1.188774e-25	7.461767e-30
2.505925e+02	1.183915e-25	7.431583e-30
2.506125e+02	1.179055e-25	7.401398e-30
2.506325e+02	1.174237e-25	7.371465e-30
2.506525e+02	1.169427e-25	7.341585e-30
2.506725e+02	1.164634e-25	7.311804e-30
2.506925e+02	1.159873e-25	7.282226e-30
2.507125e+02	1.155112e-25	7.252647e-30
2.507325e+02	1.150392e-25	7.223317e-30
2.507525e+02	1.145680e-25	7.194037e-30
2.507725e+02	1.140983e-25	7.164854e-30
2.507925e+02	1.136319e-25	7.135870e-30
2.508125e+02	1.131655e-25	7.106886e-30
2.508325e+02	1.127031e-25	7.078144e-30
2.508525e+02	1.122414e-25	7.049453e-30
2.508725e+02	1.117813e-25	7.020857e-30
2.508925e+02	1.113244e-25	6.992455e-30
2.509125e+02	1.108675e-25	6.964053e-30
2.509325e+02	1.104144e-25	6.935889e-30
2.509525e+02	1.099621e-25	6.907773e-30
2.509725e+02	1.095114e-25	6.879752e-30
2.509925e+02	1.090637e-25	6.851921e-30
2.510126e+02	1.086161e-25	6.824089e-30
2.510326e+02	1.081722e-25	6.796491e-30
2.510526e+02	1.077291e-25	6.768941e-30
2.510726e+02	1.072875e-25	6.741482e-30
2.510926e+02	1.068490e-25	6.714210e-30
2.511126e+02	1.064104e-25	6.686938e-30
2.511326e+02	1.059756e-25	6.659894e-30
2.511526e+02	1.055415e-25	6.632897e-30
2.511726e+02	1.051088e-25	6.605991e-30
2.511926e+02	1.046792e-25	6.579266e-30
2.512126e+02	1.042495e-25	6.552542e-30
2.512326e+02	1.038235e-25	6.526042e-30
2.512526e+02	1.033982e-25	6.499588e-30
2.512726e+02	1.029744e-25	6.473222e-30
2.512926e+02	1.025535e-25	6.447034e-30
2.513126e+02	1.021325e-25	6.420847e-30
2.513326e+02	1.017152e-25	6.394879e-30
2.513526e+02	1.012985e-25	6.368956e-30
2.513726e+02	1.008833e-25	6.343120e-30
2.513926e+02	1.004709e-25	6.317459e-30
2.514126e+02	1.000585e-25	6.291797e-30
2.514326e+02	9.964964e-26	6.266352e-30
2.514526e+02	9.924146e-26	6.240949e-30
2.514726e+02	9.883466e-26	6.215632e-30
2.514926e+02	9.843065e-26	6.190487e-30
2.515126e+02	9.802664e-26	6.165341e-30
2.515326e+02	9.762606e-26	6.140406e-30
2.515526e+02	9.722617e-26	6.115514e-30
2.515726e+02	9.682763e-26	6.090706e-30
2.515926e+02	9.643183e-26	6.066066e-30
2.516126e+02	9.603602e-26	6.041425e-30
2.516326e+02	9.564357e-26	6.016992e-30
2.516526e+02	9.525180e-26	5.992600e-30
2.516726e+02	9.486136e-26	5.968290e-30
2.516926e+02	9.447359e-26	5.944145e-30
2.517126e+02	9.408582e-26	5.919999e-30
2.517326e+02	9.370135e-26	5.896057e-30
2.517526e+02	9.331754e-26	5.872155e-30
2.517726e+02	9.293502e-26	5.848334e-30
2.517926e+02	9.255513e-26	5.824673e-30
2.518126e+02	9.217523e-26	5.801013e-30
2.518326e+02	9.179857e-26	5.777552e-30
2.518526e+02	9.142255e-26	5.754130e-30
2.518726e+02	9.104781e-26	5.730787e-30
2.518926e+02	9.067562e-26	5.707602e-30
2.519126e+02	9.030344e-26	5.684417e-30
2.519326e+02	8.993443e-26	5.661428e-30
2.519526e+02	8.956604e-26	5.638477e-30
2.519726e+02	8.919891e-26	5.615603e-30
2.519926e+02	8.883429e-26	5.592884e-30
2.520126e+02	8.846966e-26	5.570165e-30
2.520326e+02	8.810814e-26	5.547637e-30
2.520526e+02	8.774724e-26	5.525147e-30
2.520726e+02	8.738756e-26	5.502733e-30
2.520926e+02	8.703034e-26	5.480470e-30
2.521126e+02	8.667313e-26	5.458208e-30
2.521326e+02	8.631894e-26	5.436132e-30
2.521526e+02	8.596537e-26	5.414095e-30
2.521726e+02	8.561300e-26	5.392131e-30
2.521926e+02	8.526304e-26	5.370316e-30
2.522126e+02	8.491307e-26	5.348500e-30
2.522326e+02	8.456608e-26	5.326869e-30
2.522526e+02	8.421969e-26	5.305274e-30
2.522726e+02	8.387448e-26	5.283751e-30
2.522926e+02	8.353162e-26	5.262374e-30
2.523126e+02	8.318876e-26	5.240997e-30
2.523326e+02	8.284882e-26	5.219800e-30
2.523526e+02	8.250946e-26	5.198639e-30
2.523726e+02	8.217126e-26	5.177549e-30
2.523926e+02	8.183536e-26	5.156602e-30
2.524126e+02	8.149946e-26	5.135654e-30
2.524326e+02	8.116643e-26	5.114883e-30
2.524526e+02	8.083396e-26	5.094147e-30
2.524726e+02	8.050262e-26	5.073481e-30
2.524926e+02	8.017355e-26	5.052955e-30
2.525126e+02	7.984447e-26	5.032428e-30
2.525326e+02	7.951820e-26	5.012074e-30
2.525526e+02	7.919248e-26	4.991755e-30
2.525726e+02	7.886788e-26	4.971504e-30
2.525926e+02	7.854549e-26	4.951390e-30
2.526126e+02	7.822309e-26	4.931276e-30
2.526326e+02	7.790345e-26	4.911331e-30
2.526526e+02	7.758434e-26	4.891420e-30
2.526726e+02	7.726633e-26	4.871576e-30
2.526926e+02	7.695049e-26	4.851866e-30
2.527126e+02	7.663464e-26	4.832156e-30
2.527326e+02	7.632148e-26	4.812612e-30
2.527526e+02	7.600886e-26	4.793101e-30
2.527726e+02	7.569731e-26	4.773656e-30
2.527926e+02	7.538788e-26	4.754342e-30
2.528126e+02	7.507844e-26	4.735028e-30
2.528326e+02	7.477165e-26	4.715877e-30
2.528526e+02	7.446537e-26	4.696758e-30
2.528726e+02	7.416015e-26	4.677704e-30
2.528926e+02	7.385700e-26	4.658778e-30
2.529126e+02	7.355385e-26	4.639852e-30
2.529326e+02	7.325329e-26	4.621086e-30
2.529526e+02	7.295323e-26	4.602351e-30
2.529726e+02	7.265420e-26	4.583680e-30
2.529926e+02	7.235721e-26	4.565134e-30
2.530127e+02	7.206022e-26	4.546589e-30
2.530327e+02	7.176576e-26	4.528199e-30
2.530527e+02	7.147180e-26	4.509841e-30
2.530727e+02	7.117884e-26	4.491545e-30
2.530927e+02	7.088788e-26	4.473372e-30
2.531127e+02	7.059692e-26	4.455199e-30
2.531327e+02	7.030844e-26	4.437179e-30
2.531527e+02	7.002045e-26	4.419190e-30
2.531727e+02	6.973344e-26	4.401261e-30
2.531927e+02	6.944839e-26	4.383454e-30
2.532127e+02	6.916333e-26	4.365646e-30
2.532327e+02	6.888071e-26	4.347988e-30
2.532527e+02	6.859857e-26	4.330360e-30
2.532727e+02	6.831739e-26	4.312792e-30
2.532927e+02	6.803813e-26	4.295342e-30
2.533127e+02	6.775886e-26	4.277892e-30
2.533327e+02	6.748198e-26	4.260589e-30
2.533527e+02	6.720557e-26	4.243316e-30
2.533727e+02	6.693010e-26	4.226101e-30
2.533927e+02	6.665651e-26	4.209001e-30
2.534127e+02	6.638291e-26	4.191902e-30
2.534327e+02	6.611165e-26	4.174947e-30
2.534527e+02	6.584085e-26	4.158020e-30
2.534727e+02	6.557098e-26	4.141151e-30
2.534927e+02	6.530294e-26	4.124395e-30
2.535127e+02	6.503490e-26	4.107640e-30
2.535327e+02	6.476915e-26	4.091025e-30
2.535527e+02	6.450385e-26	4.074439e-30
2.535727e+02	6.423946e-26	4.057909e-30
2.535927e+02	6.397687e-26	4.041490e-30
2.536127e+02	6.371427e-26	4.025070e-30
2.536327e+02	6.345392e-26	4.008790e-30
2.536527e+02	6.319400e-26	3.992537e-30
2.536727e+02	6.293498e-26	3.976339e-30
2.536927e+02	6.267772e-26	3.960250e-30
2.537127e+02	6.242046e-26	3.944161e-30
2.537327e+02	6.216539e-26	3.928208e-30
2.537527e+02	6.191075e-26	3.912281e-30
2.537727e+02	6.165699e-26	3.896408e-30
2.537927e+02	6.140495e-26	3.880643e-30
2.538127e+02	6.115291e-26	3.864877e-30
2.538327e+02	6.090303e-26	3.849244e-30
2.538527e+02	6.065356e-26	3.833638e-30
2.538727e+02	6.040496e-26	3.818084e-30
2.538927e+02	6.015804e-26	3.802635e-30
2.539127e+02	5.991111e-26	3.787186e-30
2.539327e+02	5.966631e-26	3.771868e-30
2.539527e+02	5.942190e-26	3.756575e-30
2.539727e+02	5.917835e-26	3.741334e-30
2.539927e+02	5.893644e-26	3.726195e-30
2.540127e+02	5.869453e-26	3.711057e-30
2.540327e+02	5.845469e-26	3.696046e-30
2.540527e+02	5.821526e-26	3.681060e-30
2.540727e+02	5.797664e-26	3.666126e-30
2.540927e+02	5.773965e-26	3.651291e-30
2.541127e+02	5.750266e-26	3.636457e-30
2.541327e+02	5.726769e-26	3.621748e-30
2.541527e+02	5.703311e-26	3.607064e-30
2.541727e+02	5.679935e-26	3.592429e-30
2.541927e+02	5.656717e-26	3.577893e-30
2.542127e+02	5.633498e-26	3.563357e-30
2.542327e+02	5.610479e-26	3.548943e-30
2.542527e+02	5.587498e-26	3.534554e-30
2.542727e+02	5.564596e-26	3.520214e-30
2.542927e+02	5.541849e-26	3.505969e-30
2.543127e+02	5.519102e-26	3.491725e-30
2.543327e+02	5.496550e-26	3.477602e-30
2.543527e+02	5.474036e-26	3.463501e-30
2.543727e+02	5.451599e-26	3.449449e-30
2.543927e+02	5.429314e-26	3.435491e-30
2.544127e+02	5.407029e-26	3.421533e-30
2.544327e+02	5.384935e-26	3.407694e-30
2.544527e+02	5.362878e-26	3.393877e-30
2.544727e+02	5.340897e-26	3.380107e-30
2.544927e+02	5.319065e-26	3.366429e-30
2.545127e+02	5.297232e-26	3.352752e-30
2.545327e+02	5.275587e-26	3.339190e-30
2.545527e+02	5.253977e-26	3.325651e-30
2.545727e+02	5.232443e-26	3.312158e-30
2.545927e+02	5.211054e-26	3.298756e-30
2.546127e+02	5.189665e-26	3.285353e-30
2.546327e+02	5.168459e-26	3.272064e-30
2.546527e+02	5.147288e-26	3.258797e-30
2.546727e+02	5.126191e-26	3.245575e-30
2.546927e+02	5.105237e-26	3.232442e-30
2.547127e+02	5.084282e-26	3.219308e-30
2.547327e+02	5.063507e-26	3.206286e-30
2.547527e+02	5.042766e-26	3.193286e-30
2.547727e+02	5.022097e-26	3.180330e-30
2.547927e+02	5.001568e-26	3.167460e-30
2.548127e+02	4.981039e-26	3.154591e-30
2.548327e+02	4.960686e-26	3.141831e-30
2.548527e+02	4.940366e-26	3.129091e-30
2.548727e+02	4.920117e-26	3.116396e-30
2.548927e+02	4.900005e-26	3.103785e-30
2.549127e+02	4.879893e-26	3.091174e-30
2.549327e+02	4.859953e-26	3.078671e-30
2.549527e+02	4.840046e-26	3.066187e-30
2.549727e+02	4.820208e-26	3.053747e-30
2.549927e+02	4.800504e-26	3.041389e-30
2.550128e+02	4.780800e-26	3.029032e-30
2.550328e+02	4.761265e-26	3.016780e-30
2.550528e+02	4.741763e-26	3.004547e-30
2.550728e+02	4.722328e-26	2.992357e-30
2.550928e+02	4.703024e-26	2.980248e-30
2.551128e+02	4.683720e-26	2.968139e-30
2.551328e+02	4.664582e-26	2.956133e-30
2.551528e+02	4.645475e-26	2.944146e-30
2.551728e+02	4.626435e-26	2.932200e-30
2.551928e+02	4.607523e-26	2.920335e-30
2.552128e+02	4.588612e-26	2.908469e-30
2.552328e+02	4.569862e-26	2.896704e-30
2.552528e+02	4.551143e-26	2.884958e-30
2.552728e+02	4.532490e-26	2.873253e-30
2.552928e+02	4.513962e-26	2.861626e-30
2.553128e+02	4.495434e-26	2.849999e-30
2.553328e+02	4.477066e-26	2.838470e-30
2.553528e+02	4.458727e-26	2.826961e-30
2.553728e+02	4.440452e-26	2.815490e-30
2.553928e+02	4.422301e-26	2.804097e-30
2.554128e+02	4.404149e-26	2.792703e-30
2.554328e+02	4.386154e-26	2.781407e-30
2.554528e+02	4.368187e-26	2.770128e-30
2.554728e+02	4.350284e-26	2.758889e-30
2.554928e+02	4.332501e-26	2.747724e-30
2.555128e+02	4.314718e-26	2.736560e-30
2.555328e+02	4.297088e-26	2.725490e-30
2.555528e+02	4.279486e-26	2.714438e-30
2.555728e+02	4.261946e-26	2.703425e-30
2.555928e+02	4.244524e-26	2.692484e-30
2.556128e+02	4.227103e-26	2.681544e-30
2.556328e+02	4.209831e-26	2.670697e-30
2.556528e+02	4.192587e-26	2.659867e-30
2.556728e+02	4.175403e-26	2.649075e-30
2.556928e+02	4.158335e-26	2.638355e-30
2.557128e+02	4.141267e-26	2.627634e-30
2.557328e+02	4.124345e-26	2.617005e-30
2.557528e+02	4.107451e-26	2.606393e-30
2.557728e+02	4.090617e-26	2.595818e-30
2.557928e+02	4.073895e-26	2.585313e-30
2.558128e+02	4.057174e-26	2.574808e-30
2.558328e+02	4.040596e-26	2.564393e-30
2.558528e+02	4.024045e-26	2.553994e-30
2.558728e+02	4.007552e-26	2.543631e-30
2.558928e+02	3.991170e-26	2.533337e-30
2.559128e+02	3.974788e-26	2.523044e-30
2.559328e+02	3.958547e-26	2.512837e-30
2.559528e+02	3.942333e-26	2.502648e-30
2.559728e+02	3.926175e-26	2.492493e-30
2.559928e+02	3.910125e-26	2.482406e-30
2.560128e+02	3.894076e-26	2.472319e-30
2.560328e+02	3.878165e-26	2.462318e-30
2.560528e+02	3.862279e-26	2.452333e-30
2.560728e+02	3.846450e-26	2.442383e-30
2.560928e+02	3.830726e-26	2.432499e-30
2.561128e+02	3.815003e-26	2.422615e-30
2.561328e+02	3.799415e-26	2.412815e-30
2.561528e+02	3.783852e-26	2.403030e-30
2.561728e+02	3.768343e-26	2.393280e-30
2.561928e+02	3.752939e-26	2.383594e-30
2.562128e+02	3.737535e-26	2.373909e-30
2.562328e+02	3.722264e-26	2.364306e-30
2.562528e+02	3.707017e-26	2.354718e-30
2.562728e+02	3.691824e-26	2.345164e-30
2.562928e+02	3.676732e-26	2.335673e-30
2.563128e+02	3.661641e-26	2.326182e-30
2.563328e+02	3.646680e-26	2.316772e-30
2.563528e+02	3.631742e-26	2.307377e-30
2.563728e+02	3.616857e-26	2.298015e-30
2.563928e+02	3.602073e-26	2.288715e-30
2.564128e+02	3.587288e-26	2.279415e-30
2.564328e+02	3.572630e-26	2.270194e-30
2.564528e+02	3.557996e-26	2.260987e-30
2.564728e+02	3.543414e-26	2.251813e-30
2.564928e+02	3.528929e-26	2.242700e-30
2.565128e+02	3.514444e-26	2.233587e-30
2.565328e+02	3.500085e-26	2.224551e-30
2.565528e+02	3.485748e-26	2.215530e-30
2.565728e+02	3.471461e-26	2.206540e-30
2.565928e+02	3.457271e-26	2.197610e-30
2.566128e+02	3.443080e-26	2.188680e-30
2.566328e+02	3.429012e-26	2.179827e-30
2.566528e+02	3.414966e-26	2.170987e-30
2.566728e+02	3.400970e-26	2.162178e-30
2.566928e+02	3.387068e-26	2.153427e-30
2.567128e+02	3.373165e-26	2.144676e-30
2.567328e+02	3.359383e-26	2.136001e-30
2.567528e+02	3.345622e-26	2.127338e-30
2.567728e+02	3.331910e-26	2.118706e-30
2.567928e+02	3.318290e-26	2.110132e-30
2.568128e+02	3.304670e-26	2.101557e-30
2.568328e+02	3.291168e-26	2.093055e-30
2.568528e+02	3.277687e-26	2.084567e-30
2.568728e+02	3.264253e-26	2.076109e-30
2.568928e+02	3.250909e-26	2.067706e-30
2.569128e+02	3.237566e-26	2.059304e-30
2.569328e+02	3.224338e-26	2.050973e-30
2.569528e+02	3.211130e-26	2.042656e-30
2.569728e+02	3.197969e-26	2.034368e-30
2.569928e+02	3.184897e-26	2.026134e-30
2.570129e+02	3.171824e-26	2.017901e-30
2.570329e+02	3.158865e-26	2.009737e-30
2.570529e+02	3.145926e-26	2.001587e-30
2.570729e+02	3.133032e-26	1.993465e-30
2.570929e+02	3.120225e-26	1.985397e-30
2.571129e+02	3.107418e-26	1.977329e-30
2.571329e+02	3.094721e-26	1.969330e-30
2.571529e+02	3.082045e-26	1.961344e-30
2.571729e+02	3.069413e-26	1.953385e-30
2.571929e+02	3.056866e-26	1.945479e-30
2.572129e+02	3.044319e-26	1.937573e-30
2.572329e+02	3.031880e-26	1.929735e-30
2.572529e+02	3.019461e-26	1.921909e-30
2.572729e+02	3.007086e-26	1.914110e-30
2.572929e+02	2.994794e-26	1.906363e-30
2.573129e+02	2.982502e-26	1.898616e-30
2.573329e+02	2.970316e-26	1.890936e-30
2.573529e+02	2.958149e-26	1.883267e-30
2.573729e+02	2.946025e-26	1.875625e-30
2.573929e+02	2.933982e-26	1.868034e-30
2.574129e+02	2.921940e-26	1.860443e-30
2.574329e+02	2.910001e-26	1.852916e-30
2.574529e+02	2.898081e-26	1.845402e-30
2.574729e+02	2.886204e-26	1.837914e-30
2.574929e+02	2.874406e-26	1.830475e-30
2.575129e+02	2.862608e-26	1.823036e-30
2.575329e+02	2.850911e-26	1.815661e-30
2.575529e+02	2.839234e-26	1.808298e-30
2.575729e+02	2.827597e-26	1.800960e-30
2.575929e+02	2.816039e-26	1.793671e-30
2.576129e+02	2.804480e-26	1.786382e-30
2.576329e+02	2.793022e-26	1.779155e-30
2.576529e+02	2.781581e-26	1.771939e-30
2.576729e+02	2.770181e-26	1.764749e-30
2.576929e+02	2.758857e-26	1.757606e-30
2.577129e+02	2.747533e-26	1.750464e-30
2.577329e+02	2.736307e-26	1.743382e-30
2.577529e+02	2.725099e-26	1.736312e-30
2.577729e+02	2.713930e-26	1.729266e-30
2.577929e+02	2.702836e-26	1.722267e-30
2.578129e+02	2.691743e-26	1.715268e-30
2.578329e+02	2.680745e-26	1.708329e-30
2.578529e+02	2.669764e-26	1.701400e-30
2.578729e+02	2.658822e-26	1.694496e-30
2.578929e+02	2.647953e-26	1.687638e-30
2.579129e+02	2.637085e-26	1.680779e-30
2.579329e+02	2.626310e-26	1.673980e-30
2.579529e+02	2.615553e-26	1.667191e-30
2.579729e+02	2.604833e-26	1.660425e-30
2.579929e+02	2.594185e-26	1.653705e-30
2.580129e+02	2.583537e-26	1.646984e-30
2.580329e+02	2.572981e-26	1.640321e-30
2.580529e+02	2.562442e-26	1.633669e-30
2.580729e+02	2.551940e-26	1.627039e-30
2.580929e+02	2.541508e-26	1.620454e-30
2.581129e+02	2.531077e-26	1.613868e-30
2.581329e+02	2.520735e-26	1.607339e-30
2.581529e+02	2.510410e-26	1.600820e-30
2.581729e+02	2.500121e-26	1.594324e-30
2.581929e+02	2.489901e-26	1.587871e-30
2.582129e+02	2.479682e-26	1.581418e-30
2.582329e+02	2.469550e-26	1.575020e-30
2.582529e+02	2.459435e-26	1.568633e-30
2.582729e+02	2.449355e-26	1.562267e-30
2.582929e+02	2.439343e-26	1.555944e-30
2.583129e+02	2.429330e-26	1.549620e-30
2.583329e+02	2.419404e-26	1.543351e-30
2.583529e+02	2.409494e-26	1.537092e-30
2.583729e+02	2.399619e-26	1.530854e-30
2.583929e+02	2.389810e-26	1.524658e-30
2.584129e+02	2.380001e-26	1.518462e-30
2.584329e+02	2.370277e-26	1.512318e-30
2.584529e+02	2.360568e-26	1.506185e-30
2.584729e+02	2.350894e-26	1.500073e-30
2.584929e+02	2.341284e-26	1.494001e-30
2.585129e+02	2.331674e-26	1.487929e-30
2.585329e+02	2.322147e-26	1.481910e-30
2.585529e+02	2.312635e-26	1.475899e-30
2.585729e+02	2.303157e-26	1.469910e-30
2.585929e+02	2.293743e-26	1.463960e-30
2.586129e+02	2.284328e-26	1.458011e-30
2.586329e+02	2.274995e-26	1.452112e-30
2.586529e+02	2.265676e-26	1.446222e-30
2.586729e+02	2.256391e-26	1.440354e-30
2.586929e+02	2.247167e-26	1.434523e-30
2.587129e+02	2.237943e-26	1.428693e-30
2.587329e+02	2.228800e-26	1.422913e-30
2.587529e+02	2.219670e-26	1.417142e-30
2.587729e+02	2.210573e-26	1.411391e-30
2.587929e+02	2.201537e-26	1.405678e-30
2.588129e+02	2.192501e-26	1.399965e-30
2.588329e+02	2.183543e-26	1.394302e-30
2.588529e+02	2.174599e-26	1.388646e-30
2.588729e+02	2.165687e-26	1.383011e-30
2.588929e+02	2.156834e-26	1.377413e-30
2.589129e+02	2.147981e-26	1.371815e-30
2.589329e+02	2.139205e-26	1.366265e-30
2.589529e+02	2.130443e-26	1.360723e-30
2.589729e+02	2.121711e-26	1.355202e-30
2.589929e+02	2.113038e-26	1.349716e-30
2.590130e+02	2.104365e-26	1.344230e-30
2.590330e+02	2.095767e-26	1.338792e-30
2.590530e+02	2.087183e-26	1.333362e-30
2.590730e+02	2.078629e-26	1.327951e-30
2.590930e+02	2.070132e-26	1.322576e-30
2.591130e+02	2.061635e-26	1.317200e-30
2.591330e+02	2.053212e-26	1.311871e-30
2.591530e+02	2.044802e-26	1.306550e-30
2.591730e+02	2.036422e-26	1.301248e-30
2.591930e+02	2.028097e-26	1.295981e-30
2.592130e+02	2.019773e-26	1.290714e-30
2.592330e+02	2.011521e-26	1.285492e-30
2.592530e+02	2.003281e-26	1.280278e-30
2.592730e+02	1.995071e-26	1.275082e-30
2.592930e+02	1.986916e-26	1.269921e-30
2.593130e+02	1.978760e-26	1.264759e-30
2.593330e+02	1.970676e-26	1.259643e-30
2.593530e+02	1.962604e-26	1.254533e-30
2.593730e+02	1.954561e-26	1.249442e-30
2.593930e+02	1.946571e-26	1.244385e-30
2.594130e+02	1.938581e-26	1.239327e-30
2.594330e+02	1.930661e-26	1.234313e-30
2.594530e+02	1.922752e-26	1.229306e-30
2.594730e+02	1.914872e-26	1.224318e-30
2.594930e+02	1.907045e-26	1.219362e-30
2.595130e+02	1.899217e-26	1.214406e-30
2.595330e+02	1.891458e-26	1.209493e-30
2.595530e+02	1.883710e-26	1.204587e-30
2.595730e+02	1.875990e-26	1.199698e-30
2.595930e+02	1.868322e-26	1.194842e-30
2.596130e+02	1.860653e-26	1.189986e-30
2.596330e+02	1.853051e-26	1.185171e-30
2.596530e+02	1.845461e-26	1.180364e-30
2.596730e+02	1.837898e-26	1.175574e-30
2.596930e+02	1.830385e-26	1.170815e-30
2.597130e+02	1.822872e-26	1.166056e-30
2.597330e+02	1.815424e-26	1.161339e-30
2.597530e+02	1.807988e-26	1.156628e-30
2.597730e+02	1.800579e-26	1.151934e-30
2.597930e+02	1.793218e-26	1.147271e-30
2.598130e+02	1.785858e-26	1.142608e-30
2.598330e+02	1.778562e-26	1.137985e-30
2.598530e+02	1.771276e-26	1.133369e-30
2.598730e+02	1.764017e-26	1.128770e-30
2.598930e+02	1.756806e-26	1.124200e-30
2.599130e+02	1.749595e-26	1.119631e-30
2.599330e+02	1.742447e-26	1.115101e-30
2.599530e+02	1.735310e-26	1.110578e-30
2.599730e+02	1.728198e-26	1.106071e-30
2.599930e+02	1.721134e-26	1.101594e-30
2.600130e+02	1.714069e-26	1.097116e-30
2.600330e+02	1.707066e-26	1.092677e-30
2.600530e+02	1.700074e-26	1.088245e-30
2.600730e+02	1.693107e-26	1.083829e-30
2.600930e+02	1.686186e-26	1.079441e-30
2.601130e+02	1.679265e-26	1.075054e-30
2.601330e+02	1.672404e-26	1.070704e-30
2.601530e+02	1.665554e-26	1.066361e-30
2.601730e+02	1.658728e-26	1.062033e-30
2.601930e+02	1.651947e-26	1.057734e-30
2.602130e+02	1.645167e-26	1.053435e-30
2.602330e+02	1.638445e-26	1.049173e-30
2.602530e+02	1.631734e-26	1.044917e-30
2.602730e+02	1.625047e-26	1.040676e-30
2.602930e+02	1.618404e-26	1.036464e-30
2.603130e+02	1.611761e-26	1.032251e-30
2.603330e+02	1.605177e-26	1.028074e-30
2.603530e+02	1.598601e-26	1.023904e-30
2.603730e+02	1.592050e-26	1.019749e-30
2.603930e+02	1.585542e-26	1.015621e-30
2.604130e+02	1.579034e-26	1.011492e-30
2.604330e+02	1.572583e-26	1.007400e-30
2.604530e+02	1.566142e-26	1.003314e-30
2.604730e+02	1.559723e-26	9.992418e-31
2.604930e+02	1.553348e-26	9.951966e-31
2.605130e+02	1.546972e-26	9.911515e-31
2.605330e+02	1.540652e-26	9.871413e-31
2.605530e+02	1.534341e-26	9.831370e-31
2.605730e+02	1.528053e-26	9.791471e-31
2.605930e+02	1.521807e-26	9.751833e-31
2.606130e+02	1.515560e-26	9.712195e-31
2.606330e+02	1.509368e-26	9.672899e-31
2.606530e+02	1.503186e-26	9.633661e-31
2.606730e+02	1.497026e-26	9.594564e-31
2.606930e+02	1.490906e-26	9.555723e-31
2.607130e+02	1.484787e-26	9.516881e-31
2.607330e+02	1.478720e-26	9.478375e-31
2.607530e+02	1.472663e-26	9.439927e-31
2.607730e+02	1.466628e-26	9.401615e-31
2.607930e+02	1.460633e-26	9.363555e-31
2.608130e+02	1.454638e-26	9.325495e-31
2.608330e+02	1.448695e-26	9.287763e-31
2.608530e+02	1.442761e-26	9.250087e-31
2.608730e+02	1.436848e-26	9.212546e-31
2.608930e+02	1.430975e-26	9.175251e-31
2.609130e+02	1.425101e-26	9.137956e-31
2.609330e+02	1.419279e-26	9.100983e-31
2.609530e+02	1.413465e-26	9.064064e-31
2.609730e+02	1.407673e-26	9.027278e-31
2.609930e+02	1.401919e-26	8.990733e-31
2.610131e+02	1.396164e-26	8.954187e-31
2.610331e+02	1.390460e-26	8.917957e-31
2.610531e+02	1.384765e-26	8.881781e-31
2.610731e+02	1.379090e-26	8.845735e-31
2.610931e+02	1.373453e-26	8.809924e-31
2.611131e+02	1.367815e-26	8.774113e-31
2.611331e+02	1.362227e-26	8.738612e-31
2.611531e+02	1.356647e-26	8.703163e-31
2.611731e+02	1.351087e-26	8.667841e-31
2.611931e+02	1.345565e-26	8.632750e-31
2.612131e+02	1.340042e-26	8.597659e-31
2.612331e+02	1.334567e-26	8.562872e-31
2.612531e+02	1.329100e-26	8.528136e-31
2.612731e+02	1.323654e-26	8.493524e-31
2.612931e+02	1.318243e-26	8.459139e-31
2.613131e+02	1.312832e-26	8.424753e-31
2.613331e+02	1.307468e-26	8.390665e-31
2.613531e+02	1.302113e-26	8.356627e-31
2.613731e+02	1.296777e-26	8.322712e-31
2.613931e+02	1.291476e-26	8.289018e-31
2.614131e+02	1.286175e-26	8.255324e-31
2.614331e+02	1.280920e-26	8.221921e-31
2.614531e+02	1.275674e-26	8.188567e-31
2.614731e+02	1.270446e-26	8.155334e-31
2.614931e+02	1.265252e-26	8.122317e-31
2.615131e+02	1.260059e-26	8.089300e-31
2.615331e+02	1.254911e-26	8.056569e-31
2.615531e+02	1.249771e-26	8.023886e-31
2.615731e+02	1.244649e-26	7.991321e-31
2.615931e+02	1.239562e-26	7.958968e-31
2.616131e+02	1.234474e-26	7.926615e-31
2.616331e+02	1.229430e-26	7.894542e-31
2.616531e+02	1.224394e-26	7.862516e-31
2.616731e+02	1.219377e-26	7.830605e-31
2.616931e+02	1.214392e-26	7.798903e-31
2.617131e+02	1.209408e-26	7.767200e-31
2.617331e+02	1.204467e-26	7.735772e-31
2.617531e+02	1.199533e-26	7.704390e-31
2.617731e+02	1.194617e-26	7.673121e-31
2.617931e+02	1.189734e-26	7.642056e-31
2.618131e+02	1.184851e-26	7.610991e-31
2.618331e+02	1.180010e-26	7.580195e-31
2.618531e+02	1.175177e-26	7.549444e-31
2.618731e+02	1.170361e-26	7.518803e-31
2.618931e+02	1.165577e-26	7.488363e-31
2.619131e+02	1.160793e-26	7.457922e-31
2.619331e+02	1.156050e-26	7.427745e-31
2.619531e+02	1.151315e-26	7.397612e-31
2.619731e+02	1.146597e-26	7.367588e-31
2.619931e+02	1.141910e-26	7.337760e-31
2.620131e+02	1.137223e-26	7.307931e-31
2.620331e+02	1.132577e-26	7.278361e-31
2.620531e+02	1.127938e-26	7.248834e-31
2.620731e+02	1.123315e-26	7.219413e-31
2.620931e+02	1.118723e-26	7.190184e-31
2.621131e+02	1.114132e-26	7.160955e-31
2.621331e+02	1.109580e-26	7.131980e-31
2.621531e+02	1.105035e-26	7.103046e-31
2.621731e+02	1.100507e-26	7.074218e-31
2.621931e+02	1.096008e-26	7.045576e-31
2.622131e+02	1.091509e-26	7.016935e-31
2.622331e+02	1.087050e-26	6.988542e-31
2.622531e+02	1.082597e-26	6.960190e-31
2.622731e+02	1.078161e-26	6.931941e-31
2.622931e+02	1.073754e-26	6.903876e-31
2.623131e+02	1.069346e-26	6.875810e-31
2.623331e+02	1.064978e-26	6.847988e-31
2.623531e+02	1.060615e-26	6.820207e-31
2.623731e+02	1.056269e-26	6.792526e-31
2.623931e+02	1.051951e-26	6.765024e-31
2.624131e+02	1.047633e-26	6.737523e-31
2.624331e+02	1.043354e-26	6.710261e-31
2.624531e+02	1.039080e-26	6.683037e-31
2.624731e+02	1.034822e-26	6.655913e-31
2.624931e+02	1.030592e-26	6.628965e-31
2.625131e+02	1.026361e-26	6.602016e-31
2.625331e+02	1.022168e-26	6.575302e-31
2.625531e+02	1.017982e-26	6.548626e-31
2.625731e+02	1.013810e-26	6.522047e-31
2.625931e+02	1.009666e-26	6.495641e-31
2.626131e+02	1.005521e-26	6.469234e-31
2.626331e+02	1.001414e-26	6.443057e-31
2.626531e+02	9.973116e-27	6.416918e-31
2.626731e+02	9.932247e-27	6.390873e-31
2.626931e+02	9.891647e-27	6.364997e-31
2.627131e+02	9.851046e-27	6.339122e-31
2.627331e+02	9.810801e-27	6.313471e-31
2.627531e+02	9.770615e-27	6.287857e-31
2.627731e+02	9.730576e-27	6.262336e-31
2.627931e+02	9.690799e-27	6.236981e-31
2.628131e+02	9.651023e-27	6.211626e-31
2.628331e+02	9.611595e-27	6.186491e-31
2.628531e+02	9.572225e-27	6.161392e-31
2.628731e+02	9.532999e-27	6.136384e-31
2.628931e+02	9.494030e-27	6.111538e-31
2.629131e+02	9.455061e-27	6.086693e-31
2.629331e+02	9.416435e-27	6.062064e-31
2.629531e+02	9.377863e-27	6.037469e-31
2.629731e+02	9.339434e-27	6.012964e-31
2.629931e+02	9.301257e-27	5.988618e-31
2.630132e+02	9.263079e-27	5.964272e-31
2.630332e+02	9.225237e-27	5.940138e-31
2.630532e+02	9.187449e-27	5.916038e-31
2.630732e+02	9.149800e-27	5.892026e-31
2.630932e+02	9.112397e-27	5.868170e-31
2.631132e+02	9.074995e-27	5.844313e-31
2.631332e+02	9.037921e-27	5.820664e-31
2.631532e+02	9.000901e-27	5.797049e-31
2.631732e+02	8.964016e-27	5.773520e-31
2.631932e+02	8.927373e-27	5.750143e-31
2.632132e+02	8.890730e-27	5.726766e-31
2.632332e+02	8.854409e-27	5.703593e-31
2.632532e+02	8.818140e-27	5.680452e-31
2.632732e+02	8.782005e-27	5.657396e-31
2.632932e+02	8.746106e-27	5.634489e-31
2.633132e+02	8.710207e-27	5.611583e-31
2.633332e+02	8.674624e-27	5.588875e-31
2.633532e+02	8.639091e-27	5.566200e-31
2.633732e+02	8.603690e-27	5.543608e-31
2.633932e+02	8.568520e-27	5.521161e-31
2.634132e+02	8.533350e-27	5.498715e-31
2.634332e+02	8.498489e-27	5.476464e-31
2.634532e+02	8.463678e-27	5.454245e-31
2.634732e+02	8.428995e-27	5.432107e-31
2.634932e+02	8.394539e-27	5.410112e-31
2.635132e+02	8.360083e-27	5.388117e-31
2.635332e+02	8.325930e-27	5.366314e-31
2.635532e+02	8.291826e-27	5.344541e-31
2.635732e+02	8.257848e-27	5.322848e-31
2.635932e+02	8.224091e-27	5.301296e-31
2.636132e+02	8.190335e-27	5.279743e-31
2.636332e+02	8.156876e-27	5.258378e-31
2.636532e+02	8.123464e-27	5.237043e-31
2.636732e+02	8.090176e-27	5.215787e-31
2.636932e+02	8.057105e-27	5.194667e-31
2.637132e+02	8.024034e-27	5.173548e-31
2.637332e+02	7.991254e-27	5.152613e-31
2.637532e+02	7.958521e-27	5.131707e-31
2.637732e+02	7.925908e-27	5.110878e-31
2.637932e+02	7.893509e-27	5.090183e-31
2.638132e+02	7.861109e-27	5.069489e-31
2.638332e+02	7.828995e-27	5.048974e-31
2.638532e+02	7.796926e-27	5.028489e-31
2.638732e+02	7.764976e-27	5.008079e-31
2.638932e+02	7.733235e-27	4.987800e-31
2.639132e+02	7.701493e-27	4.967522e-31
2.639332e+02	7.670031e-27	4.947420e-31
2.639532e+02	7.638613e-27	4.927346e-31
2.639732e+02	7.607312e-27	4.907346e-31
2.639932e+02	7.576215e-27	4.887476e-31
2.640132e+02	7.545118e-27	4.867605e-31
2.640332e+02	7.514295e-27	4.847907e-31
2.640532e+02	7.483515e-27	4.828237e-31
2.640732e+02	7.452850e-27	4.808640e-31
2.640932e+02	7.422384e-27	4.789168e-31
2.641132e+02	7.391918e-27	4.769697e-31
2.641332e+02	7.361721e-27	4.750396e-31
2.641532e+02	7.331566e-27	4.731122e-31
2.641732e+02	7.301523e-27	4.711918e-31
2.641932e+02	7.271676e-27	4.692838e-31
2.642132e+02	7.241829e-27	4.673758e-31
2.642332e+02	7.212245e-27	4.654845e-31
2.642532e+02	7.182703e-27	4.635958e-31
2.642732e+02	7.153270e-27	4.617141e-31
2.642932e+02	7.124029e-27	4.598445e-31
2.643132e+02	7.094788e-27	4.579749e-31
2.643332e+02	7.065804e-27	4.561216e-31
2.643532e+02	7.036862e-27	4.542709e-31
2.643732e+02	7.008027e-27	4.524270e-31
2.643932e+02	6.979379e-27	4.505950e-31
2.644132e+02	6.950732e-27	4.487630e-31
2.644332e+02	6.922337e-27	4.469470e-31
2.644532e+02	6.893982e-27	4.451335e-31
2.644732e+02	6.865733e-27	4.433266e-31
2.644932e+02	6.837667e-27	4.415315e-31
2.645132e+02	6.809601e-27	4.397363e-31
2.645332e+02	6.781783e-27	4.379568e-31
2.645532e+02	6.754004e-27	4.361798e-31
2.645732e+02	6.726328e-27	4.344093e-31
2.645932e+02	6.698832e-27	4.326502e-31
2.646132e+02	6.671336e-27	4.308911e-31
2.646332e+02	6.644083e-27	4.291474e-31
2.646532e+02	6.616868e-27	4.274061e-31
2.646732e+02	6.589754e-27	4.256712e-31
2.646932e+02	6.562817e-27	4.239475e-31
2.647132e+02	6.535879e-27	4.222238e-31
2.647332e+02	6.509179e-27	4.205152e-31
2.647532e+02	6.482517e-27	4.188089e-31
2.647732e+02	6.455953e-27	4.171089e-31
2.647932e+02	6.429563e-27	4.154199e-31
2.648132e+02	6.403172e-27	4.137308e-31
2.648332e+02	6.377015e-27	4.120566e-31
2.648532e+02	6.350893e-27	4.103846e-31
2.648732e+02	6.324869e-27	4.087188e-31
2.648932e+02	6.299015e-27	4.070637e-31
2.649132e+02	6.273160e-27	4.054086e-31
2.649332e+02	6.247533e-27	4.037680e-31
2.649532e+02	6.221943e-27	4.021297e-31
2.649732e+02	6.196447e-27	4.004974e-31
2.649932e+02	6.171117e-27	3.988756e-31
2.650133e+02	6.145788e-27	3.972538e-31
2.650333e+02	6.120682e-27	3.956462e-31
2.650533e+02	6.095610e-27	3.940407e-31
2.650733e+02	6.070633e-27	3.924413e-31
2.650933e+02	6.045817e-27	3.908521e-31
2.651133e+02	6.021002e-27	3.892629e-31
2.651333e+02	5.996405e-27	3.876876e-31
2.651533e+02	5.971843e-27	3.861145e-31
2.651733e+02	5.947373e-27	3.845472e-31
2.651933e+02	5.923061e-27	3.829900e-31
2.652133e+02	5.898749e-27	3.814327e-31
2.652333e+02	5.874653e-27	3.798891e-31
2.652533e+02	5.850589e-27	3.783476e-31
2.652733e+02	5.826616e-27	3.768118e-31
2.652933e+02	5.802798e-27	3.752859e-31
2.653133e+02	5.778980e-27	3.737600e-31
2.653333e+02	5.755372e-27	3.722475e-31
2.653533e+02	5.731797e-27	3.707370e-31
2.653733e+02	5.708310e-27	3.692321e-31
2.653933e+02	5.684976e-27	3.677368e-31
2.654133e+02	5.661642e-27	3.662416e-31
2.654333e+02	5.638514e-27	3.647595e-31
2.654533e+02	5.615417e-27	3.632793e-31
2.654733e+02	5.592408e-27	3.618047e-31
2.654933e+02	5.569547e-27	3.603395e-31
2.655133e+02	5.546686e-27	3.588744e-31
2.655333e+02	5.524028e-27	3.574221e-31
2.655533e+02	5.501401e-27	3.559717e-31
2.655733e+02	5.478858e-27	3.545267e-31
2.655933e+02	5.456462e-27	3.530910e-31
2.656133e+02	5.434065e-27	3.516553e-31
2.656333e+02	5.411867e-27	3.502322e-31
2.656533e+02	5.389699e-27	3.488110e-31
2.656733e+02	5.367614e-27	3.473951e-31
2.656933e+02	5.345673e-27	3.459883e-31
2.657133e+02	5.323731e-27	3.445814e-31
2.657333e+02	5.301983e-27	3.431869e-31
2.657533e+02	5.280266e-27	3.417943e-31
2.657733e+02	5.258629e-27	3.404069e-31
2.657933e+02	5.237133e-27	3.390284e-31
2.658133e+02	5.215637e-27	3.376498e-31
2.658333e+02	5.194331e-27	3.362834e-31
2.658533e+02	5.173054e-27	3.349188e-31
2.658733e+02	5.151857e-27	3.335592e-31
2.658933e+02	5.130797e-27	3.322084e-31
2.659133e+02	5.109738e-27	3.308576e-31
2.659333e+02	5.088865e-27	3.295186e-31
2.659533e+02	5.068020e-27	3.281815e-31
2.659733e+02	5.047253e-27	3.268493e-31
2.659933e+02	5.026621e-27	3.255256e-31
2.660133e+02	5.005989e-27	3.242020e-31
2.660333e+02	4.985540e-27	3.228899e-31
2.660533e+02	4.965118e-27	3.215796e-31
2.660733e+02	4.944773e-27	3.202742e-31
2.660933e+02	4.924560e-27	3.189772e-31
2.661133e+02	4.904347e-27	3.176802e-31
2.661333e+02	4.884313e-27	3.163945e-31
2.661533e+02	4.864306e-27	3.151106e-31
2.661733e+02	4.844374e-27	3.138315e-31
2.661933e+02	4.824571e-27	3.125605e-31
2.662133e+02	4.804768e-27	3.112896e-31
2.662333e+02	4.785141e-27	3.100298e-31
2.662533e+02	4.765540e-27	3.087717e-31
2.662733e+02	4.746013e-27	3.075182e-31
2.662933e+02	4.726613e-27	3.062728e-31
2.663133e+02	4.707212e-27	3.050275e-31
2.663333e+02	4.687983e-27	3.037930e-31
2.663533e+02	4.668780e-27	3.025602e-31
2.663733e+02	4.649650e-27	3.013320e-31
2.663933e+02	4.630643e-27	3.001116e-31
2.664133e+02	4.611636e-27	2.988913e-31
2.664333e+02	4.592798e-27	2.976817e-31
2.664533e+02	4.573985e-27	2.964736e-31
2.664733e+02	4.555243e-27	2.952701e-31
2.664933e+02	4.536622e-27	2.940743e-31
2.665133e+02	4.518001e-27	2.928785e-31
2.665333e+02	4.499546e-27	2.916932e-31
2.665533e+02	4.481115e-27	2.905095e-31
2.665733e+02	4.462753e-27	2.893302e-31
2.665933e+02	4.444511e-27	2.881585e-31
2.666133e+02	4.426268e-27	2.869867e-31
2.666333e+02	4.408187e-27	2.858252e-31
2.666533e+02	4.390130e-27	2.846653e-31
2.666733e+02	4.372142e-27	2.835097e-31
2.666933e+02	4.354269e-27	2.823616e-31
2.667133e+02	4.336397e-27	2.812134e-31
2.667333e+02	4.318683e-27	2.800753e-31
2.667533e+02	4.300993e-27	2.789387e-31
2.667733e+02	4.283370e-27	2.778063e-31
2.667933e+02	4.265860e-27	2.766812e-31
2.668133e+02	4.248351e-27	2.755561e-31
2.668333e+02	4.230997e-27	2.744409e-31
2.668533e+02	4.213666e-27	2.733272e-31
2.668733e+02	4.196400e-27	2.722176e-31
2.668933e+02	4.179246e-27	2.711152e-31
2.669133e+02	4.162092e-27	2.700127e-31
2.669333e+02	4.145091e-27	2.689199e-31
2.669533e+02	4.128112e-27	2.678286e-31
2.669733e+02	4.111197e-27	2.667413e-31
2.669933e+02	4.094391e-27	2.656610e-31
2.670134e+02	4.077585e-27	2.645807e-31
2.670334e+02	4.060929e-27	2.635099e-31
2.670534e+02	4.044295e-27	2.624405e-31
2.670734e+02	4.027723e-27	2.613752e-31
2.670934e+02	4.011259e-27	2.603166e-31
2.671134e+02	3.994794e-27	2.592580e-31
2.671334e+02	3.978476e-27	2.582087e-31
2.671534e+02	3.962179e-27	2.571609e-31
2.671734e+02	3.945945e-27	2.561169e-31
2.671934e+02	3.929814e-27	2.550796e-31
2.672134e+02	3.913684e-27	2.540423e-31
2.672334e+02	3.897697e-27	2.530142e-31
2.672534e+02	3.881732e-27	2.519874e-31
2.672734e+02	3.865827e-27	2.509644e-31
2.672934e+02	3.850024e-27	2.499480e-31
2.673134e+02	3.834221e-27	2.489316e-31
2.673334e+02	3.818559e-27	2.479241e-31
2.673534e+02	3.802917e-27	2.469179e-31
2.673734e+02	3.787335e-27	2.459156e-31
2.673934e+02	3.771853e-27	2.449196e-31
2.674134e+02	3.756372e-27	2.439236e-31
2.674334e+02	3.741027e-27	2.429364e-31
2.674534e+02	3.725704e-27	2.419505e-31
2.674734e+02	3.710438e-27	2.409682e-31
2.674934e+02	3.695270e-27	2.399923e-31
2.675134e+02	3.680103e-27	2.390163e-31
2.675334e+02	3.665070e-27	2.380490e-31
2.675534e+02	3.650057e-27	2.370829e-31
2.675734e+02	3.635102e-27	2.361204e-31
2.675934e+02	3.620242e-27	2.351641e-31
2.676134e+02	3.605382e-27	2.342078e-31
2.676334e+02	3.590655e-27	2.332599e-31
2.676534e+02	3.575947e-27	2.323132e-31
2.676734e+02	3.561295e-27	2.313701e-31
2.676934e+02	3.546737e-27	2.304330e-31
2.677134e+02	3.532179e-27	2.294959e-31
2.677334e+02	3.517751e-27	2.285671e-31
2.677534e+02	3.503342e-27	2.276395e-31
2.677734e+02	3.488987e-27	2.267154e-31
2.677934e+02	3.474725e-27	2.257971e-31
2.678134e+02	3.460463e-27	2.248789e-31
2.678334e+02	3.446327e-27	2.239687e-31
2.678534e+02	3.432211e-27	2.230597e-31
2.678734e+02	3.418148e-27	2.221542e-31
2.678934e+02	3.404175e-27	2.212544e-31
2.679134e+02	3.390202e-27	2.203546e-31
2.679334e+02	3.376354e-27	2.194628e-31
2.679534e+02	3.362524e-27	2.185721e-31
2.679734e+02	3.348746e-27	2.176848e-31
2.679934e+02	3.335057e-27	2.168031e-31
2.680134e+02	3.321368e-27	2.159214e-31
2.680334e+02	3.307801e-27	2.150475e-31
2.680534e+02	3.294252e-27	2.141748e-31
2.680734e+02	3.280754e-27	2.133053e-31
2.680934e+02	3.267343e-27	2.124413e-31
2.681134e+02	3.253932e-27	2.115774e-31
2.681334e+02	3.240640e-27	2.107211e-31
2.681534e+02	3.227366e-27	2.098658e-31
2.681734e+02	3.214143e-27	2.090138e-31
2.681934e+02	3.201004e-27	2.081673e-31
2.682134e+02	3.187865e-27	2.073207e-31
2.682334e+02	3.174843e-27	2.064816e-31
2.682534e+02	3.161839e-27	2.056436e-31
2.682734e+02	3.148884e-27	2.048087e-31
2.682934e+02	3.136012e-27	2.039792e-31
2.683134e+02	3.123140e-27	2.031496e-31
2.683334e+02	3.110382e-27	2.023274e-31
2.683534e+02	3.097642e-27	2.015063e-31
2.683734e+02	3.084950e-27	2.006882e-31
2.683934e+02	3.072339e-27	1.998753e-31
2.684134e+02	3.059728e-27	1.990625e-31
2.684334e+02	3.047230e-27	1.982568e-31
2.684534e+02	3.034748e-27	1.974521e-31
2.684734e+02	3.022314e-27	1.966505e-31
2.684934e+02	3.009959e-27	1.958540e-31
2.685134e+02	2.997605e-27	1.950575e-31
2.685334e+02	2.985360e-27	1.942680e-31
2.685534e+02	2.973132e-27	1.934796e-31
2.685734e+02	2.960950e-27	1.926941e-31
2.685934e+02	2.948846e-27	1.919136e-31
2.686134e+02	2.936742e-27	1.911331e-31
2.686334e+02	2.924746e-27	1.903595e-31
2.686534e+02	2.912766e-27	1.895869e-31
2.686734e+02	2.900832e-27	1.888172e-31
2.686934e+02	2.888974e-27	1.880524e-31
2.687134e+02	2.877116e-27	1.872876e-31
2.687334e+02	2.865363e-27	1.865296e-31
2.687534e+02	2.853626e-27	1.857725e-31
2.687734e+02	2.841934e-27	1.850183e-31
2.687934e+02	2.830317e-27	1.842689e-31
2.688134e+02	2.818700e-27	1.835195e-31
2.688334e+02	2.807186e-27	1.827767e-31
2.688534e+02	2.795687e-27	1.820349e-31
2.688734e+02	2.784233e-27	1.812958e-31
2.688934e+02	2.772851e-27	1.805615e-31
2.689134e+02	2.761470e-27	1.798272e-31
2.689334e+02	2.750190e-27	1.790993e-31
2.689534e+02	2.738925e-27	1.783724e-31
2.689734e+02	2.727703e-27	1.776482e-31
2.689934e+02	2.716553e-27	1.769287e-31
2.690135e+02	2.705402e-27	1.762091e-31
2.690335e+02	2.694352e-27	1.754959e-31
2.690535e+02	2.683315e-27	1.747836e-31
2.690735e+02	2.672321e-27	1.740740e-31
2.690935e+02	2.661397e-27	1.733689e-31
2.691135e+02	2.650473e-27	1.726638e-31
2.691335e+02	2.639647e-27	1.719650e-31
2.691535e+02	2.628834e-27	1.712670e-31
2.691735e+02	2.618063e-27	1.705717e-31
2.691935e+02	2.607361e-27	1.698808e-31
2.692135e+02	2.596659e-27	1.691898e-31
2.692335e+02	2.586052e-27	1.685050e-31
2.692535e+02	2.575459e-27	1.678211e-31
2.692735e+02	2.564907e-27	1.671398e-31
2.692935e+02	2.554422e-27	1.664628e-31
2.693135e+02	2.543938e-27	1.657857e-31
2.693335e+02	2.533546e-27	1.651147e-31
2.693535e+02	2.523169e-27	1.644445e-31
2.693735e+02	2.512831e-27	1.637769e-31
2.693935e+02	2.502559e-27	1.631135e-31
2.694135e+02	2.492287e-27	1.624501e-31
2.694335e+02	2.482107e-27	1.617926e-31
2.694535e+02	2.471939e-27	1.611359e-31
2.694735e+02	2.461811e-27	1.604817e-31
2.694935e+02	2.451748e-27	1.598316e-31
2.695135e+02	2.441685e-27	1.591816e-31
2.695335e+02	2.431711e-27	1.585373e-31
2.695535e+02	2.421750e-27	1.578938e-31
2.695735e+02	2.411828e-27	1.572528e-31
2.695935e+02	2.401969e-27	1.566158e-31
2.696135e+02	2.392110e-27	1.559788e-31
2.696335e+02	2.382339e-27	1.553475e-31
2.696535e+02	2.372580e-27	1.547169e-31
2.696735e+02	2.362860e-27	1.540888e-31
2.696935e+02	2.353201e-27	1.534646e-31
2.697135e+02	2.343542e-27	1.528404e-31
2.697335e+02	2.333969e-27	1.522218e-31
2.697535e+02	2.324409e-27	1.516039e-31
2.697735e+02	2.314885e-27	1.509884e-31
2.697935e+02	2.305423e-27	1.503768e-31
2.698135e+02	2.295960e-27	1.497652e-31
2.698335e+02	2.286582e-27	1.491590e-31
2.698535e+02	2.277215e-27	1.485536e-31
2.698735e+02	2.267885e-27	1.479504e-31
2.698935e+02	2.258615e-27	1.473511e-31
2.699135e+02	2.249344e-27	1.467518e-31
2.699335e+02	2.240156e-27	1.461578e-31
2.699535e+02	2.230980e-27	1.455646e-31
2.699735e+02	2.221839e-27	1.449736e-31
2.699935e+02	2.212757e-27	1.443863e-31
2.700135e+02	2.203675e-27	1.437991e-31
2.700335e+02	2.194673e-27	1.432170e-31
2.700535e+02	2.185684e-27	1.426357e-31
2.700735e+02	2.176729e-27	1.420566e-31
2.700935e+02	2.167831e-27	1.414811e-31
2.701135e+02	2.158933e-27	1.409057e-31
2.701335e+02	2.150114e-27	1.403353e-31
2.701535e+02	2.141307e-27	1.397657e-31
2.701735e+02	2.132534e-27	1.391983e-31
2.701935e+02	2.123816e-27	1.386344e-31
2.702135e+02	2.115099e-27	1.380705e-31
2.702335e+02	2.106460e-27	1.375117e-31
2.702535e+02	2.097831e-27	1.369535e-31
2.702735e+02	2.089236e-27	1.363975e-31
2.702935e+02	2.080696e-27	1.358449e-31
2.703135e+02	2.072155e-27	1.352924e-31
2.703335e+02	2.063692e-27	1.347448e-31
2.703535e+02	2.055238e-27	1.341978e-31
2.703735e+02	2.046818e-27	1.336530e-31
2.703935e+02	2.038451e-27	1.331116e-31
2.704135e+02	2.030084e-27	1.325701e-31
2.704335e+02	2.021792e-27	1.320335e-31
2.704535e+02	2.013510e-27	1.314976e-31
2.704735e+02	2.005260e-27	1.309637e-31
2.704935e+02	1.997063e-27	1.304332e-31
2.705135e+02	1.988866e-27	1.299027e-31
2.705335e+02	1.980743e-27	1.293768e-31
2.705535e+02	1.972629e-27	1.288517e-31
2.705735e+02	1.964547e-27	1.283285e-31
2.705935e+02	1.956516e-27	1.278087e-31
2.706135e+02	1.948486e-27	1.272888e-31
2.706335e+02	1.940527e-27	1.267736e-31
2.706535e+02	1.932578e-27	1.262590e-31
2.706735e+02	1.924660e-27	1.257464e-31
2.706935e+02	1.916793e-27	1.252370e-31
2.707135e+02	1.908925e-27	1.247276e-31
2.707335e+02	1.901128e-27	1.242227e-31
2.707535e+02	1.893341e-27	1.237185e-31
2.707735e+02	1.885583e-27	1.232162e-31
2.707935e+02	1.877876e-27	1.227170e-31
2.708135e+02	1.870168e-27	1.222179e-31
2.708335e+02	1.862529e-27	1.217231e-31
2.708535e+02	1.854900e-27	1.212290e-31
2.708735e+02	1.847300e-27	1.207368e-31
2.708935e+02	1.839749e-27	1.202477e-31
2.709135e+02	1.832197e-27	1.197586e-31
2.709335e+02	1.824714e-27	1.192739e-31
2.709535e+02	1.817239e-27	1.187897e-31
2.709735e+02	1.809794e-27	1.183074e-31
2.709935e+02	1.802396e-27	1.178281e-31
2.710136e+02	1.794998e-27	1.173488e-31
2.710336e+02	1.787666e-27	1.168738e-31
2.710536e+02	1.780343e-27	1.163994e-31
2.710736e+02	1.773049e-27	1.159268e-31
2.710936e+02	1.765801e-27	1.154572e-31
2.711136e+02	1.758553e-27	1.149876e-31
2.711336e+02	1.751371e-27	1.145221e-31
2.711536e+02	1.744197e-27	1.140572e-31
2.711736e+02	1.737051e-27	1.135941e-31
2.711936e+02	1.729950e-27	1.131339e-31
2.712136e+02	1.722849e-27	1.126738e-31
2.712336e+02	1.715812e-27	1.122177e-31
2.712536e+02	1.708784e-27	1.117621e-31
2.712736e+02	1.701783e-27	1.113084e-31
2.712936e+02	1.694827e-27	1.108574e-31
2.713136e+02	1.687870e-27	1.104065e-31
2.713336e+02	1.680976e-27	1.099596e-31
2.713536e+02	1.674090e-27	1.095132e-31
2.713736e+02	1.667232e-27	1.090686e-31
2.713936e+02	1.660416e-27	1.086267e-31
2.714136e+02	1.653601e-27	1.081849e-31
2.714336e+02	1.646847e-27	1.077470e-31
2.714536e+02	1.640101e-27	1.073096e-31
2.714736e+02	1.633382e-27	1.068739e-31
2.714936e+02	1.626705e-27	1.064409e-31
2.715136e+02	1.620028e-27	1.060079e-31
2.715336e+02	1.613411e-27	1.055788e-31
2.715536e+02	1.606802e-27	1.051502e-31
2.715736e+02	1.600219e-27	1.047233e-31
2.715936e+02	1.593677e-27	1.042991e-31
2.716136e+02	1.587136e-27	1.038748e-31
2.716336e+02	1.580653e-27	1.034543e-31
2.716536e+02	1.574179e-27	1.030344e-31
2.716736e+02	1.567729e-27	1.026160e-31
2.716936e+02	1.561321e-27	1.022003e-31
2.717136e+02	1.554912e-27	1.017846e-31
2.717336e+02	1.548561e-27	1.013725e-31
2.717536e+02	1.542218e-27	1.009610e-31
2.717736e+02	1.535900e-27	1.005511e-31
2.717936e+02	1.529621e-27	1.001437e-31
2.718136e+02	1.523343e-27	9.973638e-32
2.718336e+02	1.517121e-27	9.933265e-32
2.718536e+02	1.510906e-27	9.892941e-32
2.718736e+02	1.504716e-27	9.852773e-32
2.718936e+02	1.498565e-27	9.812856e-32
2.719136e+02	1.492414e-27	9.772940e-32
2.719336e+02	1.486319e-27	9.733379e-32
2.719536e+02	1.480230e-27	9.693866e-32
2.719736e+02	1.474166e-27	9.654506e-32
2.719936e+02	1.468140e-27	9.615393e-32
2.720136e+02	1.462114e-27	9.576279e-32
2.720336e+02	1.456142e-27	9.537515e-32
2.720536e+02	1.450177e-27	9.498797e-32
2.720736e+02	1.444236e-27	9.460229e-32
2.720936e+02	1.438332e-27	9.421902e-32
2.721136e+02	1.432428e-27	9.383575e-32
2.721336e+02	1.426578e-27	9.345591e-32
2.721536e+02	1.420734e-27	9.307651e-32
2.721736e+02	1.414914e-27	9.269859e-32
2.721936e+02	1.409130e-27	9.232304e-32
2.722136e+02	1.403346e-27	9.194748e-32
2.722336e+02	1.397614e-27	9.157528e-32
2.722536e+02	1.391889e-27	9.120352e-32
2.722736e+02	1.386187e-27	9.083320e-32
2.722936e+02	1.380520e-27	9.046520e-32
2.723136e+02	1.374854e-27	9.009719e-32
2.723336e+02	1.369238e-27	8.973248e-32
2.723536e+02	1.363630e-27	8.936820e-32
2.723736e+02	1.358043e-27	8.900533e-32
2.723936e+02	1.352491e-27	8.864473e-32
2.724136e+02	1.346940e-27	8.828413e-32
2.724336e+02	1.341439e-27	8.792676e-32
2.724536e+02	1.335944e-27	8.756980e-32
2.724736e+02	1.330471e-27	8.721424e-32
2.724936e+02	1.325032e-27	8.686089e-32
2.725136e+02	1.319593e-27	8.650755e-32
2.725336e+02	1.314203e-27	8.615736e-32
2.725536e+02	1.308820e-27	8.580759e-32
2.725736e+02	1.303458e-27	8.545918e-32
2.725936e+02	1.298130e-27	8.511294e-32
2.726136e+02	1.292802e-27	8.476670e-32
2.726336e+02	1.287521e-27	8.442356e-32
2.726536e+02	1.282247e-27	8.408083e-32
2.726736e+02	1.276994e-27	8.373942e-32
2.726936e+02	1.271774e-27	8.340015e-32
2.727136e+02	1.266554e-27	8.306088e-32
2.727336e+02	1.261381e-27	8.272465e-32
2.727536e+02	1.256214e-27	8.238880e-32
2.727736e+02	1.251067e-27	8.205427e-32
2.727936e+02	1.245953e-27	8.172182e-32
2.728136e+02	1.240839e-27	8.138938e-32
2.728336e+02	1.235771e-27	8.105991e-32
2.728536e+02	1.230709e-27	8.073082e-32
2.728736e+02	1.225667e-27	8.040302e-32
2.728936e+02	1.220657e-27	8.007726e-32
2.729136e+02	1.215647e-27	7.975151e-32
2.729336e+02	1.210682e-27	7.942866e-32
2.729536e+02	1.205722e-27	7.910620e-32
2.729736e+02	1.200783e-27	7.878499e-32
2.729936e+02	1.195874e-27	7.846579e-32
2.730137e+02	1.190965e-27	7.814658e-32
2.730337e+02	1.186101e-27	7.783024e-32
2.730537e+02	1.181243e-27	7.751426e-32
2.730737e+02	1.176403e-27	7.719951e-32
2.730937e+02	1.171594e-27	7.688673e-32
2.731137e+02	1.166785e-27	7.657395e-32
2.731337e+02	1.162020e-27	7.626397e-32
2.731537e+02	1.157260e-27	7.595435e-32
2.731737e+02	1.152519e-27	7.564594e-32
2.731937e+02	1.147808e-27	7.533945e-32
2.732137e+02	1.143096e-27	7.503296e-32
2.732337e+02	1.138428e-27	7.472921e-32
2.732537e+02	1.133765e-27	7.442582e-32
2.732737e+02	1.129120e-27	7.412361e-32
2.732937e+02	1.124504e-27	7.382329e-32
2.733137e+02	1.119888e-27	7.352297e-32
2.733337e+02	1.115314e-27	7.322533e-32
2.733537e+02	1.110746e-27	7.292805e-32
2.733737e+02	1.106195e-27	7.263192e-32
2.733937e+02	1.101673e-27	7.233764e-32
2.734137e+02	1.097152e-27	7.204336e-32
2.734337e+02	1.092670e-27	7.175171e-32
2.734537e+02	1.088195e-27	7.146041e-32
2.734737e+02	1.083737e-27	7.117024e-32
2.734937e+02	1.079306e-27	7.088188e-32
2.735137e+02	1.074876e-27	7.059351e-32
2.735337e+02	1.070486e-27	7.030774e-32
2.735537e+02	1.066101e-27	7.002229e-32
2.735737e+02	1.061734e-27	6.973796e-32
2.735937e+02	1.057394e-27	6.945540e-32
2.736137e+02	1.053053e-27	6.917284e-32
2.736337e+02	1.048752e-27	6.889282e-32
2.736537e+02	1.044457e-27	6.861311e-32
2.736737e+02	1.040178e-27	6.833451e-32
2.736937e+02	1.035926e-27	6.805763e-32
2.737137e+02	1.031673e-27	6.778075e-32
2.737337e+02	1.027460e-27	6.750636e-32
2.737537e+02	1.023251e-27	6.723229e-32
2.737737e+02	1.019059e-27	6.695928e-32
2.737937e+02	1.014893e-27	6.668798e-32
2.738137e+02	1.010728e-27	6.641667e-32
2.738337e+02	1.006600e-27	6.614780e-32
2.738537e+02	1.002476e-27	6.587924e-32
2.738737e+02	9.983695e-28	6.561173e-32
2.738937e+02	9.942884e-28	6.534589e-32
2.739137e+02	9.902072e-28	6.508004e-32
2.739337e+02	9.861630e-28	6.481658e-32
2.739537e+02	9.821235e-28	6.455342e-32
2.739737e+02	9.781000e-28	6.429129e-32
2.739937e+02	9.741016e-28	6.403079e-32
2.740137e+02	9.701033e-28	6.377030e-32
2.740337e+02	9.661413e-28	6.351214e-32
2.740537e+02	9.621838e-28	6.325427e-32
2.740737e+02	9.582419e-28	6.299742e-32
2.740937e+02	9.543248e-28	6.274216e-32
2.741137e+02	9.504077e-28	6.248691e-32
2.741337e+02	9.465260e-28	6.223394e-32
2.741537e+02	9.426489e-28	6.198126e-32
2.741737e+02	9.387871e-28	6.172958e-32
2.741937e+02	9.349495e-28	6.147946e-32
2.742137e+02	9.311119e-28	6.122934e-32
2.742337e+02	9.273091e-28	6.098146e-32
2.742537e+02	9.235106e-28	6.073387e-32
2.742737e+02	9.197272e-28	6.048725e-32
2.742937e+02	9.159675e-28	6.024216e-32
2.743137e+02	9.122079e-28	5.999707e-32
2.743337e+02	9.084823e-28	5.975418e-32
2.743537e+02	9.047609e-28	5.951157e-32
2.743737e+02	9.010544e-28	5.926992e-32
2.743937e+02	8.973710e-28	5.902976e-32
2.744137e+02	8.936877e-28	5.878960e-32
2.744337e+02	8.900377e-28	5.855160e-32
2.744537e+02	8.863919e-28	5.831387e-32
2.744737e+02	8.827606e-28	5.807707e-32
2.744937e+02	8.791521e-28	5.784175e-32
2.745137e+02	8.755435e-28	5.760642e-32
2.745337e+02	8.719676e-28	5.737321e-32
2.745537e+02	8.683959e-28	5.714026e-32
2.745737e+02	8.648383e-28	5.690823e-32
2.745937e+02	8.613030e-28	5.667764e-32
2.746137e+02	8.577677e-28	5.644705e-32
2.746337e+02	8.542645e-28	5.621853e-32
2.746537e+02	8.507652e-28	5.599027e-32
2.746737e+02	8.472799e-28	5.576291e-32
2.746937e+02	8.438164e-28	5.553696e-32
2.747137e+02	8.403528e-28	5.531100e-32
2.747337e+02	8.369207e-28	5.508708e-32
2.747537e+02	8.334925e-28	5.486342e-32
2.747737e+02	8.300780e-28	5.464063e-32
2.747937e+02	8.266847e-28	5.441922e-32
2.748137e+02	8.232915e-28	5.419782e-32
2.748337e+02	8.199291e-28	5.397840e-32
2.748537e+02	8.165705e-28	5.375924e-32
2.748737e+02	8.132253e-28	5.354093e-32
2.748937e+02	8.099010e-28	5.332398e-32
2.749137e+02	8.065766e-28	5.310703e-32
2.749337e+02	8.032825e-28	5.289203e-32
2.749537e+02	7.999921e-28	5.267727e-32
2.749737e+02	7.967148e-28	5.246336e-32
2.749937e+02	7.934579e-28	5.225078e-32
2.750138e+02	7.902011e-28	5.203819e-32
2.750338e+02	7.869739e-28	5.182752e-32
2.750538e+02	7.837502e-28	5.161708e-32
2.750738e+02	7.805395e-28	5.140747e-32
2.750938e+02	7.773488e-28	5.119916e-32
2.751138e+02	7.741581e-28	5.099086e-32
2.751338e+02	7.709963e-28	5.078442e-32
2.751538e+02	7.678382e-28	5.057822e-32
2.751738e+02	7.646926e-28	5.037283e-32
2.751938e+02	7.615667e-28	5.016871e-32
2.752138e+02	7.584407e-28	4.996459e-32
2.752338e+02	7.553432e-28	4.976232e-32
2.752538e+02	7.522492e-28	4.956026e-32
2.752738e+02	7.491675e-28	4.935901e-32
2.752938e+02	7.461050e-28	4.915899e-32
2.753138e+02	7.430425e-28	4.895898e-32
2.753338e+02	7.400079e-28	4.876077e-32
2.753538e+02	7.369767e-28	4.856279e-32
2.753738e+02	7.339576e-28	4.836558e-32
2.753938e+02	7.309573e-28	4.816959e-32
2.754138e+02	7.279570e-28	4.797361e-32
2.754338e+02	7.249840e-28	4.777939e-32
2.754538e+02	7.220143e-28	4.758538e-32
2.754738e+02	7.190564e-28	4.739214e-32
2.754938e+02	7.161171e-28	4.720010e-32
2.755138e+02	7.131777e-28	4.700806e-32
2.755338e+02	7.102650e-28	4.681774e-32
2.755538e+02	7.073556e-28	4.662764e-32
2.755738e+02	7.044579e-28	4.643829e-32
2.755938e+02	7.015782e-28	4.625011e-32
2.756138e+02	6.986985e-28	4.606194e-32
2.756338e+02	6.958450e-28	4.587545e-32
2.756538e+02	6.929946e-28	4.568918e-32
2.756738e+02	6.901557e-28	4.550364e-32
2.756938e+02	6.873345e-28	4.531924e-32
2.757138e+02	6.845132e-28	4.513485e-32
2.757338e+02	6.817177e-28	4.495212e-32
2.757538e+02	6.789252e-28	4.476959e-32
2.757738e+02	6.761439e-28	4.458779e-32
2.757938e+02	6.733800e-28	4.440711e-32
2.758138e+02	6.706160e-28	4.422642e-32
2.758338e+02	6.678772e-28	4.404737e-32
2.758538e+02	6.651414e-28	4.386851e-32
2.758738e+02	6.624166e-28	4.369037e-32
2.758938e+02	6.597088e-28	4.351332e-32
2.759138e+02	6.570009e-28	4.333627e-32
2.759338e+02	6.543177e-28	4.316082e-32
2.759538e+02	6.516375e-28	4.298557e-32
2.759738e+02	6.489680e-28	4.281101e-32
2.759938e+02	6.463151e-28	4.263752e-32
2.760138e+02	6.436623e-28	4.246403e-32
2.760338e+02	6.410336e-28	4.229212e-32
2.760538e+02	6.384077e-28	4.212039e-32
2.760738e+02	6.357925e-28	4.194934e-32
2.760938e+02	6.331935e-28	4.177934e-32
2.761138e+02	6.305944e-28	4.160935e-32
2.761338e+02	6.280191e-28	4.144089e-32
2.761538e+02	6.254466e-28	4.127261e-32
2.761738e+02	6.228844e-28	4.110501e-32
2.761938e+02	6.203382e-28	4.093843e-32
2.762138e+02	6.177919e-28	4.077186e-32
2.762338e+02	6.152689e-28	4.060679e-32
2.762538e+02	6.127486e-28	4.044190e-32
2.762738e+02	6.102385e-28	4.027767e-32
2.762938e+02	6.077439e-28	4.011445e-32
2.763138e+02	6.052493e-28	3.995122e-32
2.763338e+02	6.027775e-28	3.978948e-32
2.763538e+02	6.003084e-28	3.962790e-32
2.763738e+02	5.978492e-28	3.946698e-32
2.763938e+02	5.954053e-28	3.930704e-32
2.764138e+02	5.929614e-28	3.914710e-32
2.764338e+02	5.905398e-28	3.898861e-32
2.764538e+02	5.881208e-28	3.883029e-32
2.764738e+02	5.857116e-28	3.867260e-32
2.764938e+02	5.833173e-28	3.851588e-32
2.765138e+02	5.809230e-28	3.835916e-32
2.765338e+02	5.785505e-28	3.820385e-32
2.765538e+02	5.761807e-28	3.804872e-32
2.765738e+02	5.738203e-28	3.789420e-32
2.765938e+02	5.714746e-28	3.774064e-32
2.766138e+02	5.691290e-28	3.758707e-32
2.766338e+02	5.668047e-28	3.743489e-32
2.766538e+02	5.644829e-28	3.728288e-32
2.766738e+02	5.621705e-28	3.713147e-32
2.766938e+02	5.598724e-28	3.698100e-32
2.767138e+02	5.575744e-28	3.683052e-32
2.767338e+02	5.552973e-28	3.668141e-32
2.767538e+02	5.530227e-28	3.653245e-32
2.767738e+02	5.507572e-28	3.638409e-32
2.767938e+02	5.485058e-28	3.623664e-32
2.768138e+02	5.462544e-28	3.608919e-32
2.768338e+02	5.440236e-28	3.594308e-32
2.768538e+02	5.417951e-28	3.579712e-32
2.768738e+02	5.395757e-28	3.565175e-32
2.768938e+02	5.373700e-28	3.550727e-32
2.769138e+02	5.351643e-28	3.536279e-32
2.769338e+02	5.329787e-28	3.521961e-32
2.769538e+02	5.307955e-28	3.507659e-32
2.769738e+02	5.286211e-28	3.493414e-32
2.769938e+02	5.264602e-28	3.479257e-32
2.770139e+02	5.242993e-28	3.465100e-32
2.770339e+02	5.221581e-28	3.451070e-32
2.770539e+02	5.200192e-28	3.437056e-32
2.770739e+02	5.178890e-28	3.423098e-32
2.770939e+02	5.157719e-28	3.409225e-32
2.771139e+02	5.136549e-28	3.395353e-32
2.771339e+02	5.115572e-28	3.381606e-32
2.771539e+02	5.094617e-28	3.367874e-32
2.771739e+02	5.073747e-28	3.354196e-32
2.771939e+02	5.053007e-28	3.340603e-32
2.772139e+02	5.032266e-28	3.327010e-32
2.772339e+02	5.011715e-28	3.313539e-32
2.772539e+02	4.991186e-28	3.300083e-32
2.772739e+02	4.970740e-28	3.286681e-32
2.772939e+02	4.950420e-28	3.273362e-32
2.773139e+02	4.930100e-28	3.260042e-32
2.773339e+02	4.909967e-28	3.246843e-32
2.773539e+02	4.889854e-28	3.233657e-32
2.773739e+02	4.869823e-28	3.220525e-32
2.773939e+02	4.849916e-28	3.207473e-32
2.774139e+02	4.830009e-28	3.194421e-32
2.774339e+02	4.810284e-28	3.181488e-32
2.774539e+02	4.790580e-28	3.168568e-32
2.774739e+02	4.770956e-28	3.155700e-32
2.774939e+02	4.751453e-28	3.142911e-32
2.775139e+02	4.731950e-28	3.130122e-32
2.775339e+02	4.712626e-28	3.117448e-32
2.775539e+02	4.693322e-28	3.104789e-32
2.775739e+02	4.674096e-28	3.092180e-32
2.775939e+02	4.654989e-28	3.079648e-32
2.776139e+02	4.635882e-28	3.067116e-32
2.776339e+02	4.616950e-28	3.054698e-32
2.776539e+02	4.598038e-28	3.042293e-32
2.776739e+02	4.579202e-28	3.029937e-32
2.776939e+02	4.560483e-28	3.017658e-32
2.777139e+02	4.541764e-28	3.005378e-32
2.777339e+02	4.523216e-28	2.993210e-32
2.777539e+02	4.504688e-28	2.981054e-32
2.777739e+02	4.486235e-28	2.968948e-32
2.777939e+02	4.467896e-28	2.956915e-32
2.778139e+02	4.449557e-28	2.944883e-32
2.778339e+02	4.431386e-28	2.932959e-32
2.778539e+02	4.413234e-28	2.921048e-32
2.778739e+02	4.395156e-28	2.909185e-32
2.778939e+02	4.377189e-28	2.897395e-32
2.779139e+02	4.359222e-28	2.885604e-32
2.779339e+02	4.341420e-28	2.873921e-32
2.779539e+02	4.323637e-28	2.862250e-32
2.779739e+02	4.305925e-28	2.850626e-32
2.779939e+02	4.288323e-28	2.839073e-32
2.780139e+02	4.270721e-28	2.827519e-32
2.780339e+02	4.253281e-28	2.816071e-32
2.780539e+02	4.235858e-28	2.804635e-32
2.780739e+02	4.218507e-28	2.793245e-32
2.780939e+02	4.201262e-28	2.781924e-32
2.781139e+02	4.184017e-28	2.770603e-32
2.781339e+02	4.166931e-28	2.759385e-32
2.781539e+02	4.149862e-28	2.748179e-32
2.781739e+02	4.132863e-28	2.737018e-32
2.781939e+02	4.115968e-28	2.725925e-32
2.782139e+02	4.099074e-28	2.714832e-32
2.782339e+02	4.082334e-28	2.703840e-32
2.782539e+02	4.065612e-28	2.692860e-32
2.782739e+02	4.048958e-28	2.681923e-32
2.782939e+02	4.032406e-28	2.671054e-32
2.783139e+02	4.015855e-28	2.660184e-32
2.783339e+02	3.999455e-28	2.649413e-32
2.783539e+02	3.983072e-28	2.638653e-32
2.783739e+02	3.966756e-28	2.627937e-32
2.783939e+02	3.950541e-28	2.617286e-32
2.784139e+02	3.934325e-28	2.606635e-32
2.784339e+02	3.918258e-28	2.596081e-32
2.784539e+02	3.902208e-28	2.585538e-32
2.784739e+02	3.886224e-28	2.575037e-32
2.784939e+02	3.870337e-28	2.564601e-32
2.785139e+02	3.854451e-28	2.554164e-32
2.785339e+02	3.838710e-28	2.543823e-32
2.785539e+02	3.822986e-28	2.533492e-32
2.785739e+02	3.807326e-28	2.523202e-32
2.785939e+02	3.791762e-28	2.512976e-32
2.786139e+02	3.776198e-28	2.502749e-32
2.786339e+02	3.760777e-28	2.492616e-32
2.786539e+02	3.745372e-28	2.482493e-32
2.786739e+02	3.730030e-28	2.472410e-32
2.786939e+02	3.714782e-28	2.462390e-32
2.787139e+02	3.699535e-28	2.452369e-32
2.787339e+02	3.684427e-28	2.442439e-32
2.787539e+02	3.669334e-28	2.432520e-32
2.787739e+02	3.654304e-28	2.422641e-32
2.787939e+02	3.639366e-28	2.412822e-32
2.788139e+02	3.624427e-28	2.403002e-32
2.788339e+02	3.609626e-28	2.393273e-32
2.788539e+02	3.594840e-28	2.383553e-32
2.788739e+02	3.580115e-28	2.373873e-32
2.788939e+02	3.565480e-28	2.364251e-32
2.789139e+02	3.550845e-28	2.354630e-32
2.789339e+02	3.536344e-28	2.345096e-32
2.789539e+02	3.521859e-28	2.335572e-32
2.789739e+02	3.507432e-28	2.326086e-32
2.789939e+02	3.493094e-28	2.316658e-32
2.790140e+02	3.478756e-28	2.307230e-32
2.790340e+02	3.464550e-28	2.297888e-32
2.790540e+02	3.450359e-28	2.288556e-32
2.790740e+02	3.436225e-28	2.279261e-32
2.790940e+02	3.422178e-28	2.270023e-32
2.791140e+02	3.408131e-28	2.260785e-32
2.791340e+02	3.394214e-28	2.251631e-32
2.791540e+02	3.380310e-28	2.242486e-32
2.791740e+02	3.366464e-28	2.233378e-32
2.791940e+02	3.352702e-28	2.224326e-32
2.792140e+02	3.338940e-28	2.215274e-32
2.792340e+02	3.325305e-28	2.206304e-32
2.792540e+02	3.311684e-28	2.197344e-32
2.792740e+02	3.298118e-28	2.188419e-32
2.792940e+02	3.284636e-28	2.179549e-32
2.793140e+02	3.271154e-28	2.170679e-32
2.793340e+02	3.257796e-28	2.161890e-32
2.793540e+02	3.244451e-28	2.153110e-32
2.793740e+02	3.231161e-28	2.144365e-32
2.793940e+02	3.217952e-28	2.135673e-32
2.794140e+02	3.204744e-28	2.126982e-32
2.794340e+02	3.191657e-28	2.118370e-32
2.794540e+02	3.178583e-28	2.109766e-32
2.794740e+02	3.165563e-28	2.101197e-32
2.794940e+02	3.152622e-28	2.092681e-32
2.795140e+02	3.139682e-28	2.084164e-32
2.795340e+02	3.126861e-28	2.075725e-32
2.795540e+02	3.114052e-28	2.067295e-32
2.795740e+02	3.101297e-28	2.058898e-32
2.795940e+02	3.088619e-28	2.050553e-32
2.796140e+02	3.075941e-28	2.042208e-32
2.796340e+02	3.063380e-28	2.033939e-32
2.796540e+02	3.050832e-28	2.025678e-32
2.796740e+02	3.038335e-28	2.017451e-32
2.796940e+02	3.025915e-28	2.009274e-32
2.797140e+02	3.013494e-28	2.001096e-32
2.797340e+02	3.001188e-28	1.992994e-32
2.797540e+02	2.988895e-28	1.984899e-32
2.797740e+02	2.976652e-28	1.976837e-32
2.797940e+02	2.964484e-28	1.968825e-32
2.798140e+02	2.952316e-28	1.960812e-32
2.798340e+02	2.940259e-28	1.952872e-32
2.798540e+02	2.928215e-28	1.944941e-32
2.798740e+02	2.916221e-28	1.937041e-32
2.798940e+02	2.904300e-28	1.929190e-32
2.799140e+02	2.892379e-28	1.921338e-32
2.799340e+02	2.880567e-28	1.913559e-32
2.799540e+02	2.868768e-28	1.905787e-32
2.799740e+02	2.857017e-28	1.898046e-32
2.799940e+02	2.845338e-28	1.890353e-32
2.800140e+02	2.833659e-28	1.882659e-32
2.800340e+02	2.822087e-28	1.875036e-32
2.800540e+02	2.810527e-28	1.867421e-32
2.800740e+02	2.799015e-28	1.859836e-32
2.800940e+02	2.787573e-28	1.852297e-32
2.801140e+02	2.776131e-28	1.844759e-32
2.801340e+02	2.764794e-28	1.837289e-32
2.801540e+02	2.753469e-28	1.829827e-32
2.801740e+02	2.742190e-28	1.822395e-32
2.801940e+02	2.730981e-28	1.815008e-32
2.802140e+02	2.719771e-28	1.807621e-32
2.802340e+02	2.708665e-28	1.800302e-32
2.802540e+02	2.697569e-28	1.792989e-32
2.802740e+02	2.686520e-28	1.785707e-32
2.802940e+02	2.675537e-28	1.778469e-32
2.803140e+02	2.664555e-28	1.771231e-32
2.803340e+02	2.653674e-28	1.764059e-32
2.803540e+02	2.642804e-28	1.756894e-32
2.803740e+02	2.631979e-28	1.749758e-32
2.803940e+02	2.621220e-28	1.742665e-32
2.804140e+02	2.610461e-28	1.735573e-32
2.804340e+02	2.599801e-28	1.728545e-32
2.804540e+02	2.589151e-28	1.721524e-32
2.804740e+02	2.578546e-28	1.714532e-32
2.804940e+02	2.568005e-28	1.707582e-32
2.805140e+02	2.557464e-28	1.700633e-32
2.805340e+02	2.547021e-28	1.693746e-32
2.805540e+02	2.536588e-28	1.686867e-32
2.805740e+02	2.526197e-28	1.680015e-32
2.805940e+02	2.515871e-28	1.673206e-32
2.806140e+02	2.505544e-28	1.666396e-32
2.806340e+02	2.495312e-28	1.659648e-32
2.806540e+02	2.485091e-28	1.652907e-32
2.806740e+02	2.474912e-28	1.646193e-32
2.806940e+02	2.464795e-28	1.639521e-32
2.807140e+02	2.454678e-28	1.632848e-32
2.807340e+02	2.444654e-28	1.626236e-32
2.807540e+02	2.434640e-28	1.619631e-32
2.807740e+02	2.424668e-28	1.613052e-32
2.807940e+02	2.414756e-28	1.606514e-32
2.808140e+02	2.404844e-28	1.599975e-32
2.808340e+02	2.395024e-28	1.593496e-32
2.808540e+02	2.385213e-28	1.587024e-32
2.808740e+02	2.375443e-28	1.580578e-32
2.808940e+02	2.365733e-28	1.574171e-32
2.809140e+02	2.356022e-28	1.567764e-32
2.809340e+02	2.346401e-28	1.561416e-32
2.809540e+02	2.336790e-28	1.555074e-32
2.809740e+02	2.327218e-28	1.548757e-32
2.809940e+02	2.317705e-28	1.542479e-32
2.810141e+02	2.308192e-28	1.536201e-32
2.810341e+02	2.298766e-28	1.529981e-32
2.810541e+02	2.289350e-28	1.523766e-32
2.810741e+02	2.279972e-28	1.517577e-32
2.810941e+02	2.270652e-28	1.511426e-32
2.811141e+02	2.261332e-28	1.505274e-32
2.811341e+02	2.252098e-28	1.499179e-32
2.811541e+02	2.242873e-28	1.493089e-32
2.811741e+02	2.233686e-28	1.487025e-32
2.811941e+02	2.224555e-28	1.480997e-32
2.812141e+02	2.215424e-28	1.474969e-32
2.812341e+02	2.206377e-28	1.468996e-32
2.812541e+02	2.197339e-28	1.463029e-32
2.812741e+02	2.188339e-28	1.457087e-32
2.812941e+02	2.179393e-28	1.451180e-32
2.813141e+02	2.170447e-28	1.445274e-32
2.813341e+02	2.161585e-28	1.439422e-32
2.813541e+02	2.152730e-28	1.433575e-32
2.813741e+02	2.143912e-28	1.427752e-32
2.813941e+02	2.135148e-28	1.421964e-32
2.814141e+02	2.126384e-28	1.416177e-32
2.814341e+02	2.117701e-28	1.410442e-32
2.814541e+02	2.109027e-28	1.404713e-32
2.814741e+02	2.100388e-28	1.399007e-32
2.814941e+02	2.091802e-28	1.393336e-32
2.815141e+02	2.083216e-28	1.387665e-32
2.815341e+02	2.074709e-28	1.382046e-32
2.815541e+02	2.066211e-28	1.376432e-32
2.815741e+02	2.057747e-28	1.370841e-32
2.815941e+02	2.049336e-28	1.365284e-32
2.816141e+02	2.040924e-28	1.359727e-32
2.816341e+02	2.032590e-28	1.354221e-32
2.816541e+02	2.024264e-28	1.348720e-32
2.816741e+02	2.015972e-28	1.343242e-32
2.816941e+02	2.007731e-28	1.337797e-32
2.817141e+02	1.999490e-28	1.332352e-32
2.817341e+02	1.991326e-28	1.326957e-32
2.817541e+02	1.983169e-28	1.321567e-32
2.817741e+02	1.975046e-28	1.316199e-32
2.817941e+02	1.966972e-28	1.310863e-32
2.818141e+02	1.958898e-28	1.305528e-32
2.818341e+02	1.950899e-28	1.300241e-32
2.818541e+02	1.942908e-28	1.294959e-32
2.818741e+02	1.934950e-28	1.289699e-32
2.818941e+02	1.927040e-28	1.284471e-32
2.819141e+02	1.919130e-28	1.279243e-32
2.819341e+02	1.911293e-28	1.274063e-32
2.819541e+02	1.903464e-28	1.268888e-32
2.819741e+02	1.895668e-28	1.263734e-32
2.819941e+02	1.887918e-28	1.258611e-32
2.820141e+02	1.880169e-28	1.253488e-32
2.820341e+02	1.872492e-28	1.248412e-32
2.820541e+02	1.864821e-28	1.243341e-32
2.820741e+02	1.857183e-28	1.238290e-32
2.820941e+02	1.849591e-28	1.233271e-32
2.821141e+02	1.841999e-28	1.228251e-32
2.821341e+02	1.834478e-28	1.223277e-32
2.821541e+02	1.826963e-28	1.218308e-32
2.821741e+02	1.819480e-28	1.213359e-32
2.821941e+02	1.812042e-28	1.208441e-32
2.822141e+02	1.804604e-28	1.203522e-32
2.822341e+02	1.797236e-28	1.198648e-32
2.822541e+02	1.789874e-28	1.193779e-32
2.822741e+02	1.782542e-28	1.188930e-32
2.822941e+02	1.775256e-28	1.184110e-32
2.823141e+02	1.767969e-28	1.179290e-32
2.823341e+02	1.760749e-28	1.174515e-32
2.823541e+02	1.753537e-28	1.169744e-32
2.823741e+02	1.746355e-28	1.164993e-32
2.823941e+02	1.739216e-28	1.160270e-32
2.824141e+02	1.732077e-28	1.155547e-32
2.824341e+02	1.725004e-28	1.150868e-32
2.824541e+02	1.717938e-28	1.146193e-32
2.824741e+02	1.710902e-28	1.141537e-32
2.824941e+02	1.703908e-28	1.136909e-32
2.825141e+02	1.696914e-28	1.132281e-32
2.825341e+02	1.689985e-28	1.127696e-32
2.825541e+02	1.683062e-28	1.123115e-32
2.825741e+02	1.676168e-28	1.118553e-32
2.825941e+02	1.669316e-28	1.114019e-32
2.826141e+02	1.662464e-28	1.109484e-32
2.826341e+02	1.655676e-28	1.104991e-32
2.826541e+02	1.648894e-28	1.100503e-32
2.826741e+02	1.642140e-28	1.096032e-32
2.826941e+02	1.635427e-28	1.091589e-32
2.827141e+02	1.628714e-28	1.087146e-32
2.827341e+02	1.622064e-28	1.082743e-32
2.827541e+02	1.615419e-28	1.078345e-32
2.827741e+02	1.608803e-28	1.073965e-32
2.827941e+02	1.602226e-28	1.069611e-32
2.828141e+02	1.595650e-28	1.065257e-32
2.828341e+02	1.589134e-28	1.060943e-32
2.828541e+02	1.582625e-28	1.056634e-32
2.828741e+02	1.576142e-28	1.052342e-32
2.828941e+02	1.569699e-28	1.048075e-32
2.829141e+02	1.563256e-28	1.043809e-32
2.829341e+02	1.556873e-28	1.039582e-32
2.829541e+02	1.550495e-28	1.035359e-32
2.829741e+02	1.544145e-28	1.031153e-32
2.829941e+02	1.537833e-28	1.026973e-32
2.830142e+02	1.531520e-28	1.022793e-32
2.830342e+02	1.525267e-28	1.018651e-32
2.830542e+02	1.519019e-28	1.014513e-32
2.830742e+02	1.512797e-28	1.010392e-32
2.830942e+02	1.506613e-28	1.006296e-32
2.831142e+02	1.500429e-28	1.002199e-32
2.831342e+02	1.494302e-28	9.981409e-33
2.831542e+02	1.488181e-28	9.940861e-33
2.831742e+02	1.482086e-28	9.900482e-33
2.831942e+02	1.476027e-28	9.860344e-33
2.832142e+02	1.469968e-28	9.820206e-33
2.832342e+02	1.463966e-28	9.780438e-33
2.832542e+02	1.457969e-28	9.740707e-33
2.832742e+02	1.451998e-28	9.701140e-33
2.832942e+02	1.446062e-28	9.661810e-33
2.833142e+02	1.440126e-28	9.622481e-33
2.833342e+02	1.434246e-28	9.583513e-33
2.833542e+02	1.428371e-28	9.544581e-33
2.833742e+02	1.422521e-28	9.505811e-33
2.833942e+02	1.416706e-28	9.467273e-33
2.834142e+02	1.410890e-28	9.428735e-33
2.834342e+02	1.405129e-28	9.390552e-33
2.834542e+02	1.399374e-28	9.352404e-33
2.834742e+02	1.393642e-28	9.314414e-33
2.834942e+02	1.387945e-28	9.276652e-33
2.835142e+02	1.382248e-28	9.238889e-33
2.835342e+02	1.376604e-28	9.201475e-33
2.835542e+02	1.370965e-28	9.164095e-33
2.835742e+02	1.365350e-28	9.126870e-33
2.835942e+02	1.359768e-28	9.089868e-33
2.836142e+02	1.354187e-28	9.052865e-33
2.836342e+02	1.348657e-28	9.016205e-33
2.836542e+02	1.343133e-28	8.979577e-33
2.836742e+02	1.337632e-28	8.943101e-33
2.836942e+02	1.332164e-28	8.906844e-33
2.837142e+02	1.326696e-28	8.870586e-33
2.837342e+02	1.321278e-28	8.834663e-33
2.837542e+02	1.315866e-28	8.798773e-33
2.837742e+02	1.310477e-28	8.763032e-33
2.837942e+02	1.305119e-28	8.727504e-33
2.838142e+02	1.299762e-28	8.691976e-33
2.838342e+02	1.294455e-28	8.656777e-33
2.838542e+02	1.289153e-28	8.621608e-33
2.838742e+02	1.283873e-28	8.586587e-33
2.838942e+02	1.278624e-28	8.551774e-33
2.839142e+02	1.273376e-28	8.516962e-33
2.839342e+02	1.268176e-28	8.482471e-33
2.839542e+02	1.262982e-28	8.448011e-33
2.839742e+02	1.257809e-28	8.413694e-33
2.839942e+02	1.252667e-28	8.379582e-33
2.840142e+02	1.247525e-28	8.345471e-33
2.840342e+02	1.242431e-28	8.311674e-33
2.840542e+02	1.237342e-28	8.277907e-33
2.840742e+02	1.232274e-28	8.244282e-33
2.840942e+02	1.227237e-28	8.210857e-33
2.841142e+02	1.222199e-28	8.177431e-33
2.841342e+02	1.217209e-28	8.144315e-33
2.841542e+02	1.212223e-28	8.111228e-33
2.841742e+02	1.207258e-28	8.078280e-33
2.841942e+02	1.202323e-28	8.045527e-33
2.842142e+02	1.197388e-28	8.012775e-33
2.842342e+02	1.192498e-28	7.980326e-33
2.842542e+02	1.187614e-28	7.947905e-33
2.842742e+02	1.182749e-28	7.915619e-33
2.842942e+02	1.177914e-28	7.883526e-33
2.843142e+02	1.173080e-28	7.851433e-33
2.843342e+02	1.168290e-28	7.819637e-33
2.843542e+02	1.163504e-28	7.787869e-33
2.843742e+02	1.158739e-28	7.756233e-33
2.843942e+02	1.154002e-28	7.724787e-33
2.844142e+02	1.149265e-28	7.693340e-33
2.844342e+02	1.144572e-28	7.662183e-33
2.844542e+02	1.139884e-28	7.631055e-33
2.844742e+02	1.135215e-28	7.600056e-33
2.844942e+02	1.130575e-28	7.569242e-33
2.845142e+02	1.125934e-28	7.538428e-33
2.845342e+02	1.121337e-28	7.507900e-33
2.845542e+02	1.116743e-28	7.477397e-33
2.845742e+02	1.112169e-28	7.447023e-33
2.845942e+02	1.107623e-28	7.416829e-33
2.846142e+02	1.103077e-28	7.386636e-33
2.846342e+02	1.098573e-28	7.356721e-33
2.846542e+02	1.094072e-28	7.326833e-33
2.846742e+02	1.089591e-28	7.297070e-33
2.846942e+02	1.085137e-28	7.267485e-33
2.847142e+02	1.080683e-28	7.237899e-33
2.847342e+02	1.076271e-28	7.208587e-33
2.847542e+02	1.071862e-28	7.179300e-33
2.847742e+02	1.067472e-28	7.150137e-33
2.847942e+02	1.063108e-28	7.121146e-33
2.848142e+02	1.058744e-28	7.092156e-33
2.848342e+02	1.054421e-28	7.063434e-33
2.848542e+02	1.050102e-28	7.034737e-33
2.848742e+02	1.045801e-28	7.006161e-33
2.848942e+02	1.041526e-28	6.977754e-33
2.849142e+02	1.037251e-28	6.949348e-33
2.849342e+02	1.033016e-28	6.921204e-33
2.849542e+02	1.028784e-28	6.893085e-33
2.849742e+02	1.024571e-28	6.865083e-33
2.849942e+02	1.020382e-28	6.837249e-33
2.850143e+02	1.016194e-28	6.809414e-33
2.850343e+02	1.012045e-28	6.781837e-33
2.850543e+02	1.007899e-28	6.754284e-33
2.850743e+02	1.003771e-28	6.726846e-33
2.850943e+02	9.996679e-29	6.699572e-33
2.851143e+02	9.955646e-29	6.672297e-33
2.851343e+02	9.914996e-29	6.645275e-33
2.851543e+02	9.874382e-29	6.618277e-33
2.851743e+02	9.833939e-29	6.591392e-33
2.851943e+02	9.793739e-29	6.564666e-33
2.852143e+02	9.753539e-29	6.537941e-33
2.852343e+02	9.713715e-29	6.511463e-33
2.852543e+02	9.673925e-29	6.485008e-33
2.852743e+02	9.634303e-29	6.458664e-33
2.852943e+02	9.594919e-29	6.432477e-33
2.853143e+02	9.555535e-29	6.406290e-33
2.853343e+02	9.516519e-29	6.380345e-33
2.853543e+02	9.477537e-29	6.354422e-33
2.853743e+02	9.438720e-29	6.328609e-33
2.853943e+02	9.400136e-29	6.302949e-33
2.854143e+02	9.361551e-29	6.277288e-33
2.854343e+02	9.323327e-29	6.251866e-33
2.854543e+02	9.285137e-29	6.226465e-33
2.854743e+02	9.247108e-29	6.201172e-33
2.854943e+02	9.209307e-29	6.176028e-33
2.855143e+02	9.171505e-29	6.150884e-33
2.855343e+02	9.134058e-29	6.125974e-33
2.855543e+02	9.096642e-29	6.101085e-33
2.855743e+02	9.059386e-29	6.076300e-33
2.855943e+02	9.022352e-29	6.051663e-33
2.856143e+02	8.985318e-29	6.027025e-33
2.856343e+02	8.948630e-29	6.002616e-33
2.856543e+02	8.911974e-29	5.978228e-33
2.856743e+02	8.875474e-29	5.953943e-33
2.856943e+02	8.839192e-29	5.929801e-33
2.857143e+02	8.802910e-29	5.905660e-33
2.857343e+02	8.766967e-29	5.881742e-33
2.857543e+02	8.731055e-29	5.857845e-33
2.857743e+02	8.695296e-29	5.834048e-33
2.857943e+02	8.659751e-29	5.810393e-33
2.858143e+02	8.624205e-29	5.786737e-33
2.858343e+02	8.588992e-29	5.763301e-33
2.858543e+02	8.553810e-29	5.739885e-33
2.858743e+02	8.518777e-29	5.716568e-33
2.858943e+02	8.483953e-29	5.693388e-33
2.859143e+02	8.449129e-29	5.670209e-33
2.859343e+02	8.414631e-29	5.647245e-33
2.859543e+02	8.380162e-29	5.624300e-33
2.859743e+02	8.345840e-29	5.601452e-33
2.859943e+02	8.311723e-29	5.578740e-33
2.860143e+02	8.277606e-29	5.556027e-33
2.860343e+02	8.243809e-29	5.533525e-33
2.860543e+02	8.210040e-29	5.511042e-33
2.860743e+02	8.176415e-29	5.488655e-33
2.860943e+02	8.142990e-29	5.466399e-33
2.861143e+02	8.109566e-29	5.444144e-33
2.861343e+02	8.076455e-29	5.422095e-33
2.861543e+02	8.043371e-29	5.400065e-33
2.861743e+02	8.010429e-29	5.378128e-33
2.861943e+02	7.977683e-29	5.356320e-33
2.862143e+02	7.944937e-29	5.334513e-33
2.862343e+02	7.912498e-29	5.312908e-33
2.862543e+02	7.880086e-29	5.291321e-33
2.862743e+02	7.847813e-29	5.269826e-33
2.862943e+02	7.815732e-29	5.248458e-33
2.863143e+02	7.783651e-29	5.227089e-33
2.863343e+02	7.751870e-29	5.205919e-33
2.863543e+02	7.720116e-29	5.184767e-33
2.863743e+02	7.688498e-29	5.163705e-33
2.863943e+02	7.657068e-29	5.142766e-33
2.864143e+02	7.625638e-29	5.121828e-33
2.864343e+02	7.594503e-29	5.101085e-33
2.864543e+02	7.563394e-29	5.080358e-33
2.864743e+02	7.532418e-29	5.059720e-33
2.864943e+02	7.501626e-29	5.039203e-33
2.865143e+02	7.470834e-29	5.018686e-33
2.865343e+02	7.440331e-29	4.998361e-33
2.865543e+02	7.409853e-29	4.978052e-33
2.865743e+02	7.379506e-29	4.957829e-33
2.865943e+02	7.349339e-29	4.937725e-33
2.866143e+02	7.319172e-29	4.917621e-33
2.866343e+02	7.289289e-29	4.897705e-33
2.866543e+02	7.259430e-29	4.877804e-33
2.866743e+02	7.229698e-29	4.857989e-33
2.866943e+02	7.200144e-29	4.838290e-33
2.867143e+02	7.170590e-29	4.818591e-33
2.867343e+02	7.141313e-29	4.799075e-33
2.867543e+02	7.112060e-29	4.779576e-33
2.867743e+02	7.082932e-29	4.760159e-33
2.867943e+02	7.053978e-29	4.740857e-33
2.868143e+02	7.025023e-29	4.721554e-33
2.868343e+02	6.996341e-29	4.702432e-33
2.868543e+02	6.967682e-29	4.683325e-33
2.868743e+02	6.939146e-29	4.664299e-33
2.868943e+02	6.910779e-29	4.645385e-33
2.869143e+02	6.882412e-29	4.626471e-33
2.869343e+02	6.854312e-29	4.607734e-33
2.869543e+02	6.826235e-29	4.589011e-33
2.869743e+02	6.798278e-29	4.570369e-33
2.869943e+02	6.770487e-29	4.551836e-33
2.870144e+02	6.742696e-29	4.533303e-33
2.870344e+02	6.715167e-29	4.514942e-33
2.870544e+02	6.687659e-29	4.496597e-33
2.870744e+02	6.660270e-29	4.478330e-33
2.870944e+02	6.633043e-29	4.460170e-33
2.871144e+02	6.605817e-29	4.442010e-33
2.871344e+02	6.578846e-29	4.424019e-33
2.871544e+02	6.551897e-29	4.406043e-33
2.871744e+02	6.525064e-29	4.388144e-33
2.871944e+02	6.498390e-29	4.370350e-33
2.872144e+02	6.471716e-29	4.352555e-33
2.872344e+02	6.445293e-29	4.334927e-33
2.872544e+02	6.418891e-29	4.317313e-33
2.872744e+02	6.392603e-29	4.299774e-33
2.872944e+02	6.366470e-29	4.282338e-33
2.873144e+02	6.340338e-29	4.264902e-33
2.873344e+02	6.314451e-29	4.247628e-33
2.873544e+02	6.288585e-29	4.230369e-33
2.873744e+02	6.262831e-29	4.213183e-33
2.873944e+02	6.237229e-29	4.196098e-33
2.874144e+02	6.211627e-29	4.179013e-33
2.874344e+02	6.186265e-29	4.162087e-33
2.874544e+02	6.160925e-29	4.145175e-33
2.874744e+02	6.135693e-29	4.128335e-33
2.874944e+02	6.110611e-29	4.111594e-33
2.875144e+02	6.085528e-29	4.094853e-33
2.875344e+02	6.060682e-29	4.078268e-33
2.875544e+02	6.035856e-29	4.061697e-33
2.875744e+02	6.011136e-29	4.045196e-33
2.875944e+02	5.986563e-29	4.028792e-33
2.876144e+02	5.961990e-29	4.012388e-33
2.876344e+02	5.937648e-29	3.996137e-33
2.876544e+02	5.913326e-29	3.979899e-33
2.876744e+02	5.889108e-29	3.963731e-33
2.876944e+02	5.865034e-29	3.947657e-33
2.877144e+02	5.840960e-29	3.931583e-33
2.877344e+02	5.817112e-29	3.915660e-33
2.877544e+02	5.793284e-29	3.899749e-33
2.877744e+02	5.769558e-29	3.883906e-33
2.877944e+02	5.745972e-29	3.868156e-33
2.878144e+02	5.722387e-29	3.852406e-33
2.878344e+02	5.699023e-29	3.836803e-33
2.878544e+02	5.675678e-29	3.821212e-33
2.878744e+02	5.652434e-29	3.805688e-33
2.878944e+02	5.629327e-29	3.790255e-33
2.879144e+02	5.606221e-29	3.774822e-33
2.879344e+02	5.583331e-29	3.759533e-33
2.879544e+02	5.560461e-29	3.744256e-33
2.879744e+02	5.537688e-29	3.729045e-33
2.879944e+02	5.515051e-29	3.713923e-33
2.880144e+02	5.492413e-29	3.698801e-33
2.880344e+02	5.469988e-29	3.683820e-33
2.880544e+02	5.447582e-29	3.668850e-33
2.880744e+02	5.425272e-29	3.653945e-33
2.880944e+02	5.403094e-29	3.639127e-33
2.881144e+02	5.380916e-29	3.624310e-33
2.881344e+02	5.358946e-29	3.609630e-33
2.881544e+02	5.336995e-29	3.594963e-33
2.881744e+02	5.315138e-29	3.580358e-33
2.881944e+02	5.293410e-29	3.565838e-33
2.882144e+02	5.271682e-29	3.551319e-33
2.882344e+02	5.250159e-29	3.536935e-33
2.882544e+02	5.228652e-29	3.522562e-33
2.882744e+02	5.207239e-29	3.508252e-33
2.882944e+02	5.185952e-29	3.494024e-33
2.883144e+02	5.164665e-29	3.479797e-33
2.883344e+02	5.143579e-29	3.465703e-33
2.883544e+02	5.122510e-29	3.451620e-33
2.883744e+02	5.101531e-29	3.437597e-33
2.883944e+02	5.080676e-29	3.423657e-33
2.884144e+02	5.059822e-29	3.409716e-33
2.884344e+02	5.039164e-29	3.395906e-33
2.884544e+02	5.018522e-29	3.382106e-33
2.884744e+02	4.997969e-29	3.368366e-33
2.884944e+02	4.977538e-29	3.354706e-33
2.885144e+02	4.957106e-29	3.341046e-33
2.885344e+02	4.936868e-29	3.327514e-33
2.885544e+02	4.916645e-29	3.313992e-33
2.885744e+02	4.896510e-29	3.300528e-33
2.885944e+02	4.876493e-29	3.287143e-33
2.886144e+02	4.856476e-29	3.273758e-33
2.886344e+02	4.836649e-29	3.260499e-33
2.886544e+02	4.816836e-29	3.247249e-33
2.886744e+02	4.797110e-29	3.234057e-33
2.886944e+02	4.777499e-29	3.220941e-33
2.887144e+02	4.757889e-29	3.207826e-33
2.887344e+02	4.738464e-29	3.194833e-33
2.887544e+02	4.719054e-29	3.181850e-33
2.887744e+02	4.699728e-29	3.168923e-33
2.887944e+02	4.680516e-29	3.156072e-33
2.888144e+02	4.661303e-29	3.143221e-33
2.888344e+02	4.642273e-29	3.130489e-33
2.888544e+02	4.623256e-29	3.117768e-33
2.888744e+02	4.604323e-29	3.105101e-33
2.888944e+02	4.585501e-29	3.092509e-33
2.889144e+02	4.566678e-29	3.079916e-33
2.889344e+02	4.548034e-29	3.067442e-33
2.889544e+02	4.529404e-29	3.054976e-33
2.889744e+02	4.510855e-29	3.042565e-33
2.889944e+02	4.492414e-29	3.030226e-33
2.890145e+02	4.473974e-29	3.017887e-33
2.890345e+02	4.455708e-29	3.005663e-33
2.890545e+02	4.437457e-29	2.993449e-33
2.890745e+02	4.419284e-29	2.981287e-33
2.890945e+02	4.401218e-29	2.969197e-33
2.891145e+02	4.383152e-29	2.957106e-33
2.891345e+02	4.365257e-29	2.945129e-33
2.891545e+02	4.347376e-29	2.933160e-33
2.891745e+02	4.329572e-29	2.921244e-33
2.891945e+02	4.311873e-29	2.909396e-33
2.892145e+02	4.294174e-29	2.897549e-33
2.892345e+02	4.276642e-29	2.885813e-33
2.892545e+02	4.259124e-29	2.874086e-33
2.892745e+02	4.241682e-29	2.862409e-33
2.892945e+02	4.224342e-29	2.850800e-33
2.893145e+02	4.207002e-29	2.839192e-33
2.893345e+02	4.189826e-29	2.827692e-33
2.893545e+02	4.172663e-29	2.816201e-33
2.893745e+02	4.155575e-29	2.804759e-33
2.893945e+02	4.138588e-29	2.793384e-33
2.894145e+02	4.121600e-29	2.782009e-33
2.894345e+02	4.104773e-29	2.770741e-33
2.894545e+02	4.087958e-29	2.759481e-33
2.894745e+02	4.071217e-29	2.748270e-33
2.894945e+02	4.054574e-29	2.737124e-33
2.895145e+02	4.037931e-29	2.725978e-33
2.895345e+02	4.021446e-29	2.714937e-33
2.895545e+02	4.004973e-29	2.703904e-33
2.895745e+02	3.988571e-29	2.692918e-33
2.895945e+02	3.972266e-29	2.681997e-33
2.896145e+02	3.955961e-29	2.671075e-33
2.896345e+02	3.939811e-29	2.660256e-33
2.896545e+02	3.923672e-29	2.649445e-33
2.896745e+02	3.907603e-29	2.638681e-33
2.896945e+02	3.891629e-29	2.627980e-33
2.897145e+02	3.875655e-29	2.617278e-33
2.897345e+02	3.859832e-29	2.606677e-33
2.897545e+02	3.844021e-29	2.596084e-33
2.897745e+02	3.828279e-29	2.585536e-33
2.897945e+02	3.812629e-29	2.575050e-33
2.898145e+02	3.796980e-29	2.564564e-33
2.898345e+02	3.781478e-29	2.554176e-33
2.898545e+02	3.765988e-29	2.543796e-33
2.898745e+02	3.750565e-29	2.533461e-33
2.898945e+02	3.735233e-29	2.523186e-33
2.899145e+02	3.719901e-29	2.512912e-33
2.899345e+02	3.704714e-29	2.502733e-33
2.899545e+02	3.689539e-29	2.492562e-33
2.899745e+02	3.674429e-29	2.482435e-33
2.899945e+02	3.659408e-29	2.472367e-33
2.900145e+02	3.644387e-29	2.462299e-33
2.900345e+02	3.629509e-29	2.452326e-33
2.900545e+02	3.614641e-29	2.442359e-33
2.900745e+02	3.599839e-29	2.432436e-33
2.900945e+02	3.585123e-29	2.422571e-33
2.901145e+02	3.570407e-29	2.412706e-33
2.901345e+02	3.555830e-29	2.402933e-33
2.901545e+02	3.541264e-29	2.393168e-33
2.901745e+02	3.526762e-29	2.383444e-33
2.901945e+02	3.512345e-29	2.373778e-33
2.902145e+02	3.497928e-29	2.364111e-33
2.902345e+02	3.483647e-29	2.354535e-33
2.902545e+02	3.469377e-29	2.344966e-33
2.902745e+02	3.455169e-29	2.335439e-33
2.902945e+02	3.441045e-29	2.325967e-33
2.903145e+02	3.426920e-29	2.316495e-33
2.903345e+02	3.412930e-29	2.307112e-33
2.903545e+02	3.398949e-29	2.297736e-33
2.903745e+02	3.385030e-29	2.288400e-33
2.903945e+02	3.371192e-29	2.279119e-33
2.904145e+02	3.357354e-29	2.269838e-33
2.904345e+02	3.343648e-29	2.260644e-33
2.904545e+02	3.329951e-29	2.251456e-33
2.904745e+02	3.316314e-29	2.242309e-33
2.904945e+02	3.302757e-29	2.233214e-33
2.905145e+02	3.289200e-29	2.224120e-33
2.905345e+02	3.275772e-29	2.215111e-33
2.905545e+02	3.262353e-29	2.206109e-33
2.905745e+02	3.248994e-29	2.197145e-33
2.905945e+02	3.235712e-29	2.188234e-33
2.906145e+02	3.222430e-29	2.179323e-33
2.906345e+02	3.209275e-29	2.170495e-33
2.906545e+02	3.196128e-29	2.161674e-33
2.906745e+02	3.183040e-29	2.152891e-33
2.906945e+02	3.170028e-29	2.144160e-33
2.907145e+02	3.157016e-29	2.135428e-33
2.907345e+02	3.144127e-29	2.126778e-33
2.907545e+02	3.131247e-29	2.118135e-33
2.907745e+02	3.118425e-29	2.109529e-33
2.907945e+02	3.105677e-29	2.100973e-33
2.908145e+02	3.092929e-29	2.092417e-33
2.908345e+02	3.080302e-29	2.083941e-33
2.908545e+02	3.067684e-29	2.075472e-33
2.908745e+02	3.055121e-29	2.067039e-33
2.908945e+02	3.042632e-29	2.058655e-33
2.909145e+02	3.030143e-29	2.050272e-33
2.909345e+02	3.017772e-29	2.041967e-33
2.909545e+02	3.005411e-29	2.033668e-33
2.909745e+02	2.993103e-29	2.025405e-33
2.909945e+02	2.980867e-29	2.017190e-33
2.910146e+02	2.968632e-29	2.008975e-33
2.910346e+02	2.956512e-29	2.000838e-33
2.910546e+02	2.944401e-29	1.992706e-33
2.910746e+02	2.932344e-29	1.984610e-33
2.910946e+02	2.920357e-29	1.976560e-33
2.911146e+02	2.908369e-29	1.968511e-33
2.911346e+02	2.896496e-29	1.960537e-33
2.911546e+02	2.884631e-29	1.952569e-33
2.911746e+02	2.872818e-29	1.944636e-33
2.911946e+02	2.861074e-29	1.936748e-33
2.912146e+02	2.849330e-29	1.928861e-33
2.912346e+02	2.837698e-29	1.921048e-33
2.912546e+02	2.826074e-29	1.913240e-33
2.912746e+02	2.814501e-29	1.905466e-33
2.912946e+02	2.802995e-29	1.897738e-33
2.913146e+02	2.791490e-29	1.890009e-33
2.913346e+02	2.780093e-29	1.882354e-33
2.913546e+02	2.768705e-29	1.874703e-33
2.913746e+02	2.757367e-29	1.867086e-33
2.913946e+02	2.746095e-29	1.859513e-33
2.914146e+02	2.734823e-29	1.851940e-33
2.914346e+02	2.723658e-29	1.844439e-33
2.914546e+02	2.712501e-29	1.836942e-33
2.914746e+02	2.701393e-29	1.829479e-33
2.914946e+02	2.690350e-29	1.822058e-33
2.915146e+02	2.679307e-29	1.814638e-33
2.915346e+02	2.668369e-29	1.807287e-33
2.915546e+02	2.657438e-29	1.799942e-33
2.915746e+02	2.646556e-29	1.792629e-33
2.915946e+02	2.635737e-29	1.785358e-33
2.916146e+02	2.624918e-29	1.778087e-33
2.916346e+02	2.614202e-29	1.770884e-33
2.916546e+02	2.603493e-29	1.763687e-33
2.916746e+02	2.592832e-29	1.756521e-33
2.916946e+02	2.582232e-29	1.749396e-33
2.917146e+02	2.571633e-29	1.742271e-33
2.917346e+02	2.561135e-29	1.735214e-33
2.917546e+02	2.550643e-29	1.728162e-33
2.917746e+02	2.540198e-29	1.721140e-33
2.917946e+02	2.529814e-29	1.714159e-33
2.918146e+02	2.519430e-29	1.707178e-33
2.918346e+02	2.509144e-29	1.700262e-33
2.918546e+02	2.498866e-29	1.693352e-33
2.918746e+02	2.488633e-29	1.686472e-33
2.918946e+02	2.478460e-29	1.679631e-33
2.919146e+02	2.468286e-29	1.672790e-33
2.919346e+02	2.458210e-29	1.666014e-33
2.919546e+02	2.448140e-29	1.659243e-33
2.919746e+02	2.438115e-29	1.652501e-33
2.919946e+02	2.428148e-29	1.645799e-33
2.920146e+02	2.418181e-29	1.639096e-33
2.920346e+02	2.408309e-29	1.632456e-33
2.920546e+02	2.398444e-29	1.625821e-33
2.920746e+02	2.388622e-29	1.619215e-33
2.920946e+02	2.378858e-29	1.612647e-33
2.921146e+02	2.369093e-29	1.606080e-33
2.921346e+02	2.359421e-29	1.599574e-33
2.921546e+02	2.349756e-29	1.593072e-33
2.921746e+02	2.340134e-29	1.586600e-33
2.921946e+02	2.330568e-29	1.580164e-33
2.922146e+02	2.321002e-29	1.573728e-33
2.922346e+02	2.311526e-29	1.567354e-33
2.922546e+02	2.302057e-29	1.560983e-33
2.922746e+02	2.292631e-29	1.554641e-33
2.922946e+02	2.283258e-29	1.548335e-33
2.923146e+02	2.273886e-29	1.542029e-33
2.923346e+02	2.264603e-29	1.535782e-33
2.923546e+02	2.255327e-29	1.529540e-33
2.923746e+02	2.246091e-29	1.523325e-33
2.923946e+02	2.236909e-29	1.517146e-33
2.924146e+02	2.227727e-29	1.510967e-33
2.924346e+02	2.218633e-29	1.504847e-33
2.924546e+02	2.209545e-29	1.498730e-33
2.924746e+02	2.200497e-29	1.492641e-33
2.924946e+02	2.191501e-29	1.486586e-33
2.925146e+02	2.182506e-29	1.480532e-33
2.925346e+02	2.173596e-29	1.474534e-33
2.925546e+02	2.164692e-29	1.468541e-33
2.925746e+02	2.155828e-29	1.462574e-33
2.925946e+02	2.147015e-29	1.456641e-33
2.926146e+02	2.138202e-29	1.450709e-33
2.926346e+02	2.129473e-29	1.444832e-33
2.926546e+02	2.120750e-29	1.438960e-33
2.926746e+02	2.112065e-29	1.433113e-33
2.926946e+02	2.103431e-29	1.427300e-33
2.927146e+02	2.094797e-29	1.421486e-33
2.927346e+02	2.086246e-29	1.415728e-33
2.927546e+02	2.077700e-29	1.409974e-33
2.927746e+02	2.069192e-29	1.404245e-33
2.927946e+02	2.060733e-29	1.398549e-33
2.928146e+02	2.052274e-29	1.392853e-33
2.928346e+02	2.043896e-29	1.387210e-33
2.928546e+02	2.035523e-29	1.381572e-33
2.928746e+02	2.027188e-29	1.375958e-33
2.928946e+02	2.018901e-29	1.370377e-33
2.929146e+02	2.010614e-29	1.364796e-33
2.929346e+02	2.002406e-29	1.359267e-33
2.929546e+02	1.994203e-29	1.353742e-33
2.929746e+02	1.986037e-29	1.348242e-33
2.929946e+02	1.977919e-29	1.342773e-33
2.930147e+02	1.969800e-29	1.337304e-33
2.930347e+02	1.961758e-29	1.331886e-33
2.930547e+02	1.953722e-29	1.326473e-33
2.930747e+02	1.945722e-29	1.321083e-33
2.930947e+02	1.937768e-29	1.315724e-33
2.931147e+02	1.929814e-29	1.310365e-33
2.931347e+02	1.921936e-29	1.305057e-33
2.931547e+02	1.914063e-29	1.299752e-33
2.931747e+02	1.906225e-29	1.294471e-33
2.931947e+02	1.898432e-29	1.289220e-33
2.932147e+02	1.890640e-29	1.283969e-33
2.932347e+02	1.882922e-29	1.278768e-33
2.932547e+02	1.875209e-29	1.273570e-33
2.932747e+02	1.867530e-29	1.268396e-33
2.932947e+02	1.859895e-29	1.263250e-33
2.933147e+02	1.852261e-29	1.258105e-33
2.933347e+02	1.844699e-29	1.253009e-33
2.933547e+02	1.837143e-29	1.247916e-33
2.933747e+02	1.829620e-29	1.242845e-33
2.933947e+02	1.822141e-29	1.237803e-33
2.934147e+02	1.814661e-29	1.232762e-33
2.934347e+02	1.807253e-29	1.227768e-33
2.934547e+02	1.799850e-29	1.222777e-33
2.934747e+02	1.792480e-29	1.217809e-33
2.934947e+02	1.785152e-29	1.212869e-33
2.935147e+02	1.777825e-29	1.207929e-33
2.935347e+02	1.770567e-29	1.203036e-33
2.935547e+02	1.763314e-29	1.198146e-33
2.935747e+02	1.756094e-29	1.193277e-33
2.935947e+02	1.748915e-29	1.188437e-33
2.936147e+02	1.741736e-29	1.183596e-33
2.936347e+02	1.734626e-29	1.178801e-33
2.936547e+02	1.727520e-29	1.174010e-33
2.936747e+02	1.720446e-29	1.169239e-33
2.936947e+02	1.713413e-29	1.164496e-33
2.937147e+02	1.706380e-29	1.159753e-33
2.937347e+02	1.699414e-29	1.155055e-33
2.937547e+02	1.692453e-29	1.150360e-33
2.937747e+02	1.685522e-29	1.145686e-33
2.937947e+02	1.678632e-29	1.141038e-33
2.938147e+02	1.671742e-29	1.136391e-33
2.938347e+02	1.664917e-29	1.131787e-33
2.938547e+02	1.658097e-29	1.127187e-33
2.938747e+02	1.651307e-29	1.122607e-33
2.938947e+02	1.644557e-29	1.118053e-33
2.939147e+02	1.637806e-29	1.113499e-33
2.939347e+02	1.631121e-29	1.108988e-33
2.939547e+02	1.624439e-29	1.104480e-33
2.939747e+02	1.617787e-29	1.099992e-33
2.939947e+02	1.611174e-29	1.095530e-33
2.940147e+02	1.604560e-29	1.091068e-33
2.940347e+02	1.598010e-29	1.086648e-33
2.940547e+02	1.591464e-29	1.082231e-33
2.940747e+02	1.584947e-29	1.077833e-33
2.940947e+02	1.578468e-29	1.073461e-33
2.941147e+02	1.571989e-29	1.069089e-33
2.941347e+02	1.565572e-29	1.064758e-33
2.941547e+02	1.559158e-29	1.060430e-33
2.941747e+02	1.552774e-29	1.056121e-33
2.941947e+02	1.546426e-29	1.051836e-33
2.942147e+02	1.540079e-29	1.047552e-33
2.942347e+02	1.533792e-29	1.043308e-33
2.942547e+02	1.527509e-29	1.039067e-33
2.942747e+02	1.521254e-29	1.034845e-33
2.942947e+02	1.515035e-29	1.030647e-33
2.943147e+02	1.508816e-29	1.026449e-33
2.943347e+02	1.502657e-29	1.022291e-33
2.943547e+02	1.496501e-29	1.018135e-33
2.943747e+02	1.490374e-29	1.013998e-33
2.943947e+02	1.484281e-29	1.009885e-33
2.944147e+02	1.478188e-29	1.005771e-33
2.944347e+02	1.472154e-29	1.001697e-33
2.944547e+02	1.466124e-29	9.976251e-34
2.944747e+02	1.460120e-29	9.935714e-34
2.944947e+02	1.454151e-29	9.895407e-34
2.945147e+02	1.448182e-29	9.855101e-34
2.945347e+02	1.442271e-29	9.815178e-34
2.945547e+02	1.436363e-29	9.775279e-34
2.945747e+02	1.430481e-29	9.735558e-34
2.945947e+02	1.424633e-29	9.696063e-34
2.946147e+02	1.418785e-29	9.656568e-34
2.946347e+02	1.412994e-29	9.617449e-34
2.946547e+02	1.407206e-29	9.578354e-34
2.946747e+02	1.401443e-29	9.539433e-34
2.946947e+02	1.395714e-29	9.500734e-34
2.947147e+02	1.389985e-29	9.462035e-34
2.947347e+02	1.384311e-29	9.423704e-34
2.947547e+02	1.378641e-29	9.385396e-34
2.947747e+02	1.372995e-29	9.347259e-34
2.947947e+02	1.367383e-29	9.309339e-34
2.948147e+02	1.361770e-29	9.271419e-34
2.948347e+02	1.356211e-29	9.233860e-34
2.948547e+02	1.350655e-29	9.196324e-34
2.948747e+02	1.345125e-29	9.158955e-34
2.948947e+02	1.339626e-29	9.121799e-34
2.949147e+02	1.334127e-29	9.084643e-34
2.949347e+02	1.328681e-29	9.047840e-34
2.949547e+02	1.323238e-29	9.011060e-34
2.949747e+02	1.317820e-29	8.974444e-34
2.949947e+02	1.312433e-29	8.938036e-34
2.950148e+02	1.307045e-29	8.901628e-34
2.950348e+02	1.301710e-29	8.865567e-34
2.950548e+02	1.296378e-29	8.829527e-34
2.950748e+02	1.291069e-29	8.793649e-34
2.950948e+02	1.285791e-29	8.757974e-34
2.951148e+02	1.280514e-29	8.722300e-34
2.951348e+02	1.275286e-29	8.686965e-34
2.951548e+02	1.270062e-29	8.651651e-34
2.951748e+02	1.264862e-29	8.616495e-34
2.951948e+02	1.259691e-29	8.581539e-34
2.952148e+02	1.254520e-29	8.546583e-34
2.952348e+02	1.249399e-29	8.511960e-34
2.952548e+02	1.244281e-29	8.477358e-34
2.952748e+02	1.239186e-29	8.442910e-34
2.952948e+02	1.234120e-29	8.408658e-34
2.953148e+02	1.229055e-29	8.374406e-34
2.953348e+02	1.224038e-29	8.340480e-34
2.953548e+02	1.219023e-29	8.306575e-34
2.953748e+02	1.214032e-29	8.272821e-34
2.953948e+02	1.209069e-29	8.239259e-34
2.954148e+02	1.204106e-29	8.205696e-34
2.954348e+02	1.199191e-29	8.172454e-34
2.954548e+02	1.194278e-29	8.139231e-34
2.954748e+02	1.189388e-29	8.106157e-34
2.954948e+02	1.184526e-29	8.073271e-34
2.955148e+02	1.179664e-29	8.040385e-34
2.955348e+02	1.174848e-29	8.007812e-34
2.955548e+02	1.170036e-29	7.975259e-34
2.955748e+02	1.165245e-29	7.942851e-34
2.955948e+02	1.160481e-29	7.910627e-34
2.956148e+02	1.155718e-29	7.878403e-34
2.956348e+02	1.151000e-29	7.846487e-34
2.956548e+02	1.146285e-29	7.814589e-34
2.956748e+02	1.141592e-29	7.782834e-34
2.956948e+02	1.136925e-29	7.751259e-34
2.957148e+02	1.132258e-29	7.719684e-34
2.957348e+02	1.127636e-29	7.688410e-34
2.957548e+02	1.123017e-29	7.657155e-34
2.957748e+02	1.118418e-29	7.626040e-34
2.957948e+02	1.113846e-29	7.595101e-34
2.958148e+02	1.109274e-29	7.564162e-34
2.958348e+02	1.104746e-29	7.533518e-34
2.958548e+02	1.100221e-29	7.502892e-34
2.958748e+02	1.095716e-29	7.472404e-34
2.958948e+02	1.091236e-29	7.442088e-34
2.959148e+02	1.086757e-29	7.411772e-34
2.959348e+02	1.082321e-29	7.381746e-34
2.959548e+02	1.077887e-29	7.351737e-34
2.959748e+02	1.073474e-29	7.321862e-34
2.959948e+02	1.069085e-29	7.292157e-34
2.960148e+02	1.064697e-29	7.262452e-34
2.960348e+02	1.060351e-29	7.233030e-34
2.960548e+02	1.056007e-29	7.203626e-34
2.960748e+02	1.051683e-29	7.174353e-34
2.960948e+02	1.047384e-29	7.145246e-34
2.961148e+02	1.043085e-29	7.116139e-34
2.961348e+02	1.038827e-29	7.087310e-34
2.961548e+02	1.034571e-29	7.058498e-34
2.961748e+02	1.030335e-29	7.029815e-34
2.961948e+02	1.026123e-29	7.001294e-34
2.962148e+02	1.021911e-29	6.972773e-34
2.962348e+02	1.017740e-29	6.944525e-34
2.962548e+02	1.013571e-29	6.916293e-34
2.962748e+02	1.009421e-29	6.888188e-34
2.962948e+02	1.005294e-29	6.860242e-34
2.963148e+02	1.001168e-29	6.832296e-34
2.963348e+02	9.970809e-30	6.804616e-34
2.963548e+02	9.929964e-30	6.776953e-34
2.963748e+02	9.889305e-30	6.749414e-34
2.963948e+02	9.848878e-30	6.722030e-34
2.964148e+02	9.808450e-30	6.694647e-34
2.964348e+02	9.768412e-30	6.667525e-34
2.964548e+02	9.728397e-30	6.640419e-34
2.964748e+02	9.688563e-30	6.613435e-34
2.964948e+02	9.648957e-30	6.586603e-34
2.965148e+02	9.609350e-30	6.559771e-34
2.965348e+02	9.570124e-30	6.533196e-34
2.965548e+02	9.530922e-30	6.506636e-34
2.965748e+02	9.491897e-30	6.480195e-34
2.965948e+02	9.453094e-30	6.453904e-34
2.966148e+02	9.414291e-30	6.427612e-34
2.966348e+02	9.375862e-30	6.401572e-34
2.966548e+02	9.337455e-30	6.375547e-34
2.966748e+02	9.299222e-30	6.349639e-34
2.966948e+02	9.261207e-30	6.323877e-34
2.967148e+02	9.223192e-30	6.298115e-34
2.967348e+02	9.185543e-30	6.272600e-34
2.967548e+02	9.147915e-30	6.247099e-34
2.967748e+02	9.110459e-30	6.221713e-34
2.967948e+02	9.073215e-30	6.196470e-34
2.968148e+02	9.035972e-30	6.171227e-34
2.968348e+02	8.999087e-30	6.146225e-34
2.968548e+02	8.962223e-30	6.121238e-34
2.968748e+02	8.925527e-30	6.096363e-34
2.968948e+02	8.889040e-30	6.071629e-34
2.969148e+02	8.852552e-30	6.046894e-34
2.969348e+02	8.816416e-30	6.022396e-34
2.969548e+02	8.780301e-30	5.997912e-34
2.969748e+02	8.744350e-30	5.973538e-34
2.969948e+02	8.708603e-30	5.949302e-34
2.970149e+02	8.672856e-30	5.925066e-34
2.970349e+02	8.637454e-30	5.901061e-34
2.970549e+02	8.602072e-30	5.877070e-34
2.970749e+02	8.566850e-30	5.853188e-34
2.970949e+02	8.531829e-30	5.829440e-34
2.971149e+02	8.496807e-30	5.805692e-34
2.971349e+02	8.462124e-30	5.782171e-34
2.971549e+02	8.427460e-30	5.758663e-34
2.971749e+02	8.392954e-30	5.735261e-34
2.971949e+02	8.358643e-30	5.711992e-34
2.972149e+02	8.324333e-30	5.688722e-34
2.972349e+02	8.290353e-30	5.665675e-34
2.972549e+02	8.256393e-30	5.642641e-34
2.972749e+02	8.222587e-30	5.619710e-34
2.972949e+02	8.188973e-30	5.596909e-34
2.973149e+02	8.155359e-30	5.574108e-34
2.973349e+02	8.122070e-30	5.551526e-34
2.973549e+02	8.088799e-30	5.528955e-34
2.973749e+02	8.055679e-30	5.506487e-34
2.973949e+02	8.022747e-30	5.484145e-34
2.974149e+02	7.989816e-30	5.461803e-34
2.974349e+02	7.957202e-30	5.439676e-34
2.974549e+02	7.924606e-30	5.417560e-34
2.974749e+02	7.892159e-30	5.395544e-34
2.974949e+02	7.859896e-30	5.373652e-34
2.975149e+02	7.827633e-30	5.351761e-34
2.975349e+02	7.795681e-30	5.330079e-34
2.975549e+02	7.763747e-30	5.308409e-34
2.975749e+02	7.731958e-30	5.286836e-34
2.975949e+02	7.700350e-30	5.265385e-34
2.976149e+02	7.668742e-30	5.243935e-34
2.976349e+02	7.637439e-30	5.222689e-34
2.976549e+02	7.606153e-30	5.201456e-34
2.976749e+02	7.575010e-30	5.180318e-34
2.976949e+02	7.544043e-30	5.159299e-34
2.977149e+02	7.513076e-30	5.138281e-34
2.977349e+02	7.482409e-30	5.117463e-34
2.977549e+02	7.451758e-30	5.096657e-34
2.977749e+02	7.421247e-30	5.075946e-34
2.977949e+02	7.390909e-30	5.055350e-34
2.978149e+02	7.360571e-30	5.034755e-34
2.978349e+02	7.330526e-30	5.014357e-34
2.978549e+02	7.300497e-30	4.993970e-34
2.978749e+02	7.270606e-30	4.973676e-34
2.978949e+02	7.240884e-30	4.953495e-34
2.979149e+02	7.211161e-30	4.933314e-34
2.979349e+02	7.181726e-30	4.913328e-34
2.979549e+02	7.152307e-30	4.893351e-34
2.979749e+02	7.123022e-30	4.873466e-34
2.979949e+02	7.093903e-30	4.853692e-34
2.980149e+02	7.064784e-30	4.833917e-34
2.980349e+02	7.035947e-30	4.814333e-34
2.980549e+02	7.007125e-30	4.794759e-34
2.980749e+02	6.978435e-30	4.775274e-34
2.980949e+02	6.949907e-30	4.755898e-34
2.981149e+02	6.921379e-30	4.736523e-34
2.981349e+02	6.893127e-30	4.717333e-34
2.981549e+02	6.864890e-30	4.698153e-34
2.981749e+02	6.836782e-30	4.679061e-34
2.981949e+02	6.808834e-30	4.660075e-34
2.982149e+02	6.780885e-30	4.641090e-34
2.982349e+02	6.753206e-30	4.622287e-34
2.982549e+02	6.725542e-30	4.603493e-34
2.982749e+02	6.698005e-30	4.584786e-34
2.982949e+02	6.670624e-30	4.566183e-34
2.983149e+02	6.643242e-30	4.547579e-34
2.983349e+02	6.616126e-30	4.529155e-34
2.983549e+02	6.589023e-30	4.510740e-34
2.983749e+02	6.562045e-30	4.492409e-34
2.983949e+02	6.535220e-30	4.474181e-34
2.984149e+02	6.508394e-30	4.455953e-34
2.984349e+02	6.481828e-30	4.437900e-34
2.984549e+02	6.455276e-30	4.419856e-34
2.984749e+02	6.428845e-30	4.401894e-34
2.984949e+02	6.402564e-30	4.384033e-34
2.985149e+02	6.376283e-30	4.366172e-34
2.985349e+02	6.350256e-30	4.348482e-34
2.985549e+02	6.324243e-30	4.330802e-34
2.985749e+02	6.298349e-30	4.313202e-34
2.985949e+02	6.272601e-30	4.295701e-34
2.986149e+02	6.246854e-30	4.278199e-34
2.986349e+02	6.221355e-30	4.260866e-34
2.986549e+02	6.195870e-30	4.243542e-34
2.986749e+02	6.170502e-30	4.226297e-34
2.986949e+02	6.145277e-30	4.209148e-34
2.987149e+02	6.120052e-30	4.191999e-34
2.987349e+02	6.095071e-30	4.175015e-34
2.987549e+02	6.070103e-30	4.158040e-34
2.987749e+02	6.045250e-30	4.141142e-34
2.987949e+02	6.020537e-30	4.124339e-34
2.988149e+02	5.995824e-30	4.107535e-34
2.988349e+02	5.971350e-30	4.090894e-34
2.988549e+02	5.946889e-30	4.074260e-34
2.988749e+02	5.922540e-30	4.057703e-34
2.988949e+02	5.898329e-30	4.041238e-34
2.989149e+02	5.874117e-30	4.024773e-34
2.989349e+02	5.850141e-30	4.008467e-34
2.989549e+02	5.826176e-30	3.992168e-34
2.989749e+02	5.802322e-30	3.975945e-34
2.989949e+02	5.778602e-30	3.959811e-34
2.990150e+02	5.754882e-30	3.943678e-34
2.990350e+02	5.731392e-30	3.927700e-34
2.990550e+02	5.707914e-30	3.911730e-34
2.990750e+02	5.684544e-30	3.895833e-34
2.990950e+02	5.661305e-30	3.880025e-34
2.991150e+02	5.638066e-30	3.864217e-34
2.991350e+02	5.615053e-30	3.848561e-34
2.991550e+02	5.592052e-30	3.832912e-34
2.991750e+02	5.569156e-30	3.817336e-34
2.991950e+02	5.546389e-30	3.801846e-34
2.992150e+02	5.523622e-30	3.786356e-34
2.992350e+02	5.501076e-30	3.771015e-34
2.992550e+02	5.478542e-30	3.755682e-34
2.992750e+02	5.456111e-30	3.740419e-34
2.992950e+02	5.433806e-30	3.725242e-34
2.993150e+02	5.411502e-30	3.710064e-34
2.993350e+02	5.389413e-30	3.695032e-34
2.993550e+02	5.367336e-30	3.680008e-34
2.993750e+02	5.345361e-30	3.665053e-34
2.993950e+02	5.323509e-30	3.650181e-34
2.994150e+02	5.301657e-30	3.635309e-34
2.994350e+02	5.280017e-30	3.620580e-34
2.994550e+02	5.258388e-30	3.605858e-34
2.994750e+02	5.236858e-30	3.591204e-34
2.994950e+02	5.215450e-30	3.576632e-34
2.995150e+02	5.194041e-30	3.562059e-34
2.995350e+02	5.172841e-30	3.547627e-34
2.995550e+02	5.151651e-30	3.533202e-34
2.995750e+02	5.130558e-30	3.518843e-34
2.995950e+02	5.109585e-30	3.504564e-34
2.996150e+02	5.088611e-30	3.490286e-34
2.996350e+02	5.067841e-30	3.476144e-34
2.996550e+02	5.047081e-30	3.462010e-34
2.996750e+02	5.026416e-30	3.447940e-34
2.996950e+02	5.005868e-30	3.433949e-34
2.997150e+02	4.985320e-30	3.419958e-34
2.997350e+02	4.964972e-30	3.406101e-34
2.997550e+02	4.944633e-30	3.392252e-34
2.997750e+02	4.924388e-30	3.378466e-34
2.997950e+02	4.904257e-30	3.364756e-34
2.998150e+02	4.884126e-30	3.351047e-34
2.998350e+02	4.864191e-30	3.337470e-34
2.998550e+02	4.844265e-30	3.323899e-34
2.998750e+02	4.824432e-30	3.310391e-34
2.998950e+02	4.804709e-30	3.296957e-34
2.999150e+02	4.784987e-30	3.283524e-34
2.999350e+02	4.765456e-30	3.270220e-34
2.999550e+02	4.745935e-30	3.256923e-34
2.999750e+02	4.726504e-30	3.243687e-34
2.999950e+02	4.707182e-30	3.230524e-34
3.000150e+02	4.687859e-30	3.217362e-34
3.000350e+02	4.668725e-30	3.204326e-34
3.000550e+02	4.649600e-30	3.191297e-34
3.000750e+02	4.630564e-30	3.178327e-34
3.000950e+02	4.611634e-30	3.165430e-34
3.001150e+02	4.592704e-30	3.152532e-34
3.001350e+02	4.573958e-30	3.139759e-34
3.001550e+02	4.555221e-30	3.126992e-34
3.001750e+02	4.536571e-30	3.114284e-34
3.001950e+02	4.518025e-30	3.101646e-34
3.002150e+02	4.499480e-30	3.089009e-34
3.002350e+02	4.481115e-30	3.076493e-34
3.002550e+02	4.462758e-30	3.063983e-34
3.002750e+02	4.444487e-30	3.051531e-34
3.002950e+02	4.426317e-30	3.039148e-34
3.003150e+02	4.408148e-30	3.026765e-34
3.003350e+02	4.390156e-30	3.014501e-34
3.003550e+02	4.372172e-30	3.002244e-34
3.003750e+02	4.354271e-30	2.990042e-34
3.003950e+02	4.336471e-30	2.977909e-34
3.004150e+02	4.318670e-30	2.965775e-34
3.004350e+02	4.301043e-30	2.953759e-34
3.004550e+02	4.283424e-30	2.941748e-34
3.004750e+02	4.265887e-30	2.929792e-34
3.004950e+02	4.248448e-30	2.917903e-34
3.005150e+02	4.231009e-30	2.906014e-34
3.005350e+02	4.213740e-30	2.894240e-34
3.005550e+02	4.196478e-30	2.882471e-34
3.005750e+02	4.179297e-30	2.870756e-34
3.005950e+02	4.162212e-30	2.859106e-34
3.006150e+02	4.145127e-30	2.847457e-34
3.006350e+02	4.128208e-30	2.835920e-34
3.006550e+02	4.111297e-30	2.824388e-34
3.006750e+02	4.094465e-30	2.812909e-34
3.006950e+02	4.077727e-30	2.801494e-34
3.007150e+02	4.060988e-30	2.790079e-34
3.007350e+02	4.044413e-30	2.778775e-34
3.007550e+02	4.027845e-30	2.767475e-34
3.007750e+02	4.011355e-30	2.756228e-34
3.007950e+02	3.994956e-30	2.745043e-34
3.008150e+02	3.978557e-30	2.733858e-34
3.008350e+02	3.962319e-30	2.722781e-34
3.008550e+02	3.946087e-30	2.711709e-34
3.008750e+02	3.929931e-30	2.700688e-34
3.008950e+02	3.913866e-30	2.689729e-34
3.009150e+02	3.897800e-30	2.678769e-34
3.009350e+02	3.881891e-30	2.667915e-34
3.009550e+02	3.865989e-30	2.657066e-34
3.009750e+02	3.850161e-30	2.646268e-34
3.009950e+02	3.834421e-30	2.635529e-34
3.010151e+02	3.818682e-30	2.624790e-34
3.010351e+02	3.803096e-30	2.614155e-34
3.010551e+02	3.787516e-30	2.603525e-34
3.010751e+02	3.772010e-30	2.592943e-34
3.010951e+02	3.756590e-30	2.582421e-34
3.011151e+02	3.741170e-30	2.571898e-34
3.011351e+02	3.725900e-30	2.561478e-34
3.011551e+02	3.710637e-30	2.551062e-34
3.011751e+02	3.695445e-30	2.540694e-34
3.011951e+02	3.680338e-30	2.530383e-34
3.012151e+02	3.665231e-30	2.520072e-34
3.012351e+02	3.650271e-30	2.509862e-34
3.012551e+02	3.635318e-30	2.499655e-34
3.012751e+02	3.620434e-30	2.489496e-34
3.012951e+02	3.605634e-30	2.479393e-34
3.013151e+02	3.590833e-30	2.469291e-34
3.013351e+02	3.576177e-30	2.459286e-34
3.013551e+02	3.561528e-30	2.449285e-34
3.013751e+02	3.546946e-30	2.439331e-34
3.013951e+02	3.532446e-30	2.429431e-34
3.014151e+02	3.517946e-30	2.419532e-34
3.014351e+02	3.503588e-30	2.409728e-34
3.014551e+02	3.489236e-30	2.399929e-34
3.014751e+02	3.474950e-30	2.390176e-34
3.014951e+02	3.460744e-30	2.380476e-34
3.015151e+02	3.446539e-30	2.370776e-34
3.015351e+02	3.432472e-30	2.361170e-34
3.015551e+02	3.418411e-30	2.351568e-34
3.015751e+02	3.404415e-30	2.342011e-34
3.015951e+02	3.390498e-30	2.332506e-34
3.016151e+02	3.376581e-30	2.323002e-34
3.016351e+02	3.362799e-30	2.313589e-34
3.016551e+02	3.349024e-30	2.304181e-34
3.016751e+02	3.335312e-30	2.294816e-34
3.016951e+02	3.321677e-30	2.285503e-34
3.017151e+02	3.308043e-30	2.276190e-34
3.017351e+02	3.294541e-30	2.266968e-34
3.017551e+02	3.281045e-30	2.257749e-34
3.017751e+02	3.267612e-30	2.248573e-34
3.017951e+02	3.254254e-30	2.239447e-34
3.018151e+02	3.240896e-30	2.230322e-34
3.018351e+02	3.227668e-30	2.221285e-34
3.018551e+02	3.214446e-30	2.212252e-34
3.018751e+02	3.201286e-30	2.203261e-34
3.018951e+02	3.188199e-30	2.194319e-34
3.019151e+02	3.175112e-30	2.185378e-34
3.019351e+02	3.162153e-30	2.176523e-34
3.019551e+02	3.149199e-30	2.167672e-34
3.019751e+02	3.136306e-30	2.158862e-34
3.019951e+02	3.123485e-30	2.150101e-34
3.020151e+02	3.110663e-30	2.141339e-34
3.020351e+02	3.097967e-30	2.132663e-34
3.020551e+02	3.085277e-30	2.123990e-34
3.020751e+02	3.072645e-30	2.115358e-34
3.020951e+02	3.060084e-30	2.106773e-34
3.021151e+02	3.047523e-30	2.098188e-34
3.021351e+02	3.035085e-30	2.089686e-34
3.021551e+02	3.022652e-30	2.081188e-34
3.021751e+02	3.010277e-30	2.072730e-34
3.021951e+02	2.997971e-30	2.064318e-34
3.022151e+02	2.985665e-30	2.055906e-34
3.022351e+02	2.973479e-30	2.047575e-34
3.022551e+02	2.961298e-30	2.039249e-34
3.022751e+02	2.949174e-30	2.030961e-34
3.022951e+02	2.937118e-30	2.022718e-34
3.023151e+02	2.925062e-30	2.014476e-34
3.023351e+02	2.913123e-30	2.006313e-34
3.023551e+02	2.901190e-30	1.998154e-34
3.023751e+02	2.889312e-30	1.990033e-34
3.023951e+02	2.877501e-30	1.981957e-34
3.024151e+02	2.865689e-30	1.973880e-34
3.024351e+02	2.853993e-30	1.965882e-34
3.024551e+02	2.842302e-30	1.957888e-34
3.024751e+02	2.830665e-30	1.949930e-34
3.024951e+02	2.819093e-30	1.942016e-34
3.025151e+02	2.807521e-30	1.934103e-34
3.025351e+02	2.796063e-30	1.926266e-34
3.025551e+02	2.784609e-30	1.918432e-34
3.025751e+02	2.773209e-30	1.910635e-34
3.025951e+02	2.761872e-30	1.902881e-34
3.026151e+02	2.750534e-30	1.895127e-34
3.026351e+02	2.739308e-30	1.887448e-34
3.026551e+02	2.728087e-30	1.879772e-34
3.026751e+02	2.716918e-30	1.872132e-34
3.026951e+02	2.705811e-30	1.864534e-34
3.027151e+02	2.694704e-30	1.856936e-34
3.027351e+02	2.683706e-30	1.849412e-34
3.027551e+02	2.672713e-30	1.841891e-34
3.027751e+02	2.661771e-30	1.834404e-34
3.027951e+02	2.650889e-30	1.826959e-34
3.028151e+02	2.640008e-30	1.819515e-34
3.028351e+02	2.629233e-30	1.812142e-34
3.028551e+02	2.618462e-30	1.804772e-34
3.028751e+02	2.607742e-30	1.797437e-34
3.028951e+02	2.597082e-30	1.790142e-34
3.029151e+02	2.586421e-30	1.782847e-34
3.029351e+02	2.575865e-30	1.775623e-34
3.029551e+02	2.565313e-30	1.768402e-34
3.029751e+02	2.554811e-30	1.761215e-34
3.029951e+02	2.544366e-30	1.754067e-34
3.030152e+02	2.533922e-30	1.746919e-34
3.030352e+02	2.523580e-30	1.739840e-34
3.030552e+02	2.513243e-30	1.732765e-34
3.030752e+02	2.502954e-30	1.725722e-34
3.030952e+02	2.492721e-30	1.718718e-34
3.031152e+02	2.482489e-30	1.711714e-34
3.031352e+02	2.472357e-30	1.704778e-34
3.031552e+02	2.462229e-30	1.697845e-34
3.031752e+02	2.452149e-30	1.690944e-34
3.031952e+02	2.442124e-30	1.684082e-34
3.032152e+02	2.432100e-30	1.677219e-34
3.032352e+02	2.422174e-30	1.670423e-34
3.032552e+02	2.412251e-30	1.663629e-34
3.032752e+02	2.402376e-30	1.656868e-34
3.032952e+02	2.392555e-30	1.650143e-34
3.033152e+02	2.382734e-30	1.643418e-34
3.033352e+02	2.373009e-30	1.636759e-34
3.033552e+02	2.363288e-30	1.630103e-34
3.033752e+02	2.353613e-30	1.623477e-34
3.033952e+02	2.343991e-30	1.616888e-34
3.034152e+02	2.334369e-30	1.610299e-34
3.034352e+02	2.324842e-30	1.603774e-34
3.034552e+02	2.315318e-30	1.597252e-34
3.034752e+02	2.305840e-30	1.590760e-34
3.034952e+02	2.296413e-30	1.584303e-34
3.035152e+02	2.286987e-30	1.577847e-34
3.035352e+02	2.277653e-30	1.571454e-34
3.035552e+02	2.268323e-30	1.565063e-34
3.035752e+02	2.259036e-30	1.558702e-34
3.035952e+02	2.249801e-30	1.552375e-34
3.036152e+02	2.240566e-30	1.546049e-34
3.036352e+02	2.231422e-30	1.539784e-34
3.036552e+02	2.222281e-30	1.533522e-34
3.036752e+02	2.213183e-30	1.527289e-34
3.036952e+02	2.204135e-30	1.521090e-34
3.037152e+02	2.195088e-30	1.514892e-34
3.037352e+02	2.186129e-30	1.508753e-34
3.037552e+02	2.177173e-30	1.502617e-34
3.037752e+02	2.168260e-30	1.496510e-34
3.037952e+02	2.159396e-30	1.490436e-34
3.038152e+02	2.150532e-30	1.484362e-34
3.038352e+02	2.141755e-30	1.478347e-34
3.038552e+02	2.132982e-30	1.472335e-34
3.038752e+02	2.124250e-30	1.466351e-34
3.038952e+02	2.115565e-30	1.460399e-34
3.039152e+02	2.106881e-30	1.454447e-34
3.039352e+02	2.098283e-30	1.448554e-34
3.039552e+02	2.089687e-30	1.442663e-34
3.039752e+02	2.081132e-30	1.436799e-34
3.039952e+02	2.072624e-30	1.430967e-34
3.040152e+02	2.064117e-30	1.425136e-34
3.040352e+02	2.055692e-30	1.419361e-34
3.040552e+02	2.047271e-30	1.413588e-34
3.040752e+02	2.038890e-30	1.407843e-34
3.040952e+02	2.030555e-30	1.402129e-34
3.041152e+02	2.022220e-30	1.396415e-34
3.041352e+02	2.013966e-30	1.390756e-34
3.041552e+02	2.005716e-30	1.385100e-34
3.041752e+02	1.997505e-30	1.379470e-34
3.041952e+02	1.989339e-30	1.373871e-34
3.042152e+02	1.981173e-30	1.368272e-34
3.042352e+02	1.973088e-30	1.362728e-34
3.042552e+02	1.965005e-30	1.357185e-34
3.042752e+02	1.956961e-30	1.351669e-34
3.042952e+02	1.948960e-30	1.346183e-34
3.043152e+02	1.940960e-30	1.340697e-34
3.043352e+02	1.933039e-30	1.335264e-34
3.043552e+02	1.925120e-30	1.329833e-34
3.043752e+02	1.917239e-30	1.324428e-34
3.043952e+02	1.909401e-30	1.319053e-34
3.044152e+02	1.901563e-30	1.313677e-34
3.044352e+02	1.893802e-30	1.308354e-34
3.044552e+02	1.886045e-30	1.303033e-34
3.044752e+02	1.878323e-30	1.297736e-34
3.044952e+02	1.870645e-30	1.292469e-34
3.045152e+02	1.862966e-30	1.287202e-34
3.045352e+02	1.855363e-30	1.281986e-34
3.045552e+02	1.847762e-30	1.276772e-34
3.045752e+02	1.840198e-30	1.271582e-34
3.045952e+02	1.832675e-30	1.266421e-34
3.046152e+02	1.825152e-30	1.261260e-34
3.046352e+02	1.817703e-30	1.256149e-34
3.046552e+02	1.810257e-30	1.251040e-34
3.046752e+02	1.802846e-30	1.245955e-34
3.046952e+02	1.795476e-30	1.240898e-34
3.047152e+02	1.788106e-30	1.235841e-34
3.047352e+02	1.780808e-30	1.230833e-34
3.047552e+02	1.773513e-30	1.225827e-34
3.047752e+02	1.766253e-30	1.220845e-34
3.047952e+02	1.759032e-30	1.215889e-34
3.048152e+02	1.751812e-30	1.210934e-34
3.048352e+02	1.744662e-30	1.206027e-34
3.048552e+02	1.737515e-30	1.201122e-34
3.048752e+02	1.730402e-30	1.196240e-34
3.048952e+02	1.723328e-30	1.191384e-34
3.049152e+02	1.716254e-30	1.186529e-34
3.049352e+02	1.709250e-30	1.181721e-34
3.049552e+02	1.702248e-30	1.176914e-34
3.049752e+02	1.695279e-30	1.172131e-34
3.049952e+02	1.688349e-30	1.167373e-34
3.050153e+02	1.681418e-30	1.162616e-34
3.050353e+02	1.674556e-30	1.157904e-34
3.050553e+02	1.667697e-30	1.153195e-34
3.050753e+02	1.660869e-30	1.148508e-34
3.050953e+02	1.654080e-30	1.143846e-34
3.051153e+02	1.647290e-30	1.139184e-34
3.051353e+02	1.640567e-30	1.134568e-34
3.051553e+02	1.633846e-30	1.129953e-34
3.051753e+02	1.627158e-30	1.125360e-34
3.051953e+02	1.620506e-30	1.120793e-34
3.052153e+02	1.613854e-30	1.116225e-34
3.052353e+02	1.607268e-30	1.111702e-34
3.052553e+02	1.600683e-30	1.107180e-34
3.052753e+02	1.594131e-30	1.102680e-34
3.052953e+02	1.587614e-30	1.098204e-34
3.053153e+02	1.581097e-30	1.093728e-34
3.053353e+02	1.574644e-30	1.089296e-34
3.053553e+02	1.568194e-30	1.084866e-34
3.053753e+02	1.561774e-30	1.080456e-34
3.053953e+02	1.555389e-30	1.076070e-34
3.054153e+02	1.549004e-30	1.071685e-34
3.054353e+02	1.542683e-30	1.067342e-34
3.054553e+02	1.536363e-30	1.063001e-34
3.054753e+02	1.530074e-30	1.058680e-34
3.054953e+02	1.523819e-30	1.054383e-34
3.055153e+02	1.517564e-30	1.050086e-34
3.055353e+02	1.511370e-30	1.045830e-34
3.055553e+02	1.505179e-30	1.041577e-34
3.055753e+02	1.499017e-30	1.037343e-34
3.055953e+02	1.492889e-30	1.033132e-34
3.056153e+02	1.486761e-30	1.028922e-34
3.056353e+02	1.480693e-30	1.024752e-34
3.056553e+02	1.474628e-30	1.020584e-34
3.056753e+02	1.468591e-30	1.016436e-34
3.056953e+02	1.462587e-30	1.012310e-34
3.057153e+02	1.456583e-30	1.008184e-34
3.057353e+02	1.450639e-30	1.004099e-34
3.057553e+02	1.444696e-30	1.000015e-34
3.057753e+02	1.438782e-30	9.959500e-35
3.057953e+02	1.432900e-30	9.919073e-35
3.058153e+02	1.427018e-30	9.878646e-35
3.058353e+02	1.421195e-30	9.838615e-35
3.058553e+02	1.415373e-30	9.798598e-35
3.058753e+02	1.409579e-30	9.758770e-35
3.058953e+02	1.403816e-30	9.719157e-35
3.059153e+02	1.398054e-30	9.679545e-35
3.059353e+02	1.392348e-30	9.640321e-35
3.059553e+02	1.386644e-30	9.601109e-35
3.059753e+02	1.380968e-30	9.562084e-35
3.059953e+02	1.375322e-30	9.523270e-35
3.060153e+02	1.369677e-30	9.484455e-35
3.060353e+02	1.364087e-30	9.446022e-35
3.060553e+02	1.358499e-30	9.407601e-35
3.060753e+02	1.352938e-30	9.369362e-35
3.060953e+02	1.347407e-30	9.331329e-35
3.061153e+02	1.341876e-30	9.293297e-35
3.061353e+02	1.336400e-30	9.255638e-35
3.061553e+02	1.330925e-30	9.217991e-35
3.061753e+02	1.325477e-30	9.180523e-35
3.061953e+02	1.320058e-30	9.143257e-35
3.062153e+02	1.314639e-30	9.105991e-35
3.062353e+02	1.309274e-30	9.069091e-35
3.062553e+02	1.303911e-30	9.032203e-35
3.062753e+02	1.298573e-30	8.995489e-35
3.062953e+02	1.293264e-30	8.958974e-35
3.063153e+02	1.287956e-30	8.922459e-35
3.063353e+02	1.282699e-30	8.886303e-35
3.063553e+02	1.277445e-30	8.850158e-35
3.063753e+02	1.272215e-30	8.814184e-35
3.063953e+02	1.267015e-30	8.778405e-35
3.064153e+02	1.261814e-30	8.742626e-35
3.064353e+02	1.256664e-30	8.707198e-35
3.064553e+02	1.251516e-30	8.671781e-35
3.064753e+02	1.246393e-30	8.636533e-35
3.064953e+02	1.241298e-30	8.601475e-35
3.065153e+02	1.236202e-30	8.566417e-35
3.065353e+02	1.231157e-30	8.531703e-35
3.065553e+02	1.226114e-30	8.497000e-35
3.065753e+02	1.221094e-30	8.462461e-35
3.065953e+02	1.216103e-30	8.428110e-35
3.066153e+02	1.211111e-30	8.393758e-35
3.066353e+02	1.206168e-30	8.359744e-35
3.066553e+02	1.201227e-30	8.325740e-35
3.066753e+02	1.196310e-30	8.291898e-35
3.066953e+02	1.191419e-30	8.258238e-35
3.067153e+02	1.186528e-30	8.224579e-35
3.067353e+02	1.181686e-30	8.191250e-35
3.067553e+02	1.176845e-30	8.157931e-35
3.067753e+02	1.172028e-30	8.124771e-35
3.067953e+02	1.167236e-30	8.091790e-35
3.068153e+02	1.162445e-30	8.058809e-35
3.068353e+02	1.157701e-30	8.026151e-35
3.068553e+02	1.152959e-30	7.993504e-35
3.068753e+02	1.148239e-30	7.961012e-35
3.068953e+02	1.143545e-30	7.928696e-35
3.069153e+02	1.138851e-30	7.896379e-35
3.069353e+02	1.134203e-30	7.864380e-35
3.069553e+02	1.129557e-30	7.832391e-35
3.069753e+02	1.124933e-30	7.800554e-35
3.069953e+02	1.120334e-30	7.768888e-35
3.070154e+02	1.115735e-30	7.737223e-35
3.070354e+02	1.111182e-30	7.705868e-35
3.070554e+02	1.106630e-30	7.674524e-35
3.070754e+02	1.102100e-30	7.643328e-35
3.070954e+02	1.097594e-30	7.612301e-35
3.071154e+02	1.093089e-30	7.581274e-35
3.071354e+02	1.088628e-30	7.550551e-35
3.071554e+02	1.084168e-30	7.519838e-35
3.071754e+02	1.079730e-30	7.489271e-35
3.071954e+02	1.075316e-30	7.458869e-35
3.072154e+02	1.070902e-30	7.428467e-35
3.072354e+02	1.066532e-30	7.398364e-35
3.072554e+02	1.062163e-30	7.368270e-35
3.072754e+02	1.057815e-30	7.338319e-35
3.072954e+02	1.053490e-30	7.308530e-35
3.073154e+02	1.049166e-30	7.278740e-35
3.073354e+02	1.044884e-30	7.249244e-35
3.073554e+02	1.040604e-30	7.219756e-35
3.073754e+02	1.036344e-30	7.190409e-35
3.073954e+02	1.032107e-30	7.161219e-35
3.074154e+02	1.027871e-30	7.132030e-35
3.074354e+02	1.023676e-30	7.103128e-35
3.074554e+02	1.019482e-30	7.074235e-35
3.074754e+02	1.015309e-30	7.045479e-35
3.074954e+02	1.011158e-30	7.016878e-35
3.075154e+02	1.007008e-30	6.988277e-35
3.075354e+02	1.002898e-30	6.959957e-35
3.075554e+02	9.987898e-31	6.931646e-35
3.075754e+02	9.947012e-31	6.903470e-35
3.075954e+02	9.906347e-31	6.875445e-35
3.076154e+02	9.865683e-31	6.847421e-35
3.076354e+02	9.825422e-31	6.819672e-35
3.076554e+02	9.785172e-31	6.791931e-35
3.076754e+02	9.745116e-31	6.764323e-35
3.076954e+02	9.705277e-31	6.736863e-35
3.077154e+02	9.665438e-31	6.709403e-35
3.077354e+02	9.625994e-31	6.682213e-35
3.077554e+02	9.586561e-31	6.655031e-35
3.077754e+02	9.547318e-31	6.627980e-35
3.077954e+02	9.508288e-31	6.601073e-35
3.078154e+02	9.469257e-31	6.574166e-35
3.078354e+02	9.430614e-31	6.547525e-35
3.078554e+02	9.391981e-31	6.520891e-35
3.078754e+02	9.353535e-31	6.494384e-35
3.078954e+02	9.315297e-31	6.468020e-35
3.079154e+02	9.277058e-31	6.441655e-35
3.079354e+02	9.239200e-31	6.415551e-35
3.079554e+02	9.201351e-31	6.389453e-35
3.079754e+02	9.163685e-31	6.363481e-35
3.079954e+02	9.126223e-31	6.337648e-35
3.080154e+02	9.088761e-31	6.311815e-35
3.080354e+02	9.051671e-31	6.286236e-35
3.080554e+02	9.014591e-31	6.260665e-35
3.080754e+02	8.977689e-31	6.235216e-35
3.080954e+02	8.940988e-31	6.209903e-35
3.081154e+02	8.904286e-31	6.184591e-35
3.081354e+02	8.867948e-31	6.159528e-35
3.081554e+02	8.831621e-31	6.134471e-35
3.081754e+02	8.795469e-31	6.109535e-35
3.081954e+02	8.759512e-31	6.084733e-35
3.082154e+02	8.723555e-31	6.059930e-35
3.082354e+02	8.687955e-31	6.035373e-35
3.082554e+02	8.652365e-31	6.010821e-35
3.082754e+02	8.616946e-31	5.986388e-35
3.082954e+02	8.581719e-31	5.962085e-35
3.083154e+02	8.546492e-31	5.937783e-35
3.083354e+02	8.511615e-31	5.913720e-35
3.083554e+02	8.476747e-31	5.889663e-35
3.083754e+02	8.442048e-31	5.865722e-35
3.083954e+02	8.407536e-31	5.841909e-35
3.084154e+02	8.373024e-31	5.818096e-35
3.084354e+02	8.338854e-31	5.794518e-35
3.084554e+02	8.304694e-31	5.770947e-35
3.084754e+02	8.270699e-31	5.747488e-35
3.084954e+02	8.236888e-31	5.724155e-35
3.085154e+02	8.203076e-31	5.700822e-35
3.085354e+02	8.169601e-31	5.677719e-35
3.085554e+02	8.136134e-31	5.654623e-35
3.085754e+02	8.102829e-31	5.631637e-35
3.085954e+02	8.069704e-31	5.608774e-35
3.086154e+02	8.036578e-31	5.585911e-35
3.086354e+02	8.003782e-31	5.563274e-35
3.086554e+02	7.970995e-31	5.540643e-35
3.086754e+02	7.938366e-31	5.518120e-35
3.086954e+02	7.905913e-31	5.495718e-35
3.087154e+02	7.873460e-31	5.473316e-35
3.087354e+02	7.841329e-31	5.451135e-35
3.087554e+02	7.809207e-31	5.428960e-35
3.087754e+02	7.777241e-31	5.406891e-35
3.087954e+02	7.745447e-31	5.384941e-35
3.088154e+02	7.713652e-31	5.362990e-35
3.088354e+02	7.682174e-31	5.341256e-35
3.088554e+02	7.650704e-31	5.319528e-35
3.088754e+02	7.619387e-31	5.297904e-35
3.088954e+02	7.588238e-31	5.276396e-35
3.089154e+02	7.557089e-31	5.254888e-35
3.089354e+02	7.526249e-31	5.233592e-35
3.089554e+02	7.495418e-31	5.212302e-35
3.089754e+02	7.464736e-31	5.191114e-35
3.089954e+02	7.434220e-31	5.170039e-35
3.090155e+02	7.403703e-31	5.148964e-35
3.090355e+02	7.373490e-31	5.128097e-35
3.090555e+02	7.343284e-31	5.107236e-35
3.090755e+02	7.313225e-31	5.086475e-35
3.090955e+02	7.283328e-31	5.065825e-35
3.091155e+02	7.253430e-31	5.045175e-35
3.091355e+02	7.223830e-31	5.024729e-35
3.091555e+02	7.194238e-31	5.004288e-35
3.091755e+02	7.164789e-31	4.983945e-35
3.091955e+02	7.135499e-31	4.963711e-35
3.092155e+02	7.106208e-31	4.943477e-35
3.092355e+02	7.077209e-31	4.923443e-35
3.092555e+02	7.048217e-31	4.903414e-35
3.092755e+02	7.019366e-31	4.883482e-35
3.092955e+02	6.990670e-31	4.863656e-35
3.093155e+02	6.961974e-31	4.843830e-35
3.093355e+02	6.933564e-31	4.824199e-35
3.093555e+02	6.905160e-31	4.804574e-35
3.093755e+02	6.876895e-31	4.785043e-35
3.093955e+02	6.848781e-31	4.765617e-35
3.094155e+02	6.820667e-31	4.746190e-35
3.094355e+02	6.792834e-31	4.726955e-35
3.094555e+02	6.765007e-31	4.707726e-35
3.094755e+02	6.737315e-31	4.688588e-35
3.094955e+02	6.709772e-31	4.669553e-35
3.095155e+02	6.682229e-31	4.650518e-35
3.095355e+02	6.654961e-31	4.631671e-35
3.095555e+02	6.627698e-31	4.612829e-35
3.095755e+02	6.600569e-31	4.594078e-35
3.095955e+02	6.573585e-31	4.575426e-35
3.096155e+02	6.546601e-31	4.556774e-35
3.096355e+02	6.519886e-31	4.538308e-35
3.096555e+02	6.493177e-31	4.519845e-35
3.096755e+02	6.466598e-31	4.501471e-35
3.096955e+02	6.440162e-31	4.483196e-35
3.097155e+02	6.413725e-31	4.464920e-35
3.097355e+02	6.387553e-31	4.446825e-35
3.097555e+02	6.361386e-31	4.428735e-35
3.097755e+02	6.335347e-31	4.410732e-35
3.097955e+02	6.309447e-31	4.392824e-35
3.098155e+02	6.283547e-31	4.374917e-35
3.098355e+02	6.257906e-31	4.357187e-35
3.098555e+02	6.232270e-31	4.339461e-35
3.098755e+02	6.206759e-31	4.321821e-35
3.098955e+02	6.181385e-31	4.304274e-35
3.099155e+02	6.156011e-31	4.286728e-35
3.099355e+02	6.130890e-31	4.269355e-35
3.099555e+02	6.105775e-31	4.251986e-35
3.099755e+02	6.080782e-31	4.234702e-35
3.099955e+02	6.055923e-31	4.217509e-35
3.100155e+02	6.031064e-31	4.200316e-35
3.100355e+02	6.006453e-31	4.183293e-35
3.100555e+02	5.981847e-31	4.166275e-35
3.100755e+02	5.957362e-31	4.149338e-35
3.100955e+02	5.933007e-31	4.132492e-35
3.101155e+02	5.908653e-31	4.115646e-35
3.101355e+02	5.884541e-31	4.098966e-35
3.101555e+02	5.860435e-31	4.082291e-35
3.101755e+02	5.836446e-31	4.065696e-35
3.101955e+02	5.812586e-31	4.049189e-35
3.102155e+02	5.788726e-31	4.032682e-35
3.102355e+02	5.765104e-31	4.016339e-35
3.102555e+02	5.741487e-31	3.999999e-35
3.102755e+02	5.717985e-31	3.983739e-35
3.102955e+02	5.694610e-31	3.967564e-35
3.103155e+02	5.671234e-31	3.951390e-35
3.103355e+02	5.648091e-31	3.935376e-35
3.103555e+02	5.624953e-31	3.919366e-35
3.103755e+02	5.601929e-31	3.903433e-35
3.103955e+02	5.579027e-31	3.887585e-35
3.104155e+02	5.556126e-31	3.871737e-35
3.104355e+02	5.533453e-31	3.856046e-35
3.104555e+02	5.510785e-31	3.840358e-35
3.104755e+02	5.488228e-31	3.824747e-35
3.104955e+02	5.465791e-31	3.809218e-35
3.105155e+02	5.443355e-31	3.793689e-35
3.105355e+02	5.421142e-31	3.778314e-35
3.105555e+02	5.398934e-31	3.762943e-35
3.105755e+02	5.376835e-31	3.747646e-35
3.105955e+02	5.354854e-31	3.732430e-35
3.106155e+02	5.332873e-31	3.717214e-35
3.106355e+02	5.311111e-31	3.702149e-35
3.106555e+02	5.289354e-31	3.687087e-35
3.106755e+02	5.267703e-31	3.672099e-35
3.106955e+02	5.246168e-31	3.657190e-35
3.107155e+02	5.224633e-31	3.642280e-35
3.107355e+02	5.203313e-31	3.627519e-35
3.107555e+02	5.181997e-31	3.612761e-35
3.107755e+02	5.160786e-31	3.598075e-35
3.107955e+02	5.139688e-31	3.583466e-35
3.108155e+02	5.118590e-31	3.568857e-35
3.108355e+02	5.097703e-31	3.554393e-35
3.108555e+02	5.076820e-31	3.539933e-35
3.108755e+02	5.056039e-31	3.525542e-35
3.108955e+02	5.035370e-31	3.511228e-35
3.109155e+02	5.014700e-31	3.496914e-35
3.109355e+02	4.994237e-31	3.482741e-35
3.109555e+02	4.973778e-31	3.468572e-35
3.109755e+02	4.953419e-31	3.454472e-35
3.109955e+02	4.933168e-31	3.440446e-35
3.110156e+02	4.912918e-31	3.426420e-35
3.110356e+02	4.892870e-31	3.412534e-35
3.110556e+02	4.872827e-31	3.398650e-35
3.110756e+02	4.852881e-31	3.384834e-35
3.110956e+02	4.833042e-31	3.371091e-35
3.111156e+02	4.813202e-31	3.357347e-35
3.111356e+02	4.793562e-31	3.343741e-35
3.111556e+02	4.773925e-31	3.330137e-35
3.111756e+02	4.754384e-31	3.316599e-35
3.111956e+02	4.734947e-31	3.303133e-35
3.112156e+02	4.715511e-31	3.289667e-35
3.112356e+02	4.696268e-31	3.276335e-35
3.112556e+02	4.677030e-31	3.263005e-35
3.112756e+02	4.657886e-31	3.249740e-35
3.112956e+02	4.638844e-31	3.236545e-35
3.113156e+02	4.619802e-31	3.223350e-35
3.113356e+02	4.600950e-31	3.210287e-35
3.113556e+02	4.582102e-31	3.197226e-35
3.113756e+02	4.563347e-31	3.184228e-35
3.113956e+02	4.544691e-31	3.171300e-35
3.114156e+02	4.526035e-31	3.158371e-35
3.114356e+02	4.507567e-31	3.145570e-35
3.114556e+02	4.489101e-31	3.132773e-35
3.114756e+02	4.470727e-31	3.120037e-35
3.114956e+02	4.452449e-31	3.107369e-35
3.115156e+02	4.434172e-31	3.094701e-35
3.115356e+02	4.416078e-31	3.082158e-35
3.115556e+02	4.397988e-31	3.069618e-35
3.115756e+02	4.379986e-31	3.057140e-35
3.115956e+02	4.362080e-31	3.044727e-35
3.116156e+02	4.344174e-31	3.032314e-35
3.116356e+02	4.326447e-31	3.020024e-35
3.116556e+02	4.308724e-31	3.007737e-35
3.116756e+02	4.291087e-31	2.995510e-35
3.116956e+02	4.273545e-31	2.983347e-35
3.117156e+02	4.256002e-31	2.971184e-35
3.117356e+02	4.238635e-31	2.959143e-35
3.117556e+02	4.221272e-31	2.947103e-35
3.117756e+02	4.203993e-31	2.935122e-35
3.117956e+02	4.186807e-31	2.923205e-35
3.118156e+02	4.169620e-31	2.911287e-35
3.118356e+02	4.152606e-31	2.899488e-35
3.118556e+02	4.135594e-31	2.887691e-35
3.118756e+02	4.118667e-31	2.875952e-35
3.118956e+02	4.101829e-31	2.864275e-35
3.119156e+02	4.084991e-31	2.852597e-35
3.119356e+02	4.068322e-31	2.841036e-35
3.119556e+02	4.051656e-31	2.829477e-35
3.119756e+02	4.035072e-31	2.817974e-35
3.119956e+02	4.018576e-31	2.806532e-35
3.120156e+02	4.002080e-31	2.795090e-35
3.120356e+02	3.985750e-31	2.783762e-35
3.120556e+02	3.969422e-31	2.772436e-35
3.120756e+02	3.953174e-31	2.761165e-35
3.120956e+02	3.937013e-31	2.749954e-35
3.121156e+02	3.920852e-31	2.738742e-35
3.121356e+02	3.904853e-31	2.727642e-35
3.121556e+02	3.888856e-31	2.716544e-35
3.121756e+02	3.872939e-31	2.705501e-35
3.121956e+02	3.857106e-31	2.694515e-35
3.122156e+02	3.841273e-31	2.683530e-35
3.122356e+02	3.825598e-31	2.672654e-35
3.122556e+02	3.809926e-31	2.661780e-35
3.122756e+02	3.794332e-31	2.650959e-35
3.122956e+02	3.778820e-31	2.640195e-35
3.123156e+02	3.763308e-31	2.629431e-35
3.123356e+02	3.747952e-31	2.618774e-35
3.123556e+02	3.732598e-31	2.608119e-35
3.123756e+02	3.717321e-31	2.597516e-35
3.123956e+02	3.702123e-31	2.586969e-35
3.124156e+02	3.686926e-31	2.576422e-35
3.124356e+02	3.671882e-31	2.565980e-35
3.124556e+02	3.656840e-31	2.555539e-35
3.124756e+02	3.641872e-31	2.545150e-35
3.124956e+02	3.626984e-31	2.534816e-35
3.125156e+02	3.612095e-31	2.524481e-35
3.125356e+02	3.597356e-31	2.514250e-35
3.125556e+02	3.582619e-31	2.504020e-35
3.125756e+02	3.567955e-31	2.493840e-35
3.125956e+02	3.553369e-31	2.483714e-35
3.126156e+02	3.538782e-31	2.473588e-35
3.126356e+02	3.524342e-31	2.463562e-35
3.126556e+02	3.509905e-31	2.453539e-35
3.126756e+02	3.495539e-31	2.443564e-35
3.126956e+02	3.481248e-31	2.433642e-35
3.127156e+02	3.466958e-31	2.423720e-35
3.127356e+02	3.452811e-31	2.413897e-35
3.127556e+02	3.438666e-31	2.404075e-35
3.127756e+02	3.424592e-31	2.394302e-35
3.127956e+02	3.410591e-31	2.384579e-35
3.128156e+02	3.396591e-31	2.374857e-35
3.128356e+02	3.382731e-31	2.365232e-35
3.128556e+02	3.368874e-31	2.355608e-35
3.128756e+02	3.355085e-31	2.346032e-35
3.128956e+02	3.341369e-31	2.336506e-35
3.129156e+02	3.327653e-31	2.326980e-35
3.129356e+02	3.314074e-31	2.317548e-35
3.129556e+02	3.300498e-31	2.308119e-35
3.129756e+02	3.286989e-31	2.298735e-35
3.129956e+02	3.273551e-31	2.289401e-35
3.130157e+02	3.260113e-31	2.280067e-35
3.130357e+02	3.246811e-31	2.270826e-35
3.130557e+02	3.233510e-31	2.261586e-35
3.130757e+02	3.220275e-31	2.252392e-35
3.130957e+02	3.207110e-31	2.243246e-35
3.131157e+02	3.193945e-31	2.234100e-35
3.131357e+02	3.180912e-31	2.225045e-35
3.131557e+02	3.167881e-31	2.215992e-35
3.131757e+02	3.154915e-31	2.206983e-35
3.131957e+02	3.142017e-31	2.198021e-35
3.132157e+02	3.129120e-31	2.189059e-35
3.132357e+02	3.116351e-31	2.180187e-35
3.132557e+02	3.103585e-31	2.171316e-35
3.132757e+02	3.090882e-31	2.162489e-35
3.132957e+02	3.078246e-31	2.153708e-35
3.133157e+02	3.065610e-31	2.144927e-35
3.133357e+02	3.053101e-31	2.136233e-35
3.133557e+02	3.040594e-31	2.127541e-35
3.133757e+02	3.028149e-31	2.118892e-35
3.133957e+02	3.015769e-31	2.110288e-35
3.134157e+02	3.003389e-31	2.101684e-35
3.134357e+02	2.991134e-31	2.093166e-35
3.134557e+02	2.978881e-31	2.084649e-35
3.134757e+02	2.966688e-31	2.076174e-35
3.134957e+02	2.954560e-31	2.067743e-35
3.135157e+02	2.942432e-31	2.059312e-35
3.135357e+02	2.930425e-31	2.050966e-35
3.135557e+02	2.918421e-31	2.042621e-35
3.135757e+02	2.906476e-31	2.034316e-35
3.135957e+02	2.894594e-31	2.026056e-35
3.136157e+02	2.882711e-31	2.017795e-35
3.136357e+02	2.870949e-31	2.009617e-35
3.136557e+02	2.859188e-31	2.001440e-35
3.136757e+02	2.847485e-31	1.993303e-35
3.136957e+02	2.835844e-31	1.985209e-35
3.137157e+02	2.824203e-31	1.977115e-35
3.137357e+02	2.812679e-31	1.969101e-35
3.137557e+02	2.801157e-31	1.961089e-35
3.137757e+02	2.789692e-31	1.953116e-35
3.137957e+02	2.778287e-31	1.945185e-35
3.138157e+02	2.766882e-31	1.937254e-35
3.138357e+02	2.755592e-31	1.929402e-35
3.138557e+02	2.744304e-31	1.921552e-35
3.138757e+02	2.733072e-31	1.913740e-35
3.138957e+02	2.721898e-31	1.905968e-35
3.139157e+02	2.710725e-31	1.898197e-35
3.139357e+02	2.699664e-31	1.890504e-35
3.139557e+02	2.688605e-31	1.882811e-35
3.139757e+02	2.677601e-31	1.875157e-35
3.139957e+02	2.666654e-31	1.867542e-35
3.140157e+02	2.655708e-31	1.859927e-35
3.140357e+02	2.644871e-31	1.852389e-35
3.140557e+02	2.634036e-31	1.844852e-35
3.140757e+02	2.623256e-31	1.837351e-35
3.140957e+02	2.612531e-31	1.829890e-35
3.141157e+02	2.601807e-31	1.822429e-35
3.141357e+02	2.591191e-31	1.815043e-35
3.141557e+02	2.580576e-31	1.807657e-35
3.141757e+02	2.570013e-31	1.800308e-35
3.141957e+02	2.559507e-31	1.792997e-35
3.142157e+02	2.549000e-31	1.785687e-35
3.142357e+02	2.538599e-31	1.778449e-35
3.142557e+02	2.528200e-31	1.771213e-35
3.142757e+02	2.517852e-31	1.764012e-35
3.142957e+02	2.507559e-31	1.756848e-35
3.143157e+02	2.497265e-31	1.749685e-35
3.143357e+02	2.487075e-31	1.742593e-35
3.143557e+02	2.476887e-31	1.735503e-35
3.143757e+02	2.466749e-31	1.728447e-35
3.143957e+02	2.456665e-31	1.721428e-35
3.144157e+02	2.446580e-31	1.714409e-35
3.144357e+02	2.436597e-31	1.707460e-35
3.144557e+02	2.426616e-31	1.700512e-35
3.144757e+02	2.416684e-31	1.693599e-35
3.144957e+02	2.406804e-31	1.686721e-35
3.145157e+02	2.396924e-31	1.679844e-35
3.145357e+02	2.387144e-31	1.673035e-35
3.145557e+02	2.377365e-31	1.666228e-35
3.145757e+02	2.367634e-31	1.659453e-35
3.145957e+02	2.357955e-31	1.652715e-35
3.146157e+02	2.348276e-31	1.645976e-35
3.146357e+02	2.338694e-31	1.639304e-35
3.146557e+02	2.329113e-31	1.632634e-35
3.146757e+02	2.319581e-31	1.625996e-35
3.146957e+02	2.310098e-31	1.619393e-35
3.147157e+02	2.300615e-31	1.612790e-35
3.147357e+02	2.291228e-31	1.606253e-35
3.147557e+02	2.281842e-31	1.599717e-35
3.147757e+02	2.272502e-31	1.593214e-35
3.147957e+02	2.263212e-31	1.586744e-35
3.148157e+02	2.253921e-31	1.580274e-35
3.148357e+02	2.244725e-31	1.573869e-35
3.148557e+02	2.235529e-31	1.567464e-35
3.148757e+02	2.226379e-31	1.561092e-35
3.148957e+02	2.217277e-31	1.554752e-35
3.149157e+02	2.208176e-31	1.548413e-35
3.149357e+02	2.199166e-31	1.542137e-35
3.149557e+02	2.190157e-31	1.535861e-35
3.149757e+02	2.181193e-31	1.529617e-35
3.149957e+02	2.172275e-31	1.523405e-35
3.150158e+02	2.163358e-31	1.517194e-35
3.150358e+02	2.154531e-31	1.511044e-35
3.150558e+02	2.145705e-31	1.504895e-35
3.150758e+02	2.136923e-31	1.498777e-35
3.150958e+02	2.128187e-31	1.492691e-35
3.151158e+02	2.119451e-31	1.486604e-35
3.151358e+02	2.110803e-31	1.480579e-35
3.151558e+02	2.102156e-31	1.474554e-35
3.151758e+02	2.093552e-31	1.468559e-35
3.151958e+02	2.084993e-31	1.462595e-35
3.152158e+02	2.076434e-31	1.456631e-35
3.152358e+02	2.067962e-31	1.450727e-35
3.152558e+02	2.059490e-31	1.444824e-35
3.152758e+02	2.051061e-31	1.438950e-35
3.152958e+02	2.042676e-31	1.433106e-35
3.153158e+02	2.034291e-31	1.427263e-35
3.153358e+02	2.025990e-31	1.421478e-35
3.153558e+02	2.017691e-31	1.415693e-35
3.153758e+02	2.009433e-31	1.409938e-35
3.153958e+02	2.001218e-31	1.404212e-35
3.154158e+02	1.993003e-31	1.398486e-35
3.154358e+02	1.984871e-31	1.392818e-35
3.154558e+02	1.976740e-31	1.387150e-35
3.154758e+02	1.968649e-31	1.381510e-35
3.154958e+02	1.960601e-31	1.375900e-35
3.155158e+02	1.952553e-31	1.370289e-35
3.155358e+02	1.944586e-31	1.364735e-35
3.155558e+02	1.936620e-31	1.359182e-35
3.155758e+02	1.928694e-31	1.353656e-35
3.155958e+02	1.920809e-31	1.348159e-35
3.156158e+02	1.912924e-31	1.342661e-35
3.156358e+02	1.905119e-31	1.337219e-35
3.156558e+02	1.897314e-31	1.331778e-35
3.156758e+02	1.889549e-31	1.326363e-35
3.156958e+02	1.881824e-31	1.320977e-35
3.157158e+02	1.874099e-31	1.315590e-35
3.157358e+02	1.866453e-31	1.310258e-35
3.157558e+02	1.858806e-31	1.304926e-35
3.157758e+02	1.851199e-31	1.299620e-35
3.157958e+02	1.843631e-31	1.294342e-35
3.158158e+02	1.836063e-31	1.289065e-35
3.158358e+02	1.828571e-31	1.283840e-35
3.158558e+02	1.821080e-31	1.278615e-35
3.158758e+02	1.813627e-31	1.273417e-35
3.158958e+02	1.806212e-31	1.268245e-35
3.159158e+02	1.798798e-31	1.263074e-35
3.159358e+02	1.791459e-31	1.257954e-35
3.159558e+02	1.784120e-31	1.252835e-35
3.159758e+02	1.776818e-31	1.247742e-35
3.159958e+02	1.769554e-31	1.242674e-35
3.160158e+02	1.762290e-31	1.237607e-35
3.160358e+02	1.755099e-31	1.232591e-35
3.160558e+02	1.747909e-31	1.227575e-35
3.160758e+02	1.740756e-31	1.222584e-35
3.160958e+02	1.733639e-31	1.217619e-35
3.161158e+02	1.726522e-31	1.212654e-35
3.161358e+02	1.719478e-31	1.207738e-35
3.161558e+02	1.712434e-31	1.202823e-35
3.161758e+02	1.705425e-31	1.197933e-35
3.161958e+02	1.698453e-31	1.193068e-35
3.162158e+02	1.691481e-31	1.188203e-35
3.162358e+02	1.684580e-31	1.183387e-35
3.162558e+02	1.677679e-31	1.178571e-35
3.162758e+02	1.670812e-31	1.173780e-35
3.162958e+02	1.663982e-31	1.169013e-35
3.163158e+02	1.657151e-31	1.164246e-35
3.163358e+02	1.650390e-31	1.159527e-35
3.163558e+02	1.643629e-31	1.154808e-35
3.163758e+02	1.636902e-31	1.150113e-35
3.163958e+02	1.630210e-31	1.145442e-35
3.164158e+02	1.623518e-31	1.140771e-35
3.164358e+02	1.616893e-31	1.136147e-35
3.164558e+02	1.610270e-31	1.131524e-35
3.164758e+02	1.603679e-31	1.126923e-35
3.164958e+02	1.597123e-31	1.122346e-35
3.165158e+02	1.590567e-31	1.117770e-35
3.165358e+02	1.584077e-31	1.113239e-35
3.165558e+02	1.577588e-31	1.108709e-35
3.165758e+02	1.571131e-31	1.104201e-35
3.165958e+02	1.564708e-31	1.099717e-35
3.166158e+02	1.558285e-31	1.095232e-35
3.166358e+02	1.551927e-31	1.090793e-35
3.166558e+02	1.545569e-31	1.086354e-35
3.166758e+02	1.539244e-31	1.081937e-35
3.166958e+02	1.532951e-31	1.077543e-35
3.167158e+02	1.526658e-31	1.073149e-35
3.167358e+02	1.520429e-31	1.068799e-35
3.167558e+02	1.514201e-31	1.064450e-35
3.167758e+02	1.508004e-31	1.060122e-35
3.167958e+02	1.501839e-31	1.055816e-35
3.168158e+02	1.495674e-31	1.051511e-35
3.168358e+02	1.489571e-31	1.047249e-35
3.168558e+02	1.483469e-31	1.042987e-35
3.168758e+02	1.477398e-31	1.038746e-35
3.168958e+02	1.471358e-31	1.034528e-35
3.169158e+02	1.465318e-31	1.030309e-35
3.169358e+02	1.459339e-31	1.026133e-35
3.169558e+02	1.453361e-31	1.021957e-35
3.169758e+02	1.447413e-31	1.017802e-35
3.169958e+02	1.441495e-31	1.013668e-35
3.170159e+02	1.435578e-31	1.009534e-35
3.170359e+02	1.429721e-31	1.005442e-35
3.170559e+02	1.423864e-31	1.001351e-35
3.170759e+02	1.418036e-31	9.972795e-36
3.170959e+02	1.412239e-31	9.932291e-36
3.171159e+02	1.406442e-31	9.891788e-36
3.171359e+02	1.400703e-31	9.851693e-36
3.171559e+02	1.394965e-31	9.811600e-36
3.171759e+02	1.389256e-31	9.771709e-36
3.171959e+02	1.383577e-31	9.732022e-36
3.172159e+02	1.377897e-31	9.692335e-36
3.172359e+02	1.372275e-31	9.653049e-36
3.172559e+02	1.366653e-31	9.613764e-36
3.172759e+02	1.361060e-31	9.574677e-36
3.172959e+02	1.355496e-31	9.535790e-36
3.173159e+02	1.349932e-31	9.496903e-36
3.173359e+02	1.344424e-31	9.458409e-36
3.173559e+02	1.338916e-31	9.419916e-36
3.173759e+02	1.333436e-31	9.381617e-36
3.173959e+02	1.327985e-31	9.343514e-36
3.174159e+02	1.322534e-31	9.305412e-36
3.174359e+02	1.317138e-31	9.267693e-36
3.174559e+02	1.311742e-31	9.229977e-36
3.174759e+02	1.306373e-31	9.192450e-36
3.174959e+02	1.301033e-31	9.155115e-36
3.175159e+02	1.295692e-31	9.117780e-36
3.175359e+02	1.290405e-31	9.080822e-36
3.175559e+02	1.285119e-31	9.043866e-36
3.175759e+02	1.279860e-31	9.007095e-36
3.175959e+02	1.274627e-31	8.970513e-36
3.176159e+02	1.269395e-31	8.933931e-36
3.176359e+02	1.264216e-31	8.897719e-36
3.176559e+02	1.259037e-31	8.861507e-36
3.176759e+02	1.253884e-31	8.825478e-36
3.176959e+02	1.248758e-31	8.789634e-36
3.177159e+02	1.243632e-31	8.753789e-36
3.177359e+02	1.238558e-31	8.718306e-36
3.177559e+02	1.233484e-31	8.682825e-36
3.177759e+02	1.228436e-31	8.647522e-36
3.177959e+02	1.223413e-31	8.612400e-36
3.178159e+02	1.218391e-31	8.577278e-36
3.178359e+02	1.213420e-31	8.542511e-36
3.178559e+02	1.208449e-31	8.507745e-36
3.178759e+02	1.203504e-31	8.473154e-36
3.178959e+02	1.198584e-31	8.438740e-36
3.179159e+02	1.193663e-31	8.404326e-36
3.179359e+02	1.188793e-31	8.370260e-36
3.179559e+02	1.183923e-31	8.336195e-36
3.179759e+02	1.179078e-31	8.302301e-36
3.179959e+02	1.174257e-31	8.268581e-36
3.180159e+02	1.169437e-31	8.234861e-36
3.180359e+02	1.164666e-31	8.201482e-36
3.180559e+02	1.159895e-31	8.168103e-36
3.180759e+02	1.155148e-31	8.134893e-36
3.180959e+02	1.150425e-31	8.101852e-36
3.181159e+02	1.145703e-31	8.068812e-36
3.181359e+02	1.141028e-31	8.036106e-36
3.181559e+02	1.136354e-31	8.003400e-36
3.181759e+02	1.131703e-31	7.970860e-36
3.181959e+02	1.127077e-31	7.938485e-36
3.182159e+02	1.122450e-31	7.906111e-36
3.182359e+02	1.117870e-31	7.874064e-36
3.182559e+02	1.113291e-31	7.842018e-36
3.182759e+02	1.108735e-31	7.810133e-36
3.182959e+02	1.104202e-31	7.778411e-36
3.183159e+02	1.099669e-31	7.746690e-36
3.183359e+02	1.095183e-31	7.715289e-36
3.183559e+02	1.090696e-31	7.683889e-36
3.183759e+02	1.086232e-31	7.652647e-36
3.183959e+02	1.081791e-31	7.621565e-36
3.184159e+02	1.077351e-31	7.590483e-36
3.184359e+02	1.072955e-31	7.559715e-36
3.184559e+02	1.068560e-31	7.528948e-36
3.184759e+02	1.064187e-31	7.498336e-36
3.184959e+02	1.059836e-31	7.467881e-36
3.185159e+02	1.055485e-31	7.437425e-36
3.185359e+02	1.051179e-31	7.407278e-36
3.185559e+02	1.046873e-31	7.377131e-36
3.185759e+02	1.042588e-31	7.347136e-36
3.185959e+02	1.038326e-31	7.317295e-36
3.186159e+02	1.034064e-31	7.287453e-36
3.186359e+02	1.029845e-31	7.257914e-36
3.186559e+02	1.025626e-31	7.228374e-36
3.186759e+02	1.021428e-31	7.198985e-36
3.186959e+02	1.017253e-31	7.169745e-36
3.187159e+02	1.013077e-31	7.140505e-36
3.187359e+02	1.008943e-31	7.111561e-36
3.187559e+02	1.004810e-31	7.082617e-36
3.187759e+02	1.000698e-31	7.053820e-36
3.187959e+02	9.966069e-32	7.025170e-36
3.188159e+02	9.925158e-32	6.996519e-36
3.188359e+02	9.884664e-32	6.968159e-36
3.188559e+02	9.844170e-32	6.939799e-36
3.188759e+02	9.803883e-32	6.911582e-36
3.188959e+02	9.763802e-32	6.883509e-36
3.189159e+02	9.723722e-32	6.855436e-36
3.189359e+02	9.684050e-32	6.827648e-36
3.189559e+02	9.644378e-32	6.799859e-36
3.189759e+02	9.604909e-32	6.772212e-36
3.189959e+02	9.565641e-32	6.744705e-36
3.190160e+02	9.526374e-32	6.717198e-36
3.190360e+02	9.487507e-32	6.689970e-36
3.190560e+02	9.448641e-32	6.662741e-36
3.190760e+02	9.409972e-32	6.635651e-36
3.190960e+02	9.371502e-32	6.608699e-36
3.191160e+02	9.333032e-32	6.581747e-36
3.191360e+02	9.294954e-32	6.555067e-36
3.191560e+02	9.256876e-32	6.528388e-36
3.191760e+02	9.218992e-32	6.501844e-36
3.191960e+02	9.181303e-32	6.475435e-36
3.192160e+02	9.143614e-32	6.449026e-36
3.192360e+02	9.106308e-32	6.422885e-36
3.192560e+02	9.069003e-32	6.396743e-36
3.192760e+02	9.031889e-32	6.370734e-36
3.192960e+02	8.994964e-32	6.344858e-36
3.193160e+02	8.958040e-32	6.318982e-36
3.193360e+02	8.921492e-32	6.293367e-36
3.193560e+02	8.884944e-32	6.267753e-36
3.193760e+02	8.848583e-32	6.242268e-36
3.193960e+02	8.812407e-32	6.216913e-36
3.194160e+02	8.776233e-32	6.191559e-36
3.194360e+02	8.740426e-32	6.166461e-36
3.194560e+02	8.704620e-32	6.141363e-36
3.194760e+02	8.668997e-32	6.116392e-36
3.194960e+02	8.633556e-32	6.091548e-36
3.195160e+02	8.598115e-32	6.066705e-36
3.195360e+02	8.563036e-32	6.042113e-36
3.195560e+02	8.527956e-32	6.017521e-36
3.195760e+02	8.493056e-32	5.993054e-36
3.195960e+02	8.458334e-32	5.968711e-36
3.196160e+02	8.423613e-32	5.944369e-36
3.196360e+02	8.389245e-32	5.920272e-36
3.196560e+02	8.354878e-32	5.896176e-36
3.196760e+02	8.320686e-32	5.872202e-36
3.196960e+02	8.286669e-32	5.848350e-36
3.197160e+02	8.252652e-32	5.824499e-36
3.197360e+02	8.218982e-32	5.800888e-36
3.197560e+02	8.185312e-32	5.777278e-36
3.197760e+02	8.151814e-32	5.753788e-36
3.197960e+02	8.118488e-32	5.730416e-36
3.198160e+02	8.085162e-32	5.707046e-36
3.198360e+02	8.052175e-32	5.683911e-36
3.198560e+02	8.019188e-32	5.660777e-36
3.198760e+02	7.986370e-32	5.637760e-36
3.198960e+02	7.953720e-32	5.614860e-36
3.199160e+02	7.921070e-32	5.591961e-36
3.199360e+02	7.888753e-32	5.569293e-36
3.199560e+02	7.856436e-32	5.546625e-36
3.199760e+02	7.824284e-32	5.524072e-36
3.199960e+02	7.792296e-32	5.501634e-36
3.200160e+02	7.760310e-32	5.479196e-36
3.200360e+02	7.728648e-32	5.456985e-36
3.200560e+02	7.696987e-32	5.434774e-36
3.200760e+02	7.665488e-32	5.412676e-36
3.200960e+02	7.634149e-32	5.390690e-36
3.201160e+02	7.602811e-32	5.368705e-36
3.201360e+02	7.571793e-32	5.346941e-36
3.201560e+02	7.540774e-32	5.325178e-36
3.201760e+02	7.509914e-32	5.303526e-36
3.201960e+02	7.479211e-32	5.281983e-36
3.202160e+02	7.448510e-32	5.260441e-36
3.202360e+02	7.418121e-32	5.239117e-36
3.202560e+02	7.387731e-32	5.217792e-36
3.202760e+02	7.357498e-32	5.196577e-36
3.202960e+02	7.327418e-32	5.175468e-36
3.203160e+02	7.297340e-32	5.154361e-36
3.203360e+02	7.267568e-32	5.133466e-36
3.203560e+02	7.237795e-32	5.112572e-36
3.203760e+02	7.208175e-32	5.091784e-36
3.203960e+02	7.178706e-32	5.071101e-36
3.204160e+02	7.149238e-32	5.050419e-36
3.204360e+02	7.120070e-32	5.029946e-36
3.204560e+02	7.090902e-32	5.009472e-36
3.204760e+02	7.061883e-32	4.989104e-36
3.204960e+02	7.033012e-32	4.968838e-36
3.205160e+02	7.004143e-32	4.948573e-36
3.205360e+02	6.975566e-32	4.928512e-36
3.205560e+02	6.946990e-32	4.908452e-36
3.205760e+02	6.918560e-32	4.888494e-36
3.205960e+02	6.890275e-32	4.868637e-36
3.206160e+02	6.861992e-32	4.848780e-36
3.206360e+02	6.833995e-32	4.829124e-36
3.206560e+02	6.805999e-32	4.809468e-36
3.206760e+02	6.778146e-32	4.789913e-36
3.206960e+02	6.750435e-32	4.770456e-36
3.207160e+02	6.722726e-32	4.751000e-36
3.207360e+02	6.695298e-32	4.731740e-36
3.207560e+02	6.667869e-32	4.712480e-36
3.207760e+02	6.640582e-32	4.693319e-36
3.207960e+02	6.613434e-32	4.674254e-36
3.208160e+02	6.586287e-32	4.655191e-36
3.208360e+02	6.559415e-32	4.636319e-36
3.208560e+02	6.532543e-32	4.617448e-36
3.208760e+02	6.505810e-32	4.598673e-36
3.208960e+02	6.479213e-32	4.579993e-36
3.209160e+02	6.452616e-32	4.561313e-36
3.209360e+02	6.426290e-32	4.542822e-36
3.209560e+02	6.399964e-32	4.524331e-36
3.209760e+02	6.373773e-32	4.505935e-36
3.209960e+02	6.347716e-32	4.487631e-36
3.210161e+02	6.321659e-32	4.469329e-36
3.210361e+02	6.295867e-32	4.451211e-36
3.210561e+02	6.270075e-32	4.433093e-36
3.210761e+02	6.244416e-32	4.415067e-36
3.210961e+02	6.218887e-32	4.397133e-36
3.211161e+02	6.193360e-32	4.379199e-36
3.211361e+02	6.168091e-32	4.361446e-36
3.211561e+02	6.142823e-32	4.343693e-36
3.211761e+02	6.117685e-32	4.326031e-36
3.211961e+02	6.092674e-32	4.308458e-36
3.212161e+02	6.067665e-32	4.290886e-36
3.212361e+02	6.042909e-32	4.273492e-36
3.212561e+02	6.018153e-32	4.256097e-36
3.212761e+02	5.993525e-32	4.238791e-36
3.212961e+02	5.969022e-32	4.221572e-36
3.213161e+02	5.944520e-32	4.204355e-36
3.213361e+02	5.920267e-32	4.187310e-36
3.213561e+02	5.896014e-32	4.170266e-36
3.213761e+02	5.871886e-32	4.153309e-36
3.213961e+02	5.847880e-32	4.136438e-36
3.214161e+02	5.823875e-32	4.119567e-36
3.214361e+02	5.800114e-32	4.102867e-36
3.214561e+02	5.776353e-32	4.086166e-36
3.214761e+02	5.752715e-32	4.069551e-36
3.214961e+02	5.729196e-32	4.053020e-36
3.215161e+02	5.705679e-32	4.036490e-36
3.215361e+02	5.682400e-32	4.020126e-36
3.215561e+02	5.659121e-32	4.003762e-36
3.215761e+02	5.635963e-32	3.987482e-36
3.215961e+02	5.612921e-32	3.971284e-36
3.216161e+02	5.589881e-32	3.955087e-36
3.216361e+02	5.567075e-32	3.939053e-36
3.216561e+02	5.544269e-32	3.923019e-36
3.216761e+02	5.521580e-32	3.907068e-36
3.216961e+02	5.499006e-32	3.891196e-36
3.217161e+02	5.476434e-32	3.875326e-36
3.217361e+02	5.454091e-32	3.859615e-36
3.217561e+02	5.431747e-32	3.843905e-36
3.217761e+02	5.409519e-32	3.828275e-36
3.217961e+02	5.387403e-32	3.812723e-36
3.218161e+02	5.365289e-32	3.797173e-36
3.218361e+02	5.343399e-32	3.781779e-36
3.218561e+02	5.321509e-32	3.766385e-36
3.218761e+02	5.299732e-32	3.751071e-36
3.218961e+02	5.278066e-32	3.735833e-36
3.219161e+02	5.256400e-32	3.720596e-36
3.219361e+02	5.234955e-32	3.705513e-36
3.219561e+02	5.213509e-32	3.690429e-36
3.219761e+02	5.192174e-32	3.675423e-36
3.219961e+02	5.170947e-32	3.660493e-36
3.220161e+02	5.149721e-32	3.645563e-36
3.220361e+02	5.128711e-32	3.630784e-36
3.220561e+02	5.107700e-32	3.616004e-36
3.220761e+02	5.086798e-32	3.601301e-36
3.220961e+02	5.066002e-32	3.586671e-36
3.221161e+02	5.045208e-32	3.572043e-36
3.221361e+02	5.024623e-32	3.557562e-36
3.221561e+02	5.004039e-32	3.543080e-36
3.221761e+02	4.983562e-32	3.528673e-36
3.221961e+02	4.963187e-32	3.514339e-36
3.222161e+02	4.942815e-32	3.500005e-36
3.222361e+02	4.922648e-32	3.485816e-36
3.222561e+02	4.902482e-32	3.471626e-36
3.222761e+02	4.882420e-32	3.457510e-36
3.222961e+02	4.862459e-32	3.443465e-36
3.223161e+02	4.842500e-32	3.429420e-36
3.223361e+02	4.822743e-32	3.415517e-36
3.223561e+02	4.802986e-32	3.401613e-36
3.223761e+02	4.783331e-32	3.387782e-36
3.223961e+02	4.763776e-32	3.374019e-36
3.224161e+02	4.744222e-32	3.360258e-36
3.224361e+02	4.724865e-32	3.346635e-36
3.224561e+02	4.705509e-32	3.333012e-36
3.224761e+02	4.686253e-32	3.319460e-36
3.224961e+02	4.667095e-32	3.305975e-36
3.225161e+02	4.647938e-32	3.292491e-36
3.225361e+02	4.628974e-32	3.279143e-36
3.225561e+02	4.610011e-32	3.265794e-36
3.225761e+02	4.591146e-32	3.252515e-36
3.225961e+02	4.572376e-32	3.239302e-36
3.226161e+02	4.553608e-32	3.226090e-36
3.226361e+02	4.535029e-32	3.213011e-36
3.226561e+02	4.516451e-32	3.199932e-36
3.226761e+02	4.497969e-32	3.186920e-36
3.226961e+02	4.479580e-32	3.173973e-36
3.227161e+02	4.461192e-32	3.161028e-36
3.227361e+02	4.442991e-32	3.148213e-36
3.227561e+02	4.424789e-32	3.135397e-36
3.227761e+02	4.406683e-32	3.122648e-36
3.227961e+02	4.388667e-32	3.109962e-36
3.228161e+02	4.370653e-32	3.097278e-36
3.228361e+02	4.352821e-32	3.084721e-36
3.228561e+02	4.334989e-32	3.072164e-36
3.228761e+02	4.317249e-32	3.059672e-36
3.228961e+02	4.299599e-32	3.047242e-36
3.229161e+02	4.281951e-32	3.034813e-36
3.229361e+02	4.264480e-32	3.022510e-36
3.229561e+02	4.247010e-32	3.010206e-36
3.229761e+02	4.229631e-32	2.997965e-36
3.229961e+02	4.212339e-32	2.985786e-36
3.230162e+02	4.195049e-32	2.973608e-36
3.230362e+02	4.177933e-32	2.961553e-36
3.230562e+02	4.160817e-32	2.949497e-36
3.230762e+02	4.143791e-32	2.937503e-36
3.230962e+02	4.126850e-32	2.925570e-36
3.231162e+02	4.109911e-32	2.913637e-36
3.231362e+02	4.093142e-32	2.901825e-36
3.231562e+02	4.076374e-32	2.890012e-36
3.231762e+02	4.059693e-32	2.878261e-36
3.231962e+02	4.043096e-32	2.866568e-36
3.232162e+02	4.026500e-32	2.854876e-36
3.232362e+02	4.010072e-32	2.843301e-36
3.232562e+02	3.993644e-32	2.831727e-36
3.232762e+02	3.977302e-32	2.820212e-36
3.232962e+02	3.961042e-32	2.808755e-36
3.233162e+02	3.944783e-32	2.797299e-36
3.233362e+02	3.928688e-32	2.785958e-36
3.233562e+02	3.912594e-32	2.774617e-36
3.233762e+02	3.896583e-32	2.763334e-36
3.233962e+02	3.880653e-32	2.752108e-36
3.234162e+02	3.864724e-32	2.740883e-36
3.234362e+02	3.848956e-32	2.729771e-36
3.234562e+02	3.833188e-32	2.718658e-36
3.234762e+02	3.817502e-32	2.707604e-36
3.234962e+02	3.801895e-32	2.696604e-36
3.235162e+02	3.786290e-32	2.685605e-36
3.235362e+02	3.770842e-32	2.674717e-36
3.235562e+02	3.755394e-32	2.663828e-36
3.235762e+02	3.740027e-32	2.652997e-36
3.235962e+02	3.724736e-32	2.642219e-36
3.236162e+02	3.709448e-32	2.631442e-36
3.236362e+02	3.694313e-32	2.620773e-36
3.236562e+02	3.679179e-32	2.610104e-36
3.236762e+02	3.664124e-32	2.599491e-36
3.236962e+02	3.649143e-32	2.588930e-36
3.237162e+02	3.634165e-32	2.578370e-36
3.237362e+02	3.619338e-32	2.567917e-36
3.237562e+02	3.604511e-32	2.557463e-36
3.237762e+02	3.589761e-32	2.547064e-36
3.237962e+02	3.575085e-32	2.536716e-36
3.238162e+02	3.560410e-32	2.526369e-36
3.238362e+02	3.545884e-32	2.516126e-36
3.238562e+02	3.531358e-32	2.505883e-36
3.238762e+02	3.516907e-32	2.495694e-36
3.238962e+02	3.502529e-32	2.485555e-36
3.239162e+02	3.488153e-32	2.475417e-36
3.239362e+02	3.473921e-32	2.465380e-36
3.239562e+02	3.459689e-32	2.455344e-36
3.239762e+02	3.445532e-32	2.445360e-36
3.239962e+02	3.431446e-32	2.435425e-36
3.240162e+02	3.417361e-32	2.425492e-36
3.240362e+02	3.403419e-32	2.415658e-36
3.240562e+02	3.389476e-32	2.405824e-36
3.240762e+02	3.375606e-32	2.396041e-36
3.240962e+02	3.361805e-32	2.386306e-36
3.241162e+02	3.348007e-32	2.376573e-36
3.241362e+02	3.334347e-32	2.366938e-36
3.241562e+02	3.320687e-32	2.357302e-36
3.241762e+02	3.307099e-32	2.347716e-36
3.241962e+02	3.293578e-32	2.338178e-36
3.242162e+02	3.280060e-32	2.328642e-36
3.242362e+02	3.266677e-32	2.319200e-36
3.242562e+02	3.253294e-32	2.309759e-36
3.242762e+02	3.239982e-32	2.300366e-36
3.242962e+02	3.226736e-32	2.291021e-36
3.243162e+02	3.213492e-32	2.281676e-36
3.243362e+02	3.200381e-32	2.272425e-36
3.243562e+02	3.187270e-32	2.263174e-36
3.243762e+02	3.174227e-32	2.253971e-36
3.243962e+02	3.161250e-32	2.244814e-36
3.244162e+02	3.148275e-32	2.235658e-36
3.244362e+02	3.135430e-32	2.226593e-36
3.244562e+02	3.122585e-32	2.217529e-36
3.244762e+02	3.109807e-32	2.208512e-36
3.244962e+02	3.097093e-32	2.199539e-36
3.245162e+02	3.084381e-32	2.190568e-36
3.245362e+02	3.071797e-32	2.181686e-36
3.245562e+02	3.059213e-32	2.172804e-36
3.245762e+02	3.046695e-32	2.163969e-36
3.245962e+02	3.034239e-32	2.155177e-36
3.246162e+02	3.021785e-32	2.146386e-36
3.246362e+02	3.009456e-32	2.137684e-36
3.246562e+02	2.997127e-32	2.128981e-36
3.246762e+02	2.984863e-32	2.120324e-36
3.246962e+02	2.972660e-32	2.111710e-36
3.247162e+02	2.960458e-32	2.103096e-36
3.247362e+02	2.948380e-32	2.094569e-36
3.247562e+02	2.936301e-32	2.086042e-36
3.247762e+02	2.924286e-32	2.077559e-36
3.247962e+02	2.912331e-32	2.069119e-36
3.248162e+02	2.900377e-32	2.060679e-36
3.248362e+02	2.888543e-32	2.052324e-36
3.248562e+02	2.876710e-32	2.043969e-36
3.248762e+02	2.864939e-32	2.035657e-36
3.248962e+02	2.853226e-32	2.027387e-36
3.249162e+02	2.841515e-32	2.019117e-36
3.249362e+02	2.829921e-32	2.010931e-36
3.249562e+02	2.818328e-32	2.002744e-36
3.249762e+02	2.806796e-32	1.994600e-36
3.249962e+02	2.795320e-32	1.986496e-36
3.250163e+02	2.783847e-32	1.978394e-36
3.250363e+02	2.772489e-32	1.970372e-36
3.250563e+02	2.761131e-32	1.962350e-36
3.250763e+02	2.749833e-32	1.954371e-36
3.250963e+02	2.738590e-32	1.946430e-36
3.251163e+02	2.727350e-32	1.938491e-36
3.251363e+02	2.716222e-32	1.930631e-36
3.251563e+02	2.705095e-32	1.922771e-36
3.251763e+02	2.694026e-32	1.914953e-36
3.251963e+02	2.683012e-32	1.907172e-36
3.252163e+02	2.671999e-32	1.899393e-36
3.252363e+02	2.661098e-32	1.891692e-36
3.252563e+02	2.650196e-32	1.883991e-36
3.252763e+02	2.639352e-32	1.876330e-36
3.252963e+02	2.628561e-32	1.868706e-36
3.253163e+02	2.617772e-32	1.861084e-36
3.253363e+02	2.607092e-32	1.853538e-36
3.253563e+02	2.596411e-32	1.845992e-36
3.253763e+02	2.585787e-32	1.838485e-36
3.253963e+02	2.575215e-32	1.831016e-36
3.254163e+02	2.564646e-32	1.823547e-36
3.254363e+02	2.554182e-32	1.816153e-36
3.254563e+02	2.543718e-32	1.808759e-36
3.254763e+02	2.533309e-32	1.801404e-36
3.254963e+02	2.522952e-32	1.794085e-36
3.255163e+02	2.512597e-32	1.786767e-36
3.255363e+02	2.502346e-32	1.779523e-36
3.255563e+02	2.492094e-32	1.772278e-36
3.255763e+02	2.481897e-32	1.765071e-36
3.255963e+02	2.471750e-32	1.757899e-36
3.256163e+02	2.461605e-32	1.750729e-36
3.256363e+02	2.451562e-32	1.743631e-36
3.256563e+02	2.441518e-32	1.736532e-36
3.256763e+02	2.431528e-32	1.729470e-36
3.256963e+02	2.421587e-32	1.722443e-36
3.257163e+02	2.411648e-32	1.715418e-36
3.257363e+02	2.401808e-32	1.708462e-36
3.257563e+02	2.391969e-32	1.701507e-36
3.257763e+02	2.382181e-32	1.694588e-36
3.257963e+02	2.372442e-32	1.687703e-36
3.258163e+02	2.362705e-32	1.680819e-36
3.258363e+02	2.353065e-32	1.674003e-36
3.258563e+02	2.343425e-32	1.667188e-36
3.258763e+02	2.333836e-32	1.660408e-36
3.258963e+02	2.324294e-32	1.653662e-36
3.259163e+02	2.314755e-32	1.646917e-36
3.259363e+02	2.305310e-32	1.640239e-36
3.259563e+02	2.295866e-32	1.633561e-36
3.259763e+02	2.286472e-32	1.626918e-36
3.259963e+02	2.277124e-32	1.620308e-36
3.260163e+02	2.267778e-32	1.613699e-36
3.260363e+02	2.258525e-32	1.607156e-36
3.260563e+02	2.249273e-32	1.600613e-36
3.260763e+02	2.240069e-32	1.594104e-36
3.260963e+02	2.230911e-32	1.587627e-36
3.261163e+02	2.221754e-32	1.581151e-36
3.261363e+02	2.212690e-32	1.574740e-36
3.261563e+02	2.203625e-32	1.568329e-36
3.261763e+02	2.194608e-32	1.561951e-36
3.261963e+02	2.185636e-32	1.555605e-36
3.262163e+02	2.176665e-32	1.549260e-36
3.262363e+02	2.167784e-32	1.542978e-36
3.262563e+02	2.158903e-32	1.536696e-36
3.262763e+02	2.150069e-32	1.530447e-36
3.262963e+02	2.141279e-32	1.524228e-36
3.263163e+02	2.132491e-32	1.518011e-36
3.263363e+02	2.123790e-32	1.511856e-36
3.263563e+02	2.115089e-32	1.505700e-36
3.263763e+02	2.106435e-32	1.499577e-36
3.263963e+02	2.097823e-32	1.493485e-36
3.264163e+02	2.089213e-32	1.487393e-36
3.264363e+02	2.080689e-32	1.481362e-36
3.264563e+02	2.072165e-32	1.475330e-36
3.264763e+02	2.063686e-32	1.469331e-36
3.264963e+02	2.055249e-32	1.463361e-36
3.265163e+02	2.046813e-32	1.457392e-36
3.265363e+02	2.038462e-32	1.451482e-36
3.265563e+02	2.030111e-32	1.445573e-36
3.265763e+02	2.021805e-32	1.439694e-36
3.265963e+02	2.013539e-32	1.433845e-36
3.266163e+02	2.005275e-32	1.427996e-36
3.266363e+02	1.997093e-32	1.422206e-36
3.266563e+02	1.988911e-32	1.416415e-36
3.266763e+02	1.980773e-32	1.410655e-36
3.266963e+02	1.972675e-32	1.404924e-36
3.267163e+02	1.964579e-32	1.399193e-36
3.267363e+02	1.956563e-32	1.393519e-36
3.267563e+02	1.948548e-32	1.387846e-36
3.267763e+02	1.940575e-32	1.382202e-36
3.267963e+02	1.932641e-32	1.376586e-36
3.268163e+02	1.924709e-32	1.370971e-36
3.268363e+02	1.916856e-32	1.365412e-36
3.268563e+02	1.909003e-32	1.359853e-36
3.268763e+02	1.901192e-32	1.354323e-36
3.268963e+02	1.893419e-32	1.348820e-36
3.269163e+02	1.885648e-32	1.343318e-36
3.269363e+02	1.877954e-32	1.337871e-36
3.269563e+02	1.870261e-32	1.332424e-36
3.269763e+02	1.862608e-32	1.327005e-36
3.269963e+02	1.854993e-32	1.321613e-36
3.270164e+02	1.847380e-32	1.316223e-36
3.270364e+02	1.839842e-32	1.310885e-36
3.270564e+02	1.832305e-32	1.305548e-36
3.270764e+02	1.824808e-32	1.300239e-36
3.270964e+02	1.817347e-32	1.294956e-36
3.271164e+02	1.809888e-32	1.289674e-36
3.271364e+02	1.802504e-32	1.284444e-36
3.271564e+02	1.795120e-32	1.279215e-36
3.271764e+02	1.787774e-32	1.274013e-36
3.271964e+02	1.780465e-32	1.268836e-36
3.272164e+02	1.773158e-32	1.263660e-36
3.272364e+02	1.765923e-32	1.258536e-36
3.272564e+02	1.758689e-32	1.253412e-36
3.272764e+02	1.751493e-32	1.248315e-36
3.272964e+02	1.744332e-32	1.243243e-36
3.273164e+02	1.737173e-32	1.238172e-36
3.273364e+02	1.730085e-32	1.233151e-36
3.273564e+02	1.722997e-32	1.228130e-36
3.273764e+02	1.715947e-32	1.223136e-36
3.273964e+02	1.708932e-32	1.218166e-36
3.274164e+02	1.701918e-32	1.213197e-36
3.274364e+02	1.694974e-32	1.208277e-36
3.274564e+02	1.688030e-32	1.203358e-36
3.274764e+02	1.681123e-32	1.198464e-36
3.274964e+02	1.674250e-32	1.193594e-36
3.275164e+02	1.667379e-32	1.188726e-36
3.275364e+02	1.660576e-32	1.183905e-36
3.275564e+02	1.653773e-32	1.179085e-36
3.275764e+02	1.647006e-32	1.174290e-36
3.275964e+02	1.640273e-32	1.169519e-36
3.276164e+02	1.633541e-32	1.164748e-36
3.276364e+02	1.626876e-32	1.160025e-36
3.276564e+02	1.620211e-32	1.155302e-36
3.276764e+02	1.613581e-32	1.150604e-36
3.276964e+02	1.606984e-32	1.145928e-36
3.277164e+02	1.600389e-32	1.141254e-36
3.277364e+02	1.593859e-32	1.136626e-36
3.277564e+02	1.587330e-32	1.131998e-36
3.277764e+02	1.580835e-32	1.127395e-36
3.277964e+02	1.574372e-32	1.122814e-36
3.278164e+02	1.567910e-32	1.118234e-36
3.278364e+02	1.561513e-32	1.113699e-36
3.278564e+02	1.555116e-32	1.109165e-36
3.278764e+02	1.548753e-32	1.104654e-36
3.278964e+02	1.542421e-32	1.100165e-36
3.279164e+02	1.536091e-32	1.095678e-36
3.279364e+02	1.529823e-32	1.091235e-36
3.279564e+02	1.523556e-32	1.086792e-36
3.279764e+02	1.517322e-32	1.082372e-36
3.279964e+02	1.511119e-32	1.077974e-36
3.280164e+02	1.504917e-32	1.073577e-36
3.280364e+02	1.498777e-32	1.069223e-36
3.280564e+02	1.492637e-32	1.064870e-36
3.280764e+02	1.486529e-32	1.060539e-36
3.280964e+02	1.480452e-32	1.056230e-36
3.281164e+02	1.474376e-32	1.051922e-36
3.281364e+02	1.468360e-32	1.047656e-36
3.281564e+02	1.462345e-32	1.043390e-36
3.281764e+02	1.456361e-32	1.039147e-36
3.281964e+02	1.450407e-32	1.034924e-36
3.282164e+02	1.444454e-32	1.030703e-36
3.282364e+02	1.438561e-32	1.026523e-36
3.282564e+02	1.432668e-32	1.022344e-36
3.282764e+02	1.426806e-32	1.018186e-36
3.282964e+02	1.420972e-32	1.014049e-36
3.283164e+02	1.415140e-32	1.009912e-36
3.283364e+02	1.409367e-32	1.005817e-36
3.283564e+02	1.403593e-32	1.001722e-36
3.283764e+02	1.397850e-32	9.976479e-37
3.283964e+02	1.392135e-32	9.935939e-37
3.284164e+02	1.386421e-32	9.895410e-37
3.284364e+02	1.380765e-32	9.855282e-37
3.284564e+02	1.375108e-32	9.815154e-37
3.284764e+02	1.369481e-32	9.775239e-37
3.284964e+02	1.363883e-32	9.735517e-37
3.285164e+02	1.358285e-32	9.695805e-37
3.285364e+02	1.352743e-32	9.656487e-37
3.285564e+02	1.347201e-32	9.617168e-37
3.285764e+02	1.341689e-32	9.578058e-37
3.285964e+02	1.336204e-32	9.539137e-37
3.286164e+02	1.330720e-32	9.500226e-37
3.286364e+02	1.325290e-32	9.461700e-37
3.286564e+02	1.319861e-32	9.423174e-37
3.286764e+02	1.314461e-32	9.384853e-37
3.286964e+02	1.309087e-32	9.346718e-37
3.287164e+02	1.303714e-32	9.308592e-37
3.287364e+02	1.298395e-32	9.270843e-37
3.287564e+02	1.293075e-32	9.233094e-37
3.287764e+02	1.287785e-32	9.195546e-37
3.287964e+02	1.282520e-32	9.158179e-37
3.288164e+02	1.277256e-32	9.120822e-37
3.288364e+02	1.272045e-32	9.083834e-37
3.288564e+02	1.266834e-32	9.046847e-37
3.288764e+02	1.261650e-32	9.010056e-37
3.288964e+02	1.256492e-32	8.973443e-37
3.289164e+02	1.251335e-32	8.936840e-37
3.289364e+02	1.246230e-32	8.900598e-37
3.289564e+02	1.241124e-32	8.864356e-37
3.289764e+02	1.236046e-32	8.828307e-37
3.289964e+02	1.230993e-32	8.792433e-37
3.290165e+02	1.225941e-32	8.756568e-37
3.290365e+02	1.220939e-32	8.721057e-37
3.290565e+02	1.215937e-32	8.685546e-37
3.290765e+02	1.210962e-32	8.650224e-37
3.290965e+02	1.206011e-32	8.615073e-37
3.291165e+02	1.201061e-32	8.579931e-37
3.291365e+02	1.196161e-32	8.545137e-37
3.291565e+02	1.191260e-32	8.510342e-37
3.291765e+02	1.186386e-32	8.475733e-37
3.291965e+02	1.181536e-32	8.441291e-37
3.292165e+02	1.176687e-32	8.406858e-37
3.292365e+02	1.171886e-32	8.372765e-37
3.292565e+02	1.167085e-32	8.338672e-37
3.292765e+02	1.162310e-32	8.304761e-37
3.292965e+02	1.157558e-32	8.271013e-37
3.293165e+02	1.152807e-32	8.237275e-37
3.293365e+02	1.148103e-32	8.203869e-37
3.293565e+02	1.143400e-32	8.170464e-37
3.293765e+02	1.138722e-32	8.137237e-37
3.293965e+02	1.134066e-32	8.104170e-37
3.294165e+02	1.129412e-32	8.071112e-37
3.294365e+02	1.124804e-32	8.038380e-37
3.294565e+02	1.120196e-32	8.005649e-37
3.294765e+02	1.115612e-32	7.973092e-37
3.294965e+02	1.111051e-32	7.940692e-37
3.295165e+02	1.106492e-32	7.908300e-37
3.295365e+02	1.101977e-32	7.876229e-37
3.295565e+02	1.097462e-32	7.844157e-37
3.295765e+02	1.092972e-32	7.812257e-37
3.295965e+02	1.088504e-32	7.780511e-37
3.296165e+02	1.084036e-32	7.748773e-37
3.296365e+02	1.079613e-32	7.717348e-37
3.296565e+02	1.075190e-32	7.685923e-37
3.296765e+02	1.070791e-32	7.654666e-37
3.296965e+02	1.066413e-32	7.623560e-37
3.297165e+02	1.062037e-32	7.592463e-37
3.297365e+02	1.057704e-32	7.561672e-37
3.297565e+02	1.053371e-32	7.530881e-37
3.297765e+02	1.049061e-32	7.500254e-37
3.297965e+02	1.044772e-32	7.469775e-37
3.298165e+02	1.040484e-32	7.439305e-37
3.298365e+02	1.036239e-32	7.409135e-37
3.298565e+02	1.031993e-32	7.378965e-37
3.298765e+02	1.027771e-32	7.348956e-37
3.298965e+02	1.023569e-32	7.319092e-37
3.299165e+02	1.019368e-32	7.289236e-37
3.299365e+02	1.015209e-32	7.259675e-37
3.299565e+02	1.011050e-32	7.230113e-37
3.299765e+02	1.006913e-32	7.200710e-37
3.299965e+02	1.002797e-32	7.171448e-37
3.300165e+02	9.986813e-33	7.142195e-37
3.300365e+02	9.946066e-33	7.113229e-37
3.300565e+02	9.905319e-33	7.084264e-37
3.300765e+02	9.864792e-33	7.055454e-37
3.300965e+02	9.824460e-33	7.026782e-37
3.301165e+02	9.784141e-33	6.998119e-37
3.301365e+02	9.744221e-33	6.969737e-37
3.301565e+02	9.704301e-33	6.941356e-37
3.301765e+02	9.664596e-33	6.913127e-37
3.301965e+02	9.625083e-33	6.885034e-37
3.302165e+02	9.585582e-33	6.856948e-37
3.302365e+02	9.546472e-33	6.829140e-37
3.302565e+02	9.507362e-33	6.801331e-37
3.302765e+02	9.468463e-33	6.773671e-37
3.302965e+02	9.429752e-33	6.746144e-37
3.303165e+02	9.391053e-33	6.718626e-37
3.303365e+02	9.352736e-33	6.691378e-37
3.303565e+02	9.314420e-33	6.664130e-37
3.303765e+02	9.276311e-33	6.637028e-37
3.303965e+02	9.238385e-33	6.610056e-37
3.304165e+02	9.200471e-33	6.583093e-37
3.304365e+02	9.162933e-33	6.556394e-37
3.304565e+02	9.125394e-33	6.529696e-37
3.304765e+02	9.088058e-33	6.503141e-37
3.304965e+02	9.050902e-33	6.476713e-37
3.305165e+02	9.013758e-33	6.450293e-37
3.305365e+02	8.976981e-33	6.424133e-37
3.305565e+02	8.940204e-33	6.397974e-37
3.305765e+02	8.903626e-33	6.371954e-37
3.305965e+02	8.867224e-33	6.346059e-37
3.306165e+02	8.830833e-33	6.320172e-37
3.306365e+02	8.794803e-33	6.294540e-37
3.306565e+02	8.758772e-33	6.268908e-37
3.306765e+02	8.722937e-33	6.243413e-37
3.306965e+02	8.687274e-33	6.218041e-37
3.307165e+02	8.651621e-33	6.192676e-37
3.307365e+02	8.616322e-33	6.167561e-37
3.307565e+02	8.581023e-33	6.142446e-37
3.307765e+02	8.545914e-33	6.117465e-37
3.307965e+02	8.510975e-33	6.092604e-37
3.308165e+02	8.476046e-33	6.067751e-37
3.308365e+02	8.441464e-33	6.043143e-37
3.308565e+02	8.406881e-33	6.018534e-37
3.308765e+02	8.372485e-33	5.994057e-37
3.308965e+02	8.338254e-33	5.969698e-37
3.309165e+02	8.304035e-33	5.945346e-37
3.309365e+02	8.270154e-33	5.921234e-37
3.309565e+02	8.236273e-33	5.897121e-37
3.309765e+02	8.202575e-33	5.873139e-37
3.309965e+02	8.169039e-33	5.849271e-37
3.310166e+02	8.135514e-33	5.825410e-37
3.310366e+02	8.102320e-33	5.801784e-37
3.310566e+02	8.069127e-33	5.778158e-37
3.310766e+02	8.036113e-33	5.754659e-37
3.310966e+02	8.003258e-33	5.731272e-37
3.311166e+02	7.970413e-33	5.707893e-37
3.311366e+02	7.937893e-33	5.684743e-37
3.311566e+02	7.905373e-33	5.661594e-37
3.311766e+02	7.873029e-33	5.638569e-37
3.311966e+02	7.840841e-33	5.615654e-37
3.312166e+02	7.808663e-33	5.592746e-37
3.312366e+02	7.776803e-33	5.570064e-37
3.312566e+02	7.744943e-33	5.547381e-37
3.312766e+02	7.713256e-33	5.524820e-37
3.312966e+02	7.681721e-33	5.502368e-37
3.313166e+02	7.650196e-33	5.479922e-37
3.313366e+02	7.618982e-33	5.457697e-37
3.313566e+02	7.587769e-33	5.435472e-37
3.313766e+02	7.556724e-33	5.413366e-37
3.313966e+02	7.525829e-33	5.391366e-37
3.314166e+02	7.494944e-33	5.369373e-37
3.314366e+02	7.464364e-33	5.347596e-37
3.314566e+02	7.433784e-33	5.325820e-37
3.314766e+02	7.403370e-33	5.304160e-37
3.314966e+02	7.373102e-33	5.282604e-37
3.315166e+02	7.342843e-33	5.261055e-37
3.315366e+02	7.312884e-33	5.239717e-37
3.315566e+02	7.282924e-33	5.218379e-37
3.315766e+02	7.253127e-33	5.197157e-37
3.315966e+02	7.223474e-33	5.176035e-37
3.316166e+02	7.193829e-33	5.154921e-37
3.316366e+02	7.164478e-33	5.134013e-37
3.316566e+02	7.135126e-33	5.113106e-37
3.316766e+02	7.105934e-33	5.092311e-37
3.316966e+02	7.076882e-33	5.071616e-37
3.317166e+02	7.047839e-33	5.050927e-37
3.317366e+02	7.019084e-33	5.030442e-37
3.317566e+02	6.990328e-33	5.009956e-37
3.317766e+02	6.961728e-33	4.989581e-37
3.317966e+02	6.933266e-33	4.969303e-37
3.318166e+02	6.904812e-33	4.949032e-37
3.318366e+02	6.876640e-33	4.928959e-37
3.318566e+02	6.848468e-33	4.908887e-37
3.318766e+02	6.820449e-33	4.888923e-37
3.318966e+02	6.792564e-33	4.869054e-37
3.319166e+02	6.764688e-33	4.849191e-37
3.319366e+02	6.737087e-33	4.829524e-37
3.319566e+02	6.709487e-33	4.809856e-37
3.319766e+02	6.682036e-33	4.790295e-37
3.319966e+02	6.654717e-33	4.770827e-37
3.320166e+02	6.627407e-33	4.751365e-37
3.320366e+02	6.600367e-33	4.732094e-37
3.320566e+02	6.573326e-33	4.712823e-37
3.320766e+02	6.546433e-33	4.693656e-37
3.320966e+02	6.519668e-33	4.674581e-37
3.321166e+02	6.492913e-33	4.655512e-37
3.321366e+02	6.466421e-33	4.636629e-37
3.321566e+02	6.439929e-33	4.617747e-37
3.321766e+02	6.413582e-33	4.598967e-37
3.321966e+02	6.387360e-33	4.580276e-37
3.322166e+02	6.361148e-33	4.561592e-37
3.322366e+02	6.335194e-33	4.543090e-37
3.322566e+02	6.309239e-33	4.524589e-37
3.322766e+02	6.283427e-33	4.506188e-37
3.322966e+02	6.257737e-33	4.487874e-37
3.323166e+02	6.232057e-33	4.469566e-37
3.323366e+02	6.206629e-33	4.451438e-37
3.323566e+02	6.181202e-33	4.433310e-37
3.323766e+02	6.155913e-33	4.415280e-37
3.323966e+02	6.130745e-33	4.397335e-37
3.324166e+02	6.105585e-33	4.379397e-37
3.324366e+02	6.080674e-33	4.361635e-37
3.324566e+02	6.055762e-33	4.343872e-37
3.324766e+02	6.030987e-33	4.326206e-37
3.324966e+02	6.006329e-33	4.308623e-37
3.325166e+02	5.981681e-33	4.291047e-37
3.325366e+02	5.957275e-33	4.273642e-37
3.325566e+02	5.932869e-33	4.256238e-37
3.325766e+02	5.908596e-33	4.238928e-37
3.325966e+02	5.884439e-33	4.221700e-37
3.326166e+02	5.860291e-33	4.204478e-37
3.326366e+02	5.836380e-33	4.187425e-37
3.326566e+02	5.812469e-33	4.170372e-37
3.326766e+02	5.788689e-33	4.153411e-37
3.326966e+02	5.765022e-33	4.136531e-37
3.327166e+02	5.741364e-33	4.119656e-37
3.327366e+02	5.717939e-33	4.102947e-37
3.327566e+02	5.694513e-33	4.086238e-37
3.327766e+02	5.671216e-33	4.069619e-37
3.327966e+02	5.648029e-33	4.053079e-37
3.328166e+02	5.624851e-33	4.036545e-37
3.328366e+02	5.601901e-33	4.020173e-37
3.328566e+02	5.578951e-33	4.003800e-37
3.328766e+02	5.556126e-33	3.987517e-37
3.328966e+02	5.533410e-33	3.971311e-37
3.329166e+02	5.510703e-33	3.955110e-37
3.329366e+02	5.488218e-33	3.939068e-37
3.329566e+02	5.465734e-33	3.923026e-37
3.329766e+02	5.443373e-33	3.907071e-37
3.329966e+02	5.421118e-33	3.891192e-37
3.330167e+02	5.398871e-33	3.875318e-37
3.330367e+02	5.376843e-33	3.859600e-37
3.330567e+02	5.354815e-33	3.843881e-37
3.330767e+02	5.332907e-33	3.828248e-37
3.330967e+02	5.311104e-33	3.812689e-37
3.331167e+02	5.289308e-33	3.797136e-37
3.331367e+02	5.267727e-33	3.781734e-37
3.331567e+02	5.246146e-33	3.766333e-37
3.331767e+02	5.224683e-33	3.751015e-37
3.331967e+02	5.203323e-33	3.735770e-37
3.332167e+02	5.181969e-33	3.720530e-37
3.332367e+02	5.160826e-33	3.705439e-37
3.332567e+02	5.139683e-33	3.690348e-37
3.332767e+02	5.118656e-33	3.675340e-37
3.332967e+02	5.097729e-33	3.660402e-37
3.333167e+02	5.076809e-33	3.645470e-37
3.333367e+02	5.056095e-33	3.630683e-37
3.333567e+02	5.035381e-33	3.615897e-37
3.333767e+02	5.014780e-33	3.601191e-37
3.333967e+02	4.994278e-33	3.586554e-37
3.334167e+02	4.973783e-33	3.571923e-37
3.334367e+02	4.953489e-33	3.557435e-37
3.334567e+02	4.933195e-33	3.542947e-37
3.334767e+02	4.913013e-33	3.528538e-37
3.334967e+02	4.892926e-33	3.514197e-37
3.335167e+02	4.872847e-33	3.499861e-37
3.335367e+02	4.852965e-33	3.485665e-37
3.335567e+02	4.833083e-33	3.471469e-37
3.335767e+02	4.813311e-33	3.457350e-37
3.335967e+02	4.793631e-33	3.443298e-37
3.336167e+02	4.773960e-33	3.429252e-37
3.336367e+02	4.754482e-33	3.415342e-37
3.336567e+02	4.735003e-33	3.401433e-37
3.336767e+02	4.715632e-33	3.387599e-37
3.336967e+02	4.696352e-33	3.373830e-37
3.337167e+02	4.677080e-33	3.360067e-37
3.337367e+02	4.657997e-33	3.346438e-37
3.337567e+02	4.638913e-33	3.332809e-37
3.337767e+02	4.619935e-33	3.319254e-37
3.337967e+02	4.601047e-33	3.305763e-37
3.338167e+02	4.582165e-33	3.292278e-37
3.338367e+02	4.563470e-33	3.278924e-37
3.338567e+02	4.544774e-33	3.265570e-37
3.338767e+02	4.526180e-33	3.252288e-37
3.338967e+02	4.507675e-33	3.239070e-37
3.339167e+02	4.489177e-33	3.225856e-37
3.339367e+02	4.470861e-33	3.212771e-37
3.339567e+02	4.452545e-33	3.199686e-37
3.339767e+02	4.434329e-33	3.186673e-37
3.339967e+02	4.416199e-33	3.173721e-37
3.340167e+02	4.398076e-33	3.160774e-37
3.340367e+02	4.380132e-33	3.147953e-37
3.340567e+02	4.362187e-33	3.135132e-37
3.340767e+02	4.344341e-33	3.122382e-37
3.340967e+02	4.326579e-33	3.109691e-37
3.341167e+02	4.308824e-33	3.097005e-37
3.341367e+02	4.291244e-33	3.084443e-37
3.341567e+02	4.273663e-33	3.071881e-37
3.341767e+02	4.256179e-33	3.059387e-37
3.341967e+02	4.238778e-33	3.046952e-37
3.342167e+02	4.221384e-33	3.034522e-37
3.342367e+02	4.204160e-33	3.022213e-37
3.342567e+02	4.186936e-33	3.009905e-37
3.342767e+02	4.169807e-33	2.997663e-37
3.342967e+02	4.152759e-33	2.985479e-37
3.343167e+02	4.135717e-33	2.973300e-37
3.343367e+02	4.118843e-33	2.961239e-37
3.343567e+02	4.101969e-33	2.949179e-37
3.343767e+02	4.085187e-33	2.937184e-37
3.343967e+02	4.068485e-33	2.925246e-37
3.344167e+02	4.051789e-33	2.913312e-37
3.344367e+02	4.035258e-33	2.901495e-37
3.344567e+02	4.018726e-33	2.889678e-37
3.344767e+02	4.002285e-33	2.877925e-37
3.344967e+02	3.985922e-33	2.866228e-37
3.345167e+02	3.969565e-33	2.854535e-37
3.345367e+02	3.953369e-33	2.842956e-37
3.345567e+02	3.937172e-33	2.831378e-37
3.345767e+02	3.921065e-33	2.819862e-37
3.345967e+02	3.905034e-33	2.808400e-37
3.346167e+02	3.889009e-33	2.796944e-37
3.346367e+02	3.873141e-33	2.785598e-37
3.346567e+02	3.857274e-33	2.774253e-37
3.346767e+02	3.841493e-33	2.762970e-37
3.346967e+02	3.825787e-33	2.751740e-37
3.347167e+02	3.810088e-33	2.740514e-37
3.347367e+02	3.794542e-33	2.729397e-37
3.347567e+02	3.778997e-33	2.718281e-37
3.347767e+02	3.763537e-33	2.707225e-37
3.347967e+02	3.748149e-33	2.696222e-37
3.348167e+02	3.732769e-33	2.685222e-37
3.348367e+02	3.717538e-33	2.674330e-37
3.348567e+02	3.702308e-33	2.663438e-37
3.348767e+02	3.687162e-33	2.652605e-37
3.348967e+02	3.672087e-33	2.641824e-37
3.349167e+02	3.657018e-33	2.631046e-37
3.349367e+02	3.642097e-33	2.620374e-37
3.349567e+02	3.627176e-33	2.609701e-37
3.349767e+02	3.612337e-33	2.599087e-37
3.349967e+02	3.597568e-33	2.588523e-37
3.350168e+02	3.582805e-33	2.577963e-37
3.350368e+02	3.568187e-33	2.567506e-37
3.350568e+02	3.553568e-33	2.557048e-37
3.350768e+02	3.539031e-33	2.546649e-37
3.350968e+02	3.524561e-33	2.536297e-37
3.351168e+02	3.510098e-33	2.525950e-37
3.351368e+02	3.495776e-33	2.515704e-37
3.351568e+02	3.481455e-33	2.505458e-37
3.351768e+02	3.467212e-33	2.495268e-37
3.351968e+02	3.453036e-33	2.485125e-37
3.352168e+02	3.438867e-33	2.474987e-37
3.352368e+02	3.424836e-33	2.464948e-37
3.352568e+02	3.410805e-33	2.454908e-37
3.352768e+02	3.396851e-33	2.444924e-37
3.352968e+02	3.382963e-33	2.434986e-37
3.353168e+02	3.369081e-33	2.425052e-37
3.353368e+02	3.355334e-33	2.415215e-37
3.353568e+02	3.341588e-33	2.405378e-37
3.353768e+02	3.327918e-33	2.395595e-37
3.353968e+02	3.314312e-33	2.385857e-37
3.354168e+02	3.300711e-33	2.376124e-37
3.354368e+02	3.287244e-33	2.366486e-37
3.354568e+02	3.273776e-33	2.356847e-37
3.354768e+02	3.260383e-33	2.347261e-37
3.354968e+02	3.247053e-33	2.337720e-37
3.355168e+02	3.233729e-33	2.328183e-37
3.355368e+02	3.220535e-33	2.318739e-37
3.355568e+02	3.207341e-33	2.309295e-37
3.355768e+02	3.194220e-33	2.299903e-37
3.355968e+02	3.181160e-33	2.290554e-37
3.356168e+02	3.168106e-33	2.281210e-37
3.356368e+02	3.155180e-33	2.271956e-37
3.356568e+02	3.142253e-33	2.262702e-37
3.356768e+02	3.129399e-33	2.253499e-37
3.356968e+02	3.116604e-33	2.244340e-37
3.357168e+02	3.103815e-33	2.235184e-37
3.357368e+02	3.091151e-33	2.226117e-37
3.357568e+02	3.078487e-33	2.217050e-37
3.357768e+02	3.065893e-33	2.208032e-37
3.357968e+02	3.053358e-33	2.199057e-37
3.358168e+02	3.040829e-33	2.190086e-37
3.358368e+02	3.028422e-33	2.181202e-37
3.358568e+02	3.016015e-33	2.172318e-37
3.358768e+02	3.003676e-33	2.163483e-37
3.358968e+02	2.991396e-33	2.154688e-37
3.359168e+02	2.979120e-33	2.145898e-37
3.359368e+02	2.966965e-33	2.137193e-37
3.359568e+02	2.954810e-33	2.128488e-37
3.359768e+02	2.942722e-33	2.119831e-37
3.359968e+02	2.930691e-33	2.111215e-37
3.360168e+02	2.918665e-33	2.102602e-37
3.360368e+02	2.906756e-33	2.094072e-37
3.360568e+02	2.894847e-33	2.085543e-37
3.360768e+02	2.883005e-33	2.077061e-37
3.360968e+02	2.871218e-33	2.068618e-37
3.361168e+02	2.859436e-33	2.060179e-37
3.361368e+02	2.847769e-33	2.051821e-37
3.361568e+02	2.836102e-33	2.043464e-37
3.361768e+02	2.824499e-33	2.035153e-37
3.361968e+02	2.812951e-33	2.026880e-37
3.362168e+02	2.801409e-33	2.018612e-37
3.362368e+02	2.789978e-33	2.010423e-37
3.362568e+02	2.778548e-33	2.002234e-37
3.362768e+02	2.767181e-33	1.994091e-37
3.362968e+02	2.755868e-33	1.985985e-37
3.363168e+02	2.744559e-33	1.977883e-37
3.363368e+02	2.733361e-33	1.969859e-37
3.363568e+02	2.722163e-33	1.961836e-37
3.363768e+02	2.711027e-33	1.953857e-37
3.363968e+02	2.699943e-33	1.945915e-37
3.364168e+02	2.688863e-33	1.937976e-37
3.364368e+02	2.677892e-33	1.930114e-37
3.364568e+02	2.666921e-33	1.922253e-37
3.364768e+02	2.656011e-33	1.914434e-37
3.364968e+02	2.645152e-33	1.906652e-37
3.365168e+02	2.634298e-33	1.898874e-37
3.365368e+02	2.623550e-33	1.891171e-37
3.365568e+02	2.612801e-33	1.883468e-37
3.365768e+02	2.602113e-33	1.875807e-37
3.365968e+02	2.591474e-33	1.868182e-37
3.366168e+02	2.580840e-33	1.860561e-37
3.366368e+02	2.570310e-33	1.853013e-37
3.366568e+02	2.559779e-33	1.845466e-37
3.366768e+02	2.549308e-33	1.837960e-37
3.366968e+02	2.538885e-33	1.830488e-37
3.367168e+02	2.528467e-33	1.823021e-37
3.367368e+02	2.518150e-33	1.815625e-37
3.367568e+02	2.507833e-33	1.808230e-37
3.367768e+02	2.497574e-33	1.800875e-37
3.367968e+02	2.487363e-33	1.793555e-37
3.368168e+02	2.477156e-33	1.786238e-37
3.368368e+02	2.467049e-33	1.778992e-37
3.368568e+02	2.456942e-33	1.771745e-37
3.368768e+02	2.446891e-33	1.764539e-37
3.368968e+02	2.436887e-33	1.757366e-37
3.369168e+02	2.426887e-33	1.750197e-37
3.369368e+02	2.416985e-33	1.743097e-37
3.369568e+02	2.407083e-33	1.735997e-37
3.369768e+02	2.397236e-33	1.728936e-37
3.369968e+02	2.387435e-33	1.721908e-37
3.370169e+02	2.377638e-33	1.714883e-37
3.370369e+02	2.367937e-33	1.707926e-37
3.370569e+02	2.358236e-33	1.700970e-37
3.370769e+02	2.348589e-33	1.694051e-37
3.370969e+02	2.338986e-33	1.687165e-37
3.371169e+02	2.329389e-33	1.680282e-37
3.371369e+02	2.319884e-33	1.673466e-37
3.371569e+02	2.310380e-33	1.666649e-37
3.371769e+02	2.300929e-33	1.659870e-37
3.371969e+02	2.291521e-33	1.653123e-37
3.372169e+02	2.282118e-33	1.646379e-37
3.372369e+02	2.272807e-33	1.639700e-37
3.372569e+02	2.263495e-33	1.633021e-37
3.372769e+02	2.254236e-33	1.626379e-37
3.372969e+02	2.245019e-33	1.619768e-37
3.373169e+02	2.235807e-33	1.613159e-37
3.373369e+02	2.226685e-33	1.606615e-37
3.373569e+02	2.217562e-33	1.600071e-37
3.373769e+02	2.208490e-33	1.593563e-37
3.373969e+02	2.199461e-33	1.587085e-37
3.374169e+02	2.190436e-33	1.580610e-37
3.374369e+02	2.181498e-33	1.574198e-37
3.374569e+02	2.172561e-33	1.567786e-37
3.374769e+02	2.163674e-33	1.561409e-37
3.374969e+02	2.154827e-33	1.555062e-37
3.375169e+02	2.145985e-33	1.548718e-37
3.375369e+02	2.137229e-33	1.542435e-37
3.375569e+02	2.128473e-33	1.536152e-37
3.375769e+02	2.119766e-33	1.529904e-37
3.375969e+02	2.111099e-33	1.523685e-37
3.376169e+02	2.102437e-33	1.517469e-37
3.376369e+02	2.093859e-33	1.511313e-37
3.376569e+02	2.085280e-33	1.505157e-37
3.376769e+02	2.076750e-33	1.499035e-37
3.376969e+02	2.068259e-33	1.492941e-37
3.377169e+02	2.059772e-33	1.486850e-37
3.377369e+02	2.051368e-33	1.480818e-37
3.377569e+02	2.042964e-33	1.474786e-37
3.377769e+02	2.034606e-33	1.468788e-37
3.377969e+02	2.026288e-33	1.462817e-37
3.378169e+02	2.017973e-33	1.456849e-37
3.378369e+02	2.009740e-33	1.450939e-37
3.378569e+02	2.001506e-33	1.445029e-37
3.378769e+02	1.993318e-33	1.439151e-37
3.378969e+02	1.985168e-33	1.433301e-37
3.379169e+02	1.977023e-33	1.427453e-37
3.379369e+02	1.968956e-33	1.421662e-37
3.379569e+02	1.960889e-33	1.415871e-37
3.379769e+02	1.952868e-33	1.410113e-37
3.379969e+02	1.944884e-33	1.404380e-37
3.380169e+02	1.936903e-33	1.398651e-37
3.380369e+02	1.929000e-33	1.392977e-37
3.380569e+02	1.921097e-33	1.387302e-37
3.380769e+02	1.913238e-33	1.381660e-37
3.380969e+02	1.905416e-33	1.376043e-37
3.381169e+02	1.897598e-33	1.370429e-37
3.381369e+02	1.889855e-33	1.364870e-37
3.381569e+02	1.882113e-33	1.359310e-37
3.381769e+02	1.874413e-33	1.353781e-37
3.381969e+02	1.866750e-33	1.348278e-37
3.382169e+02	1.859090e-33	1.342777e-37
3.382369e+02	1.851504e-33	1.337330e-37
3.382569e+02	1.843919e-33	1.331882e-37
3.382769e+02	1.836376e-33	1.326465e-37
3.382969e+02	1.828868e-33	1.321072e-37
3.383169e+02	1.821364e-33	1.315683e-37
3.383369e+02	1.813932e-33	1.310345e-37
3.383569e+02	1.806501e-33	1.305007e-37
3.383769e+02	1.799111e-33	1.299700e-37
3.383969e+02	1.791755e-33	1.294416e-37
3.384169e+02	1.784403e-33	1.289135e-37
3.384369e+02	1.777122e-33	1.283905e-37
3.384569e+02	1.769841e-33	1.278675e-37
3.384769e+02	1.762601e-33	1.273474e-37
3.384969e+02	1.755395e-33	1.268297e-37
3.385169e+02	1.748192e-33	1.263123e-37
3.385369e+02	1.741059e-33	1.257999e-37
3.385569e+02	1.733926e-33	1.252874e-37
3.385769e+02	1.726833e-33	1.247778e-37
3.385969e+02	1.719773e-33	1.242706e-37
3.386169e+02	1.712716e-33	1.237636e-37
3.386369e+02	1.705728e-33	1.232615e-37
3.386569e+02	1.698740e-33	1.227594e-37
3.386769e+02	1.691791e-33	1.222600e-37
3.386969e+02	1.684874e-33	1.217630e-37
3.387169e+02	1.677960e-33	1.212663e-37
3.387369e+02	1.671114e-33	1.207743e-37
3.387569e+02	1.664268e-33	1.202823e-37
3.387769e+02	1.657460e-33	1.197931e-37
3.387969e+02	1.650683e-33	1.193061e-37
3.388169e+02	1.643910e-33	1.188193e-37
3.388369e+02	1.637202e-33	1.183373e-37
3.388569e+02	1.630495e-33	1.178552e-37
3.388769e+02	1.623825e-33	1.173759e-37
3.388969e+02	1.617186e-33	1.168987e-37
3.389169e+02	1.610550e-33	1.164218e-37
3.389369e+02	1.603979e-33	1.159494e-37
3.389569e+02	1.597408e-33	1.154771e-37
3.389769e+02	1.590873e-33	1.150074e-37
3.389969e+02	1.584369e-33	1.145399e-37
3.390170e+02	1.577868e-33	1.140726e-37
3.390370e+02	1.571430e-33	1.136098e-37
3.390570e+02	1.564992e-33	1.131470e-37
3.390770e+02	1.558590e-33	1.126868e-37
3.390970e+02	1.552217e-33	1.122287e-37
3.391170e+02	1.545848e-33	1.117708e-37
3.391370e+02	1.539541e-33	1.113173e-37
3.391570e+02	1.533234e-33	1.108639e-37
3.391770e+02	1.526962e-33	1.104129e-37
3.391970e+02	1.520719e-33	1.099641e-37
3.392170e+02	1.514479e-33	1.095154e-37
3.392370e+02	1.508299e-33	1.090711e-37
3.392570e+02	1.502120e-33	1.086268e-37
3.392770e+02	1.495975e-33	1.081850e-37
3.392970e+02	1.489859e-33	1.077452e-37
3.393170e+02	1.483746e-33	1.073056e-37
3.393370e+02	1.477692e-33	1.068702e-37
3.393570e+02	1.471638e-33	1.064349e-37
3.393770e+02	1.465618e-33	1.060020e-37
3.393970e+02	1.459626e-33	1.055710e-37
3.394170e+02	1.453637e-33	1.051403e-37
3.394370e+02	1.447705e-33	1.047138e-37
3.394570e+02	1.441774e-33	1.042872e-37
3.394770e+02	1.435876e-33	1.038630e-37
3.394970e+02	1.430006e-33	1.034408e-37
3.395170e+02	1.424138e-33	1.030187e-37
3.395370e+02	1.418327e-33	1.026008e-37
3.395570e+02	1.412517e-33	1.021828e-37
3.395770e+02	1.406739e-33	1.017672e-37
3.395970e+02	1.400987e-33	1.013535e-37
3.396170e+02	1.395239e-33	1.009400e-37
3.396370e+02	1.389546e-33	1.005304e-37
3.396570e+02	1.383853e-33	1.001209e-37
3.396770e+02	1.378192e-33	9.971366e-38
3.396970e+02	1.372557e-33	9.930829e-38
3.397170e+02	1.366925e-33	9.890312e-38
3.397370e+02	1.361348e-33	9.850186e-38
3.397570e+02	1.355771e-33	9.810059e-38
3.397770e+02	1.350225e-33	9.770157e-38
3.397970e+02	1.344704e-33	9.730437e-38
3.398170e+02	1.339187e-33	9.690738e-38
3.398370e+02	1.333723e-33	9.651421e-38
3.398570e+02	1.328258e-33	9.612104e-38
3.398770e+02	1.322825e-33	9.573007e-38
3.398970e+02	1.317417e-33	9.534088e-38
3.399170e+02	1.312011e-33	9.495190e-38
3.399370e+02	1.306658e-33	9.456666e-38
3.399570e+02	1.301305e-33	9.418142e-38
3.399770e+02	1.295981e-33	9.379834e-38
3.399970e+02	1.290683e-33	9.341701e-38
3.400170e+02	1.285387e-33	9.303588e-38
3.400370e+02	1.280142e-33	9.265841e-38
3.400570e+02	1.274898e-33	9.228095e-38
3.400770e+02	1.269682e-33	9.190560e-38
3.400970e+02	1.264491e-33	9.153195e-38
3.401170e+02	1.259303e-33	9.115852e-38
3.401370e+02	1.254165e-33	9.078866e-38
3.401570e+02	1.249026e-33	9.041881e-38
3.401770e+02	1.243917e-33	9.005103e-38
3.401970e+02	1.238831e-33	8.968493e-38
3.402170e+02	1.233748e-33	8.931903e-38
3.402370e+02	1.228714e-33	8.895664e-38
3.402570e+02	1.223680e-33	8.859425e-38
3.402770e+02	1.218675e-33	8.823389e-38
3.402970e+02	1.213692e-33	8.787517e-38
3.403170e+02	1.208712e-33	8.751665e-38
3.403370e+02	1.203780e-33	8.716157e-38
3.403570e+02	1.198849e-33	8.680650e-38
3.403770e+02	1.193945e-33	8.645341e-38
3.403970e+02	1.189063e-33	8.610193e-38
3.404170e+02	1.184184e-33	8.575064e-38
3.404370e+02	1.179353e-33	8.540273e-38
3.404570e+02	1.174521e-33	8.505481e-38
3.404770e+02	1.169716e-33	8.470885e-38
3.404970e+02	1.164934e-33	8.436446e-38
3.405170e+02	1.160154e-33	8.402027e-38
3.405370e+02	1.155420e-33	8.367937e-38
3.405570e+02	1.150687e-33	8.333847e-38
3.405770e+02	1.145980e-33	8.299949e-38
3.405970e+02	1.141294e-33	8.266205e-38
3.406170e+02	1.136612e-33	8.232480e-38
3.406370e+02	1.131974e-33	8.199078e-38
3.406570e+02	1.127336e-33	8.165676e-38
3.406770e+02	1.122725e-33	8.132462e-38
3.406970e+02	1.118135e-33	8.099399e-38
3.407170e+02	1.113547e-33	8.066354e-38
3.407370e+02	1.109003e-33	8.033626e-38
3.407570e+02	1.104460e-33	8.000898e-38
3.407770e+02	1.099942e-33	7.968354e-38
3.407970e+02	1.095445e-33	7.935958e-38
3.408170e+02	1.090950e-33	7.903580e-38
3.408370e+02	1.086499e-33	7.871513e-38
3.408570e+02	1.082047e-33	7.839445e-38
3.408770e+02	1.077621e-33	7.807558e-38
3.408970e+02	1.073215e-33	7.775815e-38
3.409170e+02	1.068812e-33	7.744091e-38
3.409370e+02	1.064451e-33	7.712670e-38
3.409570e+02	1.060090e-33	7.681249e-38
3.409770e+02	1.055754e-33	7.650005e-38
3.409970e+02	1.051437e-33	7.618903e-38
3.410171e+02	1.047123e-33	7.587819e-38
3.410371e+02	1.042850e-33	7.557032e-38
3.410571e+02	1.038578e-33	7.526245e-38
3.410771e+02	1.034330e-33	7.495632e-38
3.410971e+02	1.030101e-33	7.465157e-38
3.411171e+02	1.025874e-33	7.434700e-38
3.411371e+02	1.021688e-33	7.404534e-38
3.411571e+02	1.017503e-33	7.374369e-38
3.411771e+02	1.013340e-33	7.344373e-38
3.411971e+02	1.009197e-33	7.314513e-38
3.412171e+02	1.005057e-33	7.284670e-38
3.412371e+02	1.000956e-33	7.255113e-38
3.412571e+02	9.968548e-34	7.225556e-38
3.412771e+02	9.927772e-34	7.196166e-38
3.412971e+02	9.887182e-34	7.166909e-38
3.413171e+02	9.846615e-34	7.137668e-38
3.413371e+02	9.806438e-34	7.108707e-38
3.413571e+02	9.766261e-34	7.079747e-38
3.413771e+02	9.726313e-34	7.050950e-38
3.413971e+02	9.686546e-34	7.022282e-38
3.414171e+02	9.646802e-34	6.993632e-38
3.414371e+02	9.607441e-34	6.965256e-38
3.414571e+02	9.568080e-34	6.936879e-38
3.414771e+02	9.528942e-34	6.908663e-38
3.414971e+02	9.489982e-34	6.880574e-38
3.415171e+02	9.451044e-34	6.852502e-38
3.415371e+02	9.412482e-34	6.824698e-38
3.415571e+02	9.373919e-34	6.796894e-38
3.415771e+02	9.335576e-34	6.769247e-38
3.415971e+02	9.297406e-34	6.741725e-38
3.416171e+02	9.259259e-34	6.714219e-38
3.416371e+02	9.221479e-34	6.686976e-38
3.416571e+02	9.183699e-34	6.659733e-38
3.416771e+02	9.146134e-34	6.632644e-38
3.416971e+02	9.108739e-34	6.605678e-38
3.417171e+02	9.071366e-34	6.578727e-38
3.417371e+02	9.034353e-34	6.552034e-38
3.417571e+02	8.997339e-34	6.525340e-38
3.417771e+02	8.960536e-34	6.498798e-38
3.417971e+02	8.923900e-34	6.472375e-38
3.418171e+02	8.887286e-34	6.445968e-38
3.418371e+02	8.851023e-34	6.419814e-38
3.418571e+02	8.814761e-34	6.393659e-38
3.418771e+02	8.778705e-34	6.367652e-38
3.418971e+02	8.742812e-34	6.341763e-38
3.419171e+02	8.706941e-34	6.315888e-38
3.419371e+02	8.671415e-34	6.290261e-38
3.419571e+02	8.635888e-34	6.264634e-38
3.419771e+02	8.600564e-34	6.239152e-38
3.419971e+02	8.565399e-34	6.213785e-38
3.420171e+02	8.530256e-34	6.188433e-38
3.420371e+02	8.495450e-34	6.163323e-38
3.420571e+02	8.460645e-34	6.138213e-38
3.420771e+02	8.426037e-34	6.113245e-38
3.420971e+02	8.391587e-34	6.088390e-38
3.421171e+02	8.357157e-34	6.063549e-38
3.421371e+02	8.323057e-34	6.038946e-38
3.421571e+02	8.288958e-34	6.014343e-38
3.421771e+02	8.255053e-34	5.989879e-38
3.421971e+02	8.221301e-34	5.965525e-38
3.422171e+02	8.187570e-34	5.941186e-38
3.422371e+02	8.154162e-34	5.917079e-38
3.422571e+02	8.120755e-34	5.892972e-38
3.422771e+02	8.087538e-34	5.869001e-38
3.422971e+02	8.054471e-34	5.845139e-38
3.423171e+02	8.021424e-34	5.821291e-38
3.423371e+02	7.988695e-34	5.797670e-38
3.423571e+02	7.955965e-34	5.774050e-38
3.423771e+02	7.923422e-34	5.750563e-38
3.423971e+02	7.891027e-34	5.727182e-38
3.424171e+02	7.858651e-34	5.703815e-38
3.424371e+02	7.826585e-34	5.680671e-38
3.424571e+02	7.794520e-34	5.657527e-38
3.424771e+02	7.762637e-34	5.634515e-38
3.424971e+02	7.730899e-34	5.611605e-38
3.425171e+02	7.699180e-34	5.588710e-38
3.425371e+02	7.667765e-34	5.566033e-38
3.425571e+02	7.636351e-34	5.543356e-38
3.425771e+02	7.605115e-34	5.520807e-38
3.425971e+02	7.574021e-34	5.498360e-38
3.426171e+02	7.542945e-34	5.475927e-38
3.426371e+02	7.512168e-34	5.453708e-38
3.426571e+02	7.481391e-34	5.431488e-38
3.426771e+02	7.450789e-34	5.409395e-38
3.426971e+02	7.420326e-34	5.387401e-38
3.427171e+02	7.389881e-34	5.365420e-38
3.427371e+02	7.359729e-34	5.343649e-38
3.427571e+02	7.329576e-34	5.321878e-38
3.427771e+02	7.299595e-34	5.300230e-38
3.427971e+02	7.269750e-34	5.278680e-38
3.428171e+02	7.239923e-34	5.257143e-38
3.428371e+02	7.210383e-34	5.235811e-38
3.428571e+02	7.180842e-34	5.214479e-38
3.428771e+02	7.151470e-34	5.193268e-38
3.428971e+02	7.122230e-34	5.172153e-38
3.429171e+02	7.093009e-34	5.151050e-38
3.429371e+02	7.064067e-34	5.130149e-38
3.429571e+02	7.035126e-34	5.109247e-38
3.429771e+02	7.006350e-34	5.088464e-38
3.429971e+02	6.977704e-34	5.067775e-38
3.430172e+02	6.949075e-34	5.047098e-38
3.430372e+02	6.920721e-34	5.026618e-38
3.430572e+02	6.892367e-34	5.006139e-38
3.430772e+02	6.864175e-34	4.985775e-38
3.430972e+02	6.836110e-34	4.965503e-38
3.431172e+02	6.808062e-34	4.945244e-38
3.431372e+02	6.780284e-34	4.925177e-38
3.431572e+02	6.752505e-34	4.905111e-38
3.431772e+02	6.724885e-34	4.885158e-38
3.431972e+02	6.697390e-34	4.865295e-38
3.432172e+02	6.669911e-34	4.845445e-38
3.432372e+02	6.642696e-34	4.825783e-38
3.432572e+02	6.615481e-34	4.806121e-38
3.432772e+02	6.588422e-34	4.786572e-38
3.432972e+02	6.561484e-34	4.767109e-38
3.433172e+02	6.534564e-34	4.747659e-38
3.433372e+02	6.507901e-34	4.728394e-38
3.433572e+02	6.481238e-34	4.709129e-38
3.433772e+02	6.454728e-34	4.689974e-38
3.433972e+02	6.428337e-34	4.670905e-38
3.434172e+02	6.401963e-34	4.651847e-38
3.434372e+02	6.375841e-34	4.632971e-38
3.434572e+02	6.349719e-34	4.614095e-38
3.434772e+02	6.323747e-34	4.595326e-38
3.434972e+02	6.297891e-34	4.576641e-38
3.435172e+02	6.272052e-34	4.557968e-38
3.435372e+02	6.246461e-34	4.539473e-38
3.435572e+02	6.220869e-34	4.520977e-38
3.435772e+02	6.195424e-34	4.502587e-38
3.435972e+02	6.170093e-34	4.484280e-38
3.436172e+02	6.144778e-34	4.465983e-38
3.436372e+02	6.119706e-34	4.447861e-38
3.436572e+02	6.094634e-34	4.429739e-38
3.436772e+02	6.069705e-34	4.411720e-38
3.436972e+02	6.044888e-34	4.393782e-38
3.437172e+02	6.020087e-34	4.375855e-38
3.437372e+02	5.995524e-34	4.358098e-38
3.437572e+02	5.970960e-34	4.340342e-38
3.437772e+02	5.946537e-34	4.322686e-38
3.437972e+02	5.922224e-34	4.305110e-38
3.438172e+02	5.897926e-34	4.287545e-38
3.438372e+02	5.873861e-34	4.270147e-38
3.438572e+02	5.849796e-34	4.252748e-38
3.438772e+02	5.825869e-34	4.235449e-38
3.438972e+02	5.802049e-34	4.218228e-38
3.439172e+02	5.778245e-34	4.201017e-38
3.439372e+02	5.754668e-34	4.183970e-38
3.439572e+02	5.731091e-34	4.166922e-38
3.439772e+02	5.707649e-34	4.149973e-38
3.439972e+02	5.684313e-34	4.133098e-38
3.440172e+02	5.660991e-34	4.116235e-38
3.440372e+02	5.637893e-34	4.099531e-38
3.440572e+02	5.614794e-34	4.082828e-38
3.440772e+02	5.591829e-34	4.066220e-38
3.440972e+02	5.568966e-34	4.049687e-38
3.441172e+02	5.546118e-34	4.033163e-38
3.441372e+02	5.523488e-34	4.016797e-38
3.441572e+02	5.500858e-34	4.000431e-38
3.441772e+02	5.478358e-34	3.984158e-38
3.441972e+02	5.455959e-34	3.967958e-38
3.442172e+02	5.433575e-34	3.951768e-38
3.442372e+02	5.411404e-34	3.935732e-38
3.442572e+02	5.389234e-34	3.919696e-38
3.442772e+02	5.367191e-34	3.903752e-38
3.442972e+02	5.345246e-34	3.887879e-38
3.443172e+02	5.323316e-34	3.872016e-38
3.443372e+02	5.301595e-34	3.856303e-38
3.443572e+02	5.279875e-34	3.840591e-38
3.443772e+02	5.258279e-34	3.824969e-38
3.443972e+02	5.236780e-34	3.809415e-38
3.444172e+02	5.215295e-34	3.793873e-38
3.444372e+02	5.194015e-34	3.778477e-38
3.444572e+02	5.172735e-34	3.763082e-38
3.444772e+02	5.151577e-34	3.747775e-38
3.444972e+02	5.130514e-34	3.732535e-38
3.445172e+02	5.109465e-34	3.717306e-38
3.445372e+02	5.088617e-34	3.702221e-38
3.445572e+02	5.067769e-34	3.687137e-38
3.445772e+02	5.047041e-34	3.672138e-38
3.445972e+02	5.026405e-34	3.657207e-38
3.446172e+02	5.005783e-34	3.642285e-38
3.446372e+02	4.985358e-34	3.627504e-38
3.446572e+02	4.964933e-34	3.612724e-38
3.446772e+02	4.944626e-34	3.598028e-38
3.446972e+02	4.924409e-34	3.583398e-38
3.447172e+02	4.904205e-34	3.568777e-38
3.447372e+02	4.884195e-34	3.554295e-38
3.447572e+02	4.864184e-34	3.539813e-38
3.447772e+02	4.844289e-34	3.525414e-38
3.447972e+02	4.824482e-34	3.511078e-38
3.448172e+02	4.804689e-34	3.496753e-38
3.448372e+02	4.785084e-34	3.482563e-38
3.448572e+02	4.765480e-34	3.468373e-38
3.448772e+02	4.745988e-34	3.454264e-38
3.448972e+02	4.726584e-34	3.440218e-38
3.449172e+02	4.707192e-34	3.426182e-38
3.449372e+02	4.687985e-34	3.412278e-38
3.449572e+02	4.668778e-34	3.398375e-38
3.449772e+02	4.649682e-34	3.384551e-38
3.449972e+02	4.630671e-34	3.370788e-38
3.450173e+02	4.611673e-34	3.357035e-38
3.450373e+02	4.592856e-34	3.343412e-38
3.450573e+02	4.574039e-34	3.329789e-38
3.450773e+02	4.555331e-34	3.316244e-38
3.450973e+02	4.536706e-34	3.302759e-38
3.451173e+02	4.518093e-34	3.289283e-38
3.451373e+02	4.499658e-34	3.275935e-38
3.451573e+02	4.481223e-34	3.262587e-38
3.451773e+02	4.462894e-34	3.249316e-38
3.451973e+02	4.444647e-34	3.236103e-38
3.452173e+02	4.426412e-34	3.222899e-38
3.452373e+02	4.408351e-34	3.209820e-38
3.452573e+02	4.390289e-34	3.196741e-38
3.452773e+02	4.372333e-34	3.183738e-38
3.452973e+02	4.354456e-34	3.170791e-38
3.453173e+02	4.336591e-34	3.157854e-38
3.453373e+02	4.318896e-34	3.145039e-38
3.453573e+02	4.301202e-34	3.132224e-38
3.453773e+02	4.283609e-34	3.119483e-38
3.453973e+02	4.266095e-34	3.106798e-38
3.454173e+02	4.248593e-34	3.094122e-38
3.454373e+02	4.231257e-34	3.081565e-38
3.454573e+02	4.213921e-34	3.069009e-38
3.454773e+02	4.196686e-34	3.056525e-38
3.454973e+02	4.179527e-34	3.044096e-38
3.455173e+02	4.162380e-34	3.031676e-38
3.455373e+02	4.145396e-34	3.019373e-38
3.455573e+02	4.128413e-34	3.007070e-38
3.455773e+02	4.111527e-34	2.994838e-38
3.455973e+02	4.094716e-34	2.982659e-38
3.456173e+02	4.077917e-34	2.970489e-38
3.456373e+02	4.061278e-34	2.958435e-38
3.456573e+02	4.044639e-34	2.946380e-38
3.456773e+02	4.028096e-34	2.934395e-38
3.456973e+02	4.011626e-34	2.922462e-38
3.457173e+02	3.995168e-34	2.910538e-38
3.457373e+02	3.978867e-34	2.898727e-38
3.457573e+02	3.962565e-34	2.886915e-38
3.457773e+02	3.946358e-34	2.875172e-38
3.457973e+02	3.930223e-34	2.863480e-38
3.458173e+02	3.914098e-34	2.851796e-38
3.458373e+02	3.898128e-34	2.840223e-38
3.458573e+02	3.882157e-34	2.828650e-38
3.458773e+02	3.866279e-34	2.817144e-38
3.458973e+02	3.850471e-34	2.805688e-38
3.459173e+02	3.834674e-34	2.794240e-38
3.459373e+02	3.819027e-34	2.782901e-38
3.459573e+02	3.803380e-34	2.771561e-38
3.459773e+02	3.787824e-34	2.760287e-38
3.459973e+02	3.772337e-34	2.749062e-38
3.460173e+02	3.756861e-34	2.737846e-38
3.460373e+02	3.741532e-34	2.726735e-38
3.460573e+02	3.726202e-34	2.715624e-38
3.460773e+02	3.710962e-34	2.704577e-38
3.460973e+02	3.695789e-34	2.693579e-38
3.461173e+02	3.680627e-34	2.682589e-38
3.461373e+02	3.665609e-34	2.671702e-38
3.461573e+02	3.650591e-34	2.660816e-38
3.461773e+02	3.635660e-34	2.649992e-38
3.461973e+02	3.620795e-34	2.639216e-38
3.462173e+02	3.605940e-34	2.628447e-38
3.462373e+02	3.591227e-34	2.617780e-38
3.462573e+02	3.576513e-34	2.607113e-38
3.462773e+02	3.561885e-34	2.596508e-38
3.462973e+02	3.547322e-34	2.585949e-38
3.463173e+02	3.532769e-34	2.575398e-38
3.463373e+02	3.518354e-34	2.564946e-38
3.463573e+02	3.503939e-34	2.554495e-38
3.463773e+02	3.489608e-34	2.544103e-38
3.463973e+02	3.475340e-34	2.533758e-38
3.464173e+02	3.461082e-34	2.523419e-38
3.464373e+02	3.446960e-34	2.513179e-38
3.464573e+02	3.432837e-34	2.502938e-38
3.464773e+02	3.418797e-34	2.492756e-38
3.464973e+02	3.404819e-34	2.482620e-38
3.465173e+02	3.390850e-34	2.472490e-38
3.465373e+02	3.377014e-34	2.462456e-38
3.465573e+02	3.363179e-34	2.452422e-38
3.465773e+02	3.349423e-34	2.442445e-38
3.465973e+02	3.335728e-34	2.432513e-38
3.466173e+02	3.322044e-34	2.422588e-38
3.466373e+02	3.308488e-34	2.412756e-38
3.466573e+02	3.294933e-34	2.402925e-38
3.466773e+02	3.281457e-34	2.393150e-38
3.466973e+02	3.268040e-34	2.383418e-38
3.467173e+02	3.254633e-34	2.373693e-38
3.467373e+02	3.241353e-34	2.364060e-38
3.467573e+02	3.228073e-34	2.354427e-38
3.467773e+02	3.214870e-34	2.344849e-38
3.467973e+02	3.201726e-34	2.335314e-38
3.468173e+02	3.188591e-34	2.325785e-38
3.468373e+02	3.175580e-34	2.316346e-38
3.468573e+02	3.162570e-34	2.306907e-38
3.468773e+02	3.149635e-34	2.297523e-38
3.468973e+02	3.136757e-34	2.288180e-38
3.469173e+02	3.123888e-34	2.278843e-38
3.469373e+02	3.111142e-34	2.269595e-38
3.469573e+02	3.098395e-34	2.260347e-38
3.469773e+02	3.085723e-34	2.251152e-38
3.469973e+02	3.073106e-34	2.241997e-38
3.470174e+02	3.060499e-34	2.232849e-38
3.470374e+02	3.048011e-34	2.223788e-38
3.470574e+02	3.035523e-34	2.214726e-38
3.470774e+02	3.023108e-34	2.205717e-38
3.470974e+02	3.010747e-34	2.196747e-38
3.471174e+02	2.998396e-34	2.187783e-38
3.471374e+02	2.986161e-34	2.178905e-38
3.471574e+02	2.973927e-34	2.170026e-38
3.471774e+02	2.961764e-34	2.161198e-38
3.471974e+02	2.949654e-34	2.152409e-38
3.472174e+02	2.937553e-34	2.143627e-38
3.472374e+02	2.925567e-34	2.134927e-38
3.472574e+02	2.913581e-34	2.126228e-38
3.472774e+02	2.901664e-34	2.117578e-38
3.472974e+02	2.889800e-34	2.108967e-38
3.473174e+02	2.877945e-34	2.100361e-38
3.473374e+02	2.866202e-34	2.091837e-38
3.473574e+02	2.854459e-34	2.083313e-38
3.473774e+02	2.842784e-34	2.074838e-38
3.473974e+02	2.831161e-34	2.066401e-38
3.474174e+02	2.819546e-34	2.057969e-38
3.474374e+02	2.808042e-34	2.049617e-38
3.474574e+02	2.796537e-34	2.041265e-38
3.474774e+02	2.785099e-34	2.032961e-38
3.474974e+02	2.773712e-34	2.024694e-38
3.475174e+02	2.762333e-34	2.016432e-38
3.475374e+02	2.751061e-34	2.008249e-38
3.475574e+02	2.739790e-34	2.000065e-38
3.475774e+02	2.728585e-34	1.991929e-38
3.475974e+02	2.717428e-34	1.983829e-38
3.476174e+02	2.706280e-34	1.975734e-38
3.476374e+02	2.695238e-34	1.967715e-38
3.476574e+02	2.684195e-34	1.959697e-38
3.476774e+02	2.673217e-34	1.951725e-38
3.476974e+02	2.662287e-34	1.943788e-38
3.477174e+02	2.651365e-34	1.935857e-38
3.477374e+02	2.640547e-34	1.928000e-38
3.477574e+02	2.629728e-34	1.920143e-38
3.477774e+02	2.618973e-34	1.912332e-38
3.477974e+02	2.608265e-34	1.904555e-38
3.478174e+02	2.597564e-34	1.896784e-38
3.478374e+02	2.586965e-34	1.889086e-38
3.478574e+02	2.576366e-34	1.881388e-38
3.478774e+02	2.565829e-34	1.873735e-38
3.478974e+02	2.555338e-34	1.866115e-38
3.479174e+02	2.544855e-34	1.858500e-38
3.479374e+02	2.534471e-34	1.850957e-38
3.479574e+02	2.524088e-34	1.843415e-38
3.479774e+02	2.513764e-34	1.835916e-38
3.479974e+02	2.503486e-34	1.828450e-38
3.480174e+02	2.493216e-34	1.820989e-38
3.480374e+02	2.483043e-34	1.813598e-38
3.480574e+02	2.472870e-34	1.806208e-38
3.480774e+02	2.462756e-34	1.798860e-38
3.480974e+02	2.452686e-34	1.791545e-38
3.481174e+02	2.442624e-34	1.784235e-38
3.481374e+02	2.432658e-34	1.776993e-38
3.481574e+02	2.422691e-34	1.769752e-38
3.481774e+02	2.412782e-34	1.762552e-38
3.481974e+02	2.402917e-34	1.755385e-38
3.482174e+02	2.393059e-34	1.748222e-38
3.482374e+02	2.383295e-34	1.741127e-38
3.482574e+02	2.373530e-34	1.734031e-38
3.482774e+02	2.363823e-34	1.726977e-38
3.482974e+02	2.354158e-34	1.719954e-38
3.483174e+02	2.344500e-34	1.712936e-38
3.483374e+02	2.334934e-34	1.705984e-38
3.483574e+02	2.325368e-34	1.699032e-38
3.483774e+02	2.315857e-34	1.692120e-38
3.483974e+02	2.306388e-34	1.685239e-38
3.484174e+02	2.296927e-34	1.678362e-38
3.484374e+02	2.287554e-34	1.671551e-38
3.484574e+02	2.278182e-34	1.664739e-38
3.484774e+02	2.268865e-34	1.657967e-38
3.484974e+02	2.259588e-34	1.651224e-38
3.485174e+02	2.250318e-34	1.644486e-38
3.485374e+02	2.241136e-34	1.637812e-38
3.485574e+02	2.231954e-34	1.631138e-38
3.485774e+02	2.222826e-34	1.624502e-38
3.485974e+02	2.213737e-34	1.617896e-38
3.486174e+02	2.204656e-34	1.611294e-38
3.486374e+02	2.195660e-34	1.604754e-38
3.486574e+02	2.186664e-34	1.598215e-38
3.486774e+02	2.177721e-34	1.591713e-38
3.486974e+02	2.168817e-34	1.585240e-38
3.487174e+02	2.159920e-34	1.578771e-38
3.487374e+02	2.151106e-34	1.572364e-38
3.487574e+02	2.142293e-34	1.565956e-38
3.487774e+02	2.133531e-34	1.559586e-38
3.487974e+02	2.124808e-34	1.553243e-38
3.488174e+02	2.116091e-34	1.546905e-38
3.488374e+02	2.107457e-34	1.540627e-38
3.488574e+02	2.098822e-34	1.534349e-38
3.488774e+02	2.090239e-34	1.528107e-38
3.488974e+02	2.081692e-34	1.521892e-38
3.489174e+02	2.073152e-34	1.515682e-38
3.489374e+02	2.064693e-34	1.509531e-38
3.489574e+02	2.056234e-34	1.503379e-38
3.489774e+02	2.047824e-34	1.497263e-38
3.489974e+02	2.039451e-34	1.491174e-38
3.490175e+02	2.031085e-34	1.485089e-38
3.490375e+02	2.022797e-34	1.479062e-38
3.490575e+02	2.014510e-34	1.473034e-38
3.490775e+02	2.006271e-34	1.467042e-38
3.490975e+02	1.998068e-34	1.461076e-38
3.491175e+02	1.989871e-34	1.455114e-38
3.491375e+02	1.981752e-34	1.449208e-38
3.491575e+02	1.973632e-34	1.443302e-38
3.491775e+02	1.965561e-34	1.437431e-38
3.491975e+02	1.957524e-34	1.431585e-38
3.492175e+02	1.949494e-34	1.425743e-38
3.492375e+02	1.941539e-34	1.419957e-38
3.492575e+02	1.933584e-34	1.414170e-38
3.492775e+02	1.925676e-34	1.408417e-38
3.492975e+02	1.917803e-34	1.402689e-38
3.493175e+02	1.909935e-34	1.396966e-38
3.493375e+02	1.902142e-34	1.391296e-38
3.493575e+02	1.894349e-34	1.385626e-38
3.493775e+02	1.886601e-34	1.379989e-38
3.493975e+02	1.878888e-34	1.374377e-38
3.494175e+02	1.871180e-34	1.368768e-38
3.494375e+02	1.863545e-34	1.363213e-38
3.494575e+02	1.855910e-34	1.357658e-38
3.494775e+02	1.848319e-34	1.352135e-38
3.494975e+02	1.840762e-34	1.346635e-38
3.495175e+02	1.833211e-34	1.341141e-38
3.495375e+02	1.825731e-34	1.335697e-38
3.495575e+02	1.818250e-34	1.330254e-38
3.495775e+02	1.810814e-34	1.324842e-38
3.495975e+02	1.803410e-34	1.319454e-38
3.496175e+02	1.796012e-34	1.314070e-38
3.496375e+02	1.788684e-34	1.308737e-38
3.496575e+02	1.781355e-34	1.303403e-38
3.496775e+02	1.774070e-34	1.298101e-38
3.496975e+02	1.766816e-34	1.292821e-38
3.497175e+02	1.759568e-34	1.287546e-38
3.497375e+02	1.752389e-34	1.282320e-38
3.497575e+02	1.745209e-34	1.277094e-38
3.497775e+02	1.738072e-34	1.271899e-38
3.497975e+02	1.730965e-34	1.266726e-38
3.498175e+02	1.723864e-34	1.261557e-38
3.498375e+02	1.716830e-34	1.256437e-38
3.498575e+02	1.709796e-34	1.251317e-38
3.498775e+02	1.702803e-34	1.246226e-38
3.498975e+02	1.695841e-34	1.241158e-38
3.499175e+02	1.688884e-34	1.236093e-38
3.499375e+02	1.681993e-34	1.231076e-38
3.499575e+02	1.675102e-34	1.226059e-38
3.499775e+02	1.668251e-34	1.221071e-38
3.499975e+02	1.661430e-34	1.216105e-38
3.500175e+02	1.654614e-34	1.211143e-38
3.500375e+02	1.647863e-34	1.206227e-38
3.500575e+02	1.641112e-34	1.201311e-38
3.500775e+02	1.634400e-34	1.196424e-38
3.500975e+02	1.627717e-34	1.191558e-38
3.501175e+02	1.621040e-34	1.186696e-38
3.501375e+02	1.614425e-34	1.181879e-38
3.501575e+02	1.607811e-34	1.177063e-38
3.501775e+02	1.601236e-34	1.172274e-38
3.501975e+02	1.594689e-34	1.167507e-38
3.502175e+02	1.588147e-34	1.162743e-38
3.502375e+02	1.581666e-34	1.158023e-38
3.502575e+02	1.575186e-34	1.153304e-38
3.502775e+02	1.568744e-34	1.148612e-38
3.502975e+02	1.562330e-34	1.143940e-38
3.503175e+02	1.555921e-34	1.139273e-38
3.503375e+02	1.549572e-34	1.134648e-38
3.503575e+02	1.543223e-34	1.130024e-38
3.503775e+02	1.536912e-34	1.125427e-38
3.503975e+02	1.530628e-34	1.120850e-38
3.504175e+02	1.524349e-34	1.116276e-38
3.504375e+02	1.518129e-34	1.111746e-38
3.504575e+02	1.511909e-34	1.107215e-38
3.504775e+02	1.505726e-34	1.102710e-38
3.504975e+02	1.499570e-34	1.098226e-38
3.505175e+02	1.493418e-34	1.093744e-38
3.505375e+02	1.487324e-34	1.089305e-38
3.505575e+02	1.481231e-34	1.084865e-38
3.505775e+02	1.475173e-34	1.080452e-38
3.505975e+02	1.469141e-34	1.076058e-38
3.506175e+02	1.463114e-34	1.071667e-38
3.506375e+02	1.457144e-34	1.067317e-38
3.506575e+02	1.451174e-34	1.062967e-38
3.506775e+02	1.445240e-34	1.058643e-38
3.506975e+02	1.439330e-34	1.054337e-38
3.507175e+02	1.433426e-34	1.050035e-38
3.507375e+02	1.427577e-34	1.045773e-38
3.507575e+02	1.421728e-34	1.041511e-38
3.507775e+02	1.415914e-34	1.037274e-38
3.507975e+02	1.410124e-34	1.033055e-38
3.508175e+02	1.404340e-34	1.028840e-38
3.508375e+02	1.398609e-34	1.024664e-38
3.508575e+02	1.392879e-34	1.020488e-38
3.508775e+02	1.387183e-34	1.016336e-38
3.508975e+02	1.381511e-34	1.012203e-38
3.509175e+02	1.375844e-34	1.008072e-38
3.509375e+02	1.370230e-34	1.003980e-38
3.509575e+02	1.364616e-34	9.998887e-39
3.509775e+02	1.359035e-34	9.958211e-39
3.509975e+02	1.353478e-34	9.917708e-39
3.510176e+02	1.347926e-34	9.877239e-39
3.510376e+02	1.342426e-34	9.837147e-39
3.510576e+02	1.336926e-34	9.797056e-39
3.510776e+02	1.331458e-34	9.757200e-39
3.510976e+02	1.326014e-34	9.717515e-39
3.511176e+02	1.320575e-34	9.677862e-39
3.511376e+02	1.315186e-34	9.638580e-39
3.511576e+02	1.309798e-34	9.599297e-39
3.511776e+02	1.304441e-34	9.560246e-39
3.511976e+02	1.299108e-34	9.521362e-39
3.512176e+02	1.293779e-34	9.482510e-39
3.512376e+02	1.288500e-34	9.444020e-39
3.512576e+02	1.283220e-34	9.405530e-39
3.512776e+02	1.277973e-34	9.367267e-39
3.512976e+02	1.272747e-34	9.329168e-39
3.513176e+02	1.267526e-34	9.291100e-39
3.513376e+02	1.262354e-34	9.253387e-39
3.513576e+02	1.257182e-34	9.215674e-39
3.513776e+02	1.252041e-34	9.178183e-39
3.513976e+02	1.246922e-34	9.140853e-39
3.514176e+02	1.241807e-34	9.103553e-39
3.514376e+02	1.236739e-34	9.066601e-39
3.514576e+02	1.231672e-34	9.029650e-39
3.514776e+02	1.226635e-34	8.992916e-39
3.514976e+02	1.221620e-34	8.956339e-39
3.515176e+02	1.216609e-34	8.919792e-39
3.515376e+02	1.211644e-34	8.883586e-39
3.515576e+02	1.206680e-34	8.847380e-39
3.515776e+02	1.201745e-34	8.811387e-39
3.515976e+02	1.196832e-34	8.775548e-39
3.516176e+02	1.191922e-34	8.739739e-39
3.516376e+02	1.187059e-34	8.704264e-39
3.516576e+02	1.182195e-34	8.668788e-39
3.516776e+02	1.177360e-34	8.633523e-39
3.516976e+02	1.172546e-34	8.598407e-39
3.517176e+02	1.167737e-34	8.563321e-39
3.517376e+02	1.162972e-34	8.528561e-39
3.517576e+02	1.158207e-34	8.493802e-39
3.517776e+02	1.153470e-34	8.459248e-39
3.517976e+02	1.148754e-34	8.424841e-39
3.518176e+02	1.144042e-34	8.390463e-39
3.518376e+02	1.139374e-34	8.356405e-39
3.518576e+02	1.134705e-34	8.322347e-39
3.518776e+02	1.130065e-34	8.288490e-39
3.518976e+02	1.125444e-34	8.254778e-39
3.519176e+02	1.120828e-34	8.221094e-39
3.519376e+02	1.116254e-34	8.187723e-39
3.519576e+02	1.111681e-34	8.154353e-39
3.519776e+02	1.107135e-34	8.121179e-39
3.519976e+02	1.102608e-34	8.088147e-39
3.520176e+02	1.098085e-34	8.055143e-39
3.520376e+02	1.093604e-34	8.022446e-39
3.520576e+02	1.089123e-34	7.989749e-39
3.520776e+02	1.084669e-34	7.957245e-39
3.520976e+02	1.080235e-34	7.924880e-39
3.521176e+02	1.075803e-34	7.892542e-39
3.521376e+02	1.071414e-34	7.860505e-39
3.521576e+02	1.067024e-34	7.828467e-39
3.521776e+02	1.062660e-34	7.796620e-39
3.521976e+02	1.058315e-34	7.764908e-39
3.522176e+02	1.053974e-34	7.733222e-39
3.522376e+02	1.049673e-34	7.701832e-39
3.522576e+02	1.045373e-34	7.670441e-39
3.522776e+02	1.041098e-34	7.639236e-39
3.522976e+02	1.036841e-34	7.608164e-39
3.523176e+02	1.032588e-34	7.577118e-39
3.523376e+02	1.028374e-34	7.546361e-39
3.523576e+02	1.024161e-34	7.515604e-39
3.523776e+02	1.019973e-34	7.485029e-39
3.523976e+02	1.015802e-34	7.454584e-39
3.524176e+02	1.011635e-34	7.424165e-39
3.524376e+02	1.007507e-34	7.394029e-39
3.524576e+02	1.003379e-34	7.363893e-39
3.524776e+02	9.992761e-35	7.333935e-39
3.524976e+02	9.951903e-35	7.304104e-39
3.525176e+02	9.911080e-35	7.274299e-39
3.525376e+02	9.870638e-35	7.244771e-39
3.525576e+02	9.830197e-35	7.215243e-39
3.525776e+02	9.789996e-35	7.185890e-39
3.525976e+02	9.749967e-35	7.156662e-39
3.526176e+02	9.709972e-35	7.127458e-39
3.526376e+02	9.670352e-35	7.098526e-39
3.526576e+02	9.630731e-35	7.069594e-39
3.526776e+02	9.591346e-35	7.040833e-39
3.526976e+02	9.552129e-35	7.012195e-39
3.527176e+02	9.512946e-35	6.983581e-39
3.527376e+02	9.474129e-35	6.955232e-39
3.527576e+02	9.435312e-35	6.926884e-39
3.527776e+02	9.396727e-35	6.898704e-39
3.527976e+02	9.358306e-35	6.870644e-39
3.528176e+02	9.319918e-35	6.842607e-39
3.528376e+02	9.281888e-35	6.814831e-39
3.528576e+02	9.243859e-35	6.787055e-39
3.528776e+02	9.206057e-35	6.759444e-39
3.528976e+02	9.168415e-35	6.731950e-39
3.529176e+02	9.130806e-35	6.704479e-39
3.529376e+02	9.093549e-35	6.677264e-39
3.529576e+02	9.056291e-35	6.650048e-39
3.529776e+02	9.019256e-35	6.622994e-39
3.529976e+02	8.982378e-35	6.596055e-39
3.530177e+02	8.945532e-35	6.569139e-39
3.530377e+02	8.909031e-35	6.542473e-39
3.530577e+02	8.872529e-35	6.515807e-39
3.530777e+02	8.836245e-35	6.489299e-39
3.530977e+02	8.800116e-35	6.462903e-39
3.531177e+02	8.764018e-35	6.436531e-39
3.531377e+02	8.728257e-35	6.410403e-39
3.531577e+02	8.692496e-35	6.384275e-39
3.531777e+02	8.656948e-35	6.358302e-39
3.531977e+02	8.621552e-35	6.332439e-39
3.532177e+02	8.586186e-35	6.306599e-39
3.532377e+02	8.551151e-35	6.280998e-39
3.532577e+02	8.516115e-35	6.255397e-39
3.532777e+02	8.481289e-35	6.229949e-39
3.532977e+02	8.446611e-35	6.204608e-39
3.533177e+02	8.411964e-35	6.179289e-39
3.533377e+02	8.377639e-35	6.154205e-39
3.533577e+02	8.343314e-35	6.129121e-39
3.533777e+02	8.309195e-35	6.104187e-39
3.533977e+02	8.275221e-35	6.079357e-39
3.534177e+02	8.241276e-35	6.054549e-39
3.534377e+02	8.207648e-35	6.029972e-39
3.534577e+02	8.174020e-35	6.005394e-39
3.534777e+02	8.140593e-35	5.980963e-39
3.534977e+02	8.107308e-35	5.956634e-39
3.535177e+02	8.074052e-35	5.932327e-39
3.535377e+02	8.041106e-35	5.908246e-39
3.535577e+02	8.008160e-35	5.884164e-39
3.535777e+02	7.975412e-35	5.860226e-39
3.535977e+02	7.942802e-35	5.836389e-39
3.536177e+02	7.910221e-35	5.812572e-39
3.536377e+02	7.877944e-35	5.788977e-39
3.536577e+02	7.845667e-35	5.765381e-39
3.536777e+02	7.813583e-35	5.741926e-39
3.536977e+02	7.781634e-35	5.718570e-39
3.537177e+02	7.749715e-35	5.695234e-39
3.537377e+02	7.718092e-35	5.672115e-39
3.537577e+02	7.686470e-35	5.648996e-39
3.537777e+02	7.655037e-35	5.626014e-39
3.537977e+02	7.623737e-35	5.603129e-39
3.538177e+02	7.592465e-35	5.580265e-39
3.538377e+02	7.561485e-35	5.557612e-39
3.538577e+02	7.530504e-35	5.534960e-39
3.538777e+02	7.499709e-35	5.512442e-39
3.538977e+02	7.469044e-35	5.490019e-39
3.539177e+02	7.438407e-35	5.467616e-39
3.539377e+02	7.408055e-35	5.445421e-39
3.539577e+02	7.377702e-35	5.423225e-39
3.539777e+02	7.347532e-35	5.401162e-39
3.539977e+02	7.317490e-35	5.379192e-39
3.540177e+02	7.287474e-35	5.357241e-39
3.540377e+02	7.257738e-35	5.335493e-39
3.540577e+02	7.228002e-35	5.313746e-39
3.540777e+02	7.198444e-35	5.292128e-39
3.540977e+02	7.169011e-35	5.270601e-39
3.541177e+02	7.139604e-35	5.249093e-39
3.541377e+02	7.110471e-35	5.227785e-39
3.541577e+02	7.081338e-35	5.206476e-39
3.541777e+02	7.052380e-35	5.185295e-39
3.541977e+02	7.023545e-35	5.164202e-39
3.542177e+02	6.994735e-35	5.143129e-39
3.542377e+02	6.966193e-35	5.122250e-39
3.542577e+02	6.937651e-35	5.101372e-39
3.542777e+02	6.909281e-35	5.080618e-39
3.542977e+02	6.881030e-35	5.059951e-39
3.543177e+02	6.852805e-35	5.039303e-39
3.543377e+02	6.824842e-35	5.018846e-39
3.543577e+02	6.796880e-35	4.998389e-39
3.543777e+02	6.769085e-35	4.978054e-39
3.543977e+02	6.741408e-35	4.957805e-39
3.544177e+02	6.713755e-35	4.937573e-39
3.544377e+02	6.686360e-35	4.917529e-39
3.544577e+02	6.658965e-35	4.897485e-39
3.544777e+02	6.631734e-35	4.877561e-39
3.544977e+02	6.604618e-35	4.857720e-39
3.545177e+02	6.577527e-35	4.837897e-39
3.545377e+02	6.550688e-35	4.818257e-39
3.545577e+02	6.523848e-35	4.798618e-39
3.545777e+02	6.497170e-35	4.779095e-39
3.545977e+02	6.470604e-35	4.759655e-39
3.546177e+02	6.444063e-35	4.740232e-39
3.546377e+02	6.417768e-35	4.720989e-39
3.546577e+02	6.391473e-35	4.701746e-39
3.546777e+02	6.365337e-35	4.682618e-39
3.546977e+02	6.339310e-35	4.663570e-39
3.547177e+02	6.313307e-35	4.644539e-39
3.547377e+02	6.287546e-35	4.625684e-39
3.547577e+02	6.261785e-35	4.606829e-39
3.547777e+02	6.236178e-35	4.588087e-39
3.547977e+02	6.210680e-35	4.569424e-39
3.548177e+02	6.185205e-35	4.550777e-39
3.548377e+02	6.159966e-35	4.532303e-39
3.548577e+02	6.134727e-35	4.513829e-39
3.548777e+02	6.109641e-35	4.495465e-39
3.548977e+02	6.084660e-35	4.477178e-39
3.549177e+02	6.059701e-35	4.458908e-39
3.549377e+02	6.034975e-35	4.440807e-39
3.549577e+02	6.010248e-35	4.422705e-39
3.549777e+02	5.985671e-35	4.404712e-39
3.549977e+02	5.961197e-35	4.386794e-39
3.550178e+02	5.936745e-35	4.368893e-39
3.550378e+02	5.912520e-35	4.351157e-39
3.550578e+02	5.888295e-35	4.333421e-39
3.550778e+02	5.864216e-35	4.315791e-39
3.550978e+02	5.840239e-35	4.298235e-39
3.551178e+02	5.816283e-35	4.280695e-39
3.551378e+02	5.792550e-35	4.263317e-39
3.551578e+02	5.768817e-35	4.245939e-39
3.551778e+02	5.745227e-35	4.228665e-39
3.551978e+02	5.721735e-35	4.211464e-39
3.552178e+02	5.698266e-35	4.194278e-39
3.552378e+02	5.675014e-35	4.177250e-39
3.552578e+02	5.651763e-35	4.160223e-39
3.552778e+02	5.628651e-35	4.143298e-39
3.552978e+02	5.605637e-35	4.126443e-39
3.553178e+02	5.582643e-35	4.109604e-39
3.553378e+02	5.559864e-35	4.092921e-39
3.553578e+02	5.537084e-35	4.076237e-39
3.553778e+02	5.514441e-35	4.059654e-39
3.553978e+02	5.491894e-35	4.043139e-39
3.554178e+02	5.469367e-35	4.026640e-39
3.554378e+02	5.447049e-35	4.010293e-39
3.554578e+02	5.424732e-35	3.993947e-39
3.554778e+02	5.402549e-35	3.977698e-39
3.554978e+02	5.380459e-35	3.961517e-39
3.555178e+02	5.358389e-35	3.945351e-39
3.555378e+02	5.336524e-35	3.929334e-39
3.555578e+02	5.314659e-35	3.913317e-39
3.555778e+02	5.292927e-35	3.897396e-39
3.555978e+02	5.271285e-35	3.881542e-39
3.556178e+02	5.249663e-35	3.865702e-39
3.556378e+02	5.228242e-35	3.850009e-39
3.556578e+02	5.206821e-35	3.834315e-39
3.556778e+02	5.185529e-35	3.818716e-39
3.556978e+02	5.164326e-35	3.803181e-39
3.557178e+02	5.143143e-35	3.787661e-39
3.557378e+02	5.122157e-35	3.772285e-39
3.557578e+02	5.101170e-35	3.756908e-39
3.557778e+02	5.080311e-35	3.741623e-39
3.557978e+02	5.059538e-35	3.726402e-39
3.558178e+02	5.038785e-35	3.711196e-39
3.558378e+02	5.018224e-35	3.696129e-39
3.558578e+02	4.997664e-35	3.681063e-39
3.558778e+02	4.977227e-35	3.666087e-39
3.558978e+02	4.956876e-35	3.651173e-39
3.559178e+02	4.936544e-35	3.636274e-39
3.559378e+02	4.916401e-35	3.621511e-39
3.559578e+02	4.896257e-35	3.606749e-39
3.559778e+02	4.876236e-35	3.592075e-39
3.559978e+02	4.856297e-35	3.577463e-39
3.560178e+02	4.836378e-35	3.562864e-39
3.560378e+02	4.816643e-35	3.548400e-39
3.560578e+02	4.796909e-35	3.533935e-39
3.560778e+02	4.777293e-35	3.519558e-39
3.560978e+02	4.757760e-35	3.505240e-39
3.561178e+02	4.738245e-35	3.490936e-39
3.561378e+02	4.718910e-35	3.476764e-39
3.561578e+02	4.699576e-35	3.462591e-39
3.561778e+02	4.680358e-35	3.448504e-39
3.561978e+02	4.661221e-35	3.434475e-39
3.562178e+02	4.642102e-35	3.420460e-39
3.562378e+02	4.623160e-35	3.406574e-39
3.562578e+02	4.604218e-35	3.392687e-39
3.562778e+02	4.585390e-35	3.378884e-39
3.562978e+02	4.566642e-35	3.365139e-39
3.563178e+02	4.547911e-35	3.351407e-39
3.563378e+02	4.529353e-35	3.337800e-39
3.563578e+02	4.510795e-35	3.324194e-39
3.563778e+02	4.492350e-35	3.310670e-39
3.563978e+02	4.473981e-35	3.297202e-39
3.564178e+02	4.455630e-35	3.283747e-39
3.564378e+02	4.437449e-35	3.270416e-39
3.564578e+02	4.419268e-35	3.257084e-39
3.564778e+02	4.401197e-35	3.243833e-39
3.564978e+02	4.383201e-35	3.230637e-39
3.565178e+02	4.365222e-35	3.217453e-39
3.565378e+02	4.347410e-35	3.204391e-39
3.565578e+02	4.329598e-35	3.191328e-39
3.565778e+02	4.311893e-35	3.178345e-39
3.565978e+02	4.294263e-35	3.165415e-39
3.566178e+02	4.276649e-35	3.152498e-39
3.566378e+02	4.259198e-35	3.139699e-39
3.566578e+02	4.241747e-35	3.126900e-39
3.566778e+02	4.224402e-35	3.114179e-39
3.566978e+02	4.207129e-35	3.101510e-39
3.567178e+02	4.189873e-35	3.088853e-39
3.567378e+02	4.172776e-35	3.076313e-39
3.567578e+02	4.155679e-35	3.063772e-39
3.567778e+02	4.138686e-35	3.051308e-39
3.567978e+02	4.121764e-35	3.038895e-39
3.568178e+02	4.104858e-35	3.026493e-39
3.568378e+02	4.088108e-35	3.014206e-39
3.568578e+02	4.071358e-35	3.001919e-39
3.568778e+02	4.054710e-35	2.989706e-39
3.568978e+02	4.038131e-35	2.977543e-39
3.569178e+02	4.021568e-35	2.965393e-39
3.569378e+02	4.005158e-35	2.953353e-39
3.569578e+02	3.988748e-35	2.941314e-39
3.569778e+02	3.972437e-35	2.929348e-39
3.569978e+02	3.956194e-35	2.917431e-39
3.570179e+02	3.939967e-35	2.905525e-39
3.570379e+02	3.923890e-35	2.893729e-39
3.570579e+02	3.907813e-35	2.881933e-39
3.570779e+02	3.891834e-35	2.870208e-39
3.570979e+02	3.875921e-35	2.858531e-39
3.571179e+02	3.860023e-35	2.846866e-39
3.571379e+02	3.844272e-35	2.835308e-39
3.571579e+02	3.828521e-35	2.823750e-39
3.571779e+02	3.812866e-35	2.812262e-39
3.571979e+02	3.797276e-35	2.800821e-39
3.572179e+02	3.781701e-35	2.789391e-39
3.572379e+02	3.766270e-35	2.778066e-39
3.572579e+02	3.750838e-35	2.766742e-39
3.572779e+02	3.735501e-35	2.755485e-39
3.572979e+02	3.720227e-35	2.744275e-39
3.573179e+02	3.704968e-35	2.733076e-39
3.573379e+02	3.689850e-35	2.721980e-39
3.573579e+02	3.674732e-35	2.710884e-39
3.573779e+02	3.659705e-35	2.699855e-39
3.573979e+02	3.644741e-35	2.688871e-39
3.574179e+02	3.629792e-35	2.677898e-39
3.574379e+02	3.614981e-35	2.667026e-39
3.574579e+02	3.600169e-35	2.656154e-39
3.574779e+02	3.585448e-35	2.645348e-39
3.574979e+02	3.570787e-35	2.634586e-39
3.575179e+02	3.556141e-35	2.623834e-39
3.575379e+02	3.541630e-35	2.613182e-39
3.575579e+02	3.527120e-35	2.602529e-39
3.575779e+02	3.512697e-35	2.591941e-39
3.575979e+02	3.498334e-35	2.581396e-39
3.576179e+02	3.483985e-35	2.570862e-39
3.576379e+02	3.469769e-35	2.560424e-39
3.576579e+02	3.455552e-35	2.549986e-39
3.576779e+02	3.441422e-35	2.539612e-39
3.576979e+02	3.427351e-35	2.529280e-39
3.577179e+02	3.413293e-35	2.518958e-39
3.577379e+02	3.399365e-35	2.508731e-39
3.577579e+02	3.385437e-35	2.498504e-39
3.577779e+02	3.371594e-35	2.488339e-39
3.577979e+02	3.357808e-35	2.478216e-39
3.578179e+02	3.344036e-35	2.468103e-39
3.578379e+02	3.330390e-35	2.458082e-39
3.578579e+02	3.316745e-35	2.448061e-39
3.578779e+02	3.303183e-35	2.438102e-39
3.578979e+02	3.289676e-35	2.428183e-39
3.579179e+02	3.276184e-35	2.418274e-39
3.579379e+02	3.262815e-35	2.408455e-39
3.579579e+02	3.249446e-35	2.398637e-39
3.579779e+02	3.236159e-35	2.388878e-39
3.579979e+02	3.222927e-35	2.379159e-39
3.580179e+02	3.209708e-35	2.369450e-39
3.580379e+02	3.196611e-35	2.359830e-39
3.580579e+02	3.183513e-35	2.350210e-39
3.580779e+02	3.170496e-35	2.340648e-39
3.580979e+02	3.157532e-35	2.331126e-39
3.581179e+02	3.144581e-35	2.321613e-39
3.581379e+02	3.131750e-35	2.312187e-39
3.581579e+02	3.118918e-35	2.302761e-39
3.581779e+02	3.106165e-35	2.293392e-39
3.581979e+02	3.093464e-35	2.284062e-39
3.582179e+02	3.080776e-35	2.274741e-39
3.582379e+02	3.068205e-35	2.265505e-39
3.582579e+02	3.055634e-35	2.256269e-39
3.582779e+02	3.043139e-35	2.247090e-39
3.582979e+02	3.030696e-35	2.237948e-39
3.583179e+02	3.018266e-35	2.228815e-39
3.583379e+02	3.005950e-35	2.219766e-39
3.583579e+02	2.993634e-35	2.210717e-39
3.583779e+02	2.981393e-35	2.201722e-39
3.583979e+02	2.969202e-35	2.192765e-39
3.584179e+02	2.957024e-35	2.183816e-39
3.584379e+02	2.944958e-35	2.174950e-39
3.584579e+02	2.932891e-35	2.166083e-39
3.584779e+02	2.920899e-35	2.157271e-39
3.584979e+02	2.908956e-35	2.148494e-39
3.585179e+02	2.897025e-35	2.139726e-39
3.585379e+02	2.885203e-35	2.131039e-39
3.585579e+02	2.873382e-35	2.122351e-39
3.585779e+02	2.861633e-35	2.113716e-39
3.585979e+02	2.849932e-35	2.105117e-39
3.586179e+02	2.838243e-35	2.096526e-39
3.586379e+02	2.826661e-35	2.088014e-39
3.586579e+02	2.815079e-35	2.079502e-39
3.586779e+02	2.803569e-35	2.071041e-39
3.586979e+02	2.792105e-35	2.062615e-39
3.587179e+02	2.780653e-35	2.054198e-39
3.587379e+02	2.769307e-35	2.045857e-39
3.587579e+02	2.757960e-35	2.037517e-39
3.587779e+02	2.746683e-35	2.029227e-39
3.587979e+02	2.735452e-35	2.020972e-39
3.588179e+02	2.724233e-35	2.012724e-39
3.588379e+02	2.713116e-35	2.004552e-39
3.588579e+02	2.702000e-35	1.996380e-39
3.588779e+02	2.690952e-35	1.988258e-39
3.588979e+02	2.679949e-35	1.980169e-39
3.589179e+02	2.668957e-35	1.972088e-39
3.589379e+02	2.658066e-35	1.964081e-39
3.589579e+02	2.647175e-35	1.956074e-39
3.589779e+02	2.636351e-35	1.948115e-39
3.589979e+02	2.625571e-35	1.940190e-39
3.590180e+02	2.614803e-35	1.932272e-39
3.590380e+02	2.604133e-35	1.924426e-39
3.590580e+02	2.593463e-35	1.916581e-39
3.590780e+02	2.582859e-35	1.908783e-39
3.590980e+02	2.572298e-35	1.901017e-39
3.591180e+02	2.561747e-35	1.893259e-39
3.591380e+02	2.551294e-35	1.885572e-39
3.591580e+02	2.540841e-35	1.877885e-39
3.591780e+02	2.530451e-35	1.870245e-39
3.591980e+02	2.520105e-35	1.862636e-39
3.592180e+02	2.509769e-35	1.855035e-39
3.592380e+02	2.499527e-35	1.847503e-39
3.592580e+02	2.489286e-35	1.839971e-39
3.592780e+02	2.479108e-35	1.832485e-39
3.592980e+02	2.468971e-35	1.825029e-39
3.593180e+02	2.458844e-35	1.817582e-39
3.593380e+02	2.448811e-35	1.810202e-39
3.593580e+02	2.438778e-35	1.802822e-39
3.593780e+02	2.428806e-35	1.795487e-39
3.593980e+02	2.418875e-35	1.788182e-39
3.594180e+02	2.408954e-35	1.780885e-39
3.594380e+02	2.399124e-35	1.773654e-39
3.594580e+02	2.389294e-35	1.766423e-39
3.594780e+02	2.379524e-35	1.759236e-39
3.594980e+02	2.369795e-35	1.752079e-39
3.595180e+02	2.360075e-35	1.744928e-39
3.595380e+02	2.350445e-35	1.737843e-39
3.595580e+02	2.340814e-35	1.730759e-39
3.595780e+02	2.331243e-35	1.723717e-39
3.595980e+02	2.321711e-35	1.716704e-39
3.596180e+02	2.312188e-35	1.709698e-39
3.596380e+02	2.302753e-35	1.702756e-39
3.596580e+02	2.293318e-35	1.695814e-39
3.596780e+02	2.283941e-35	1.688915e-39
3.596980e+02	2.274602e-35	1.682043e-39
3.597180e+02	2.265273e-35	1.675179e-39
3.597380e+02	2.256030e-35	1.668377e-39
3.597580e+02	2.246786e-35	1.661575e-39
3.597780e+02	2.237599e-35	1.654815e-39
3.597980e+02	2.228450e-35	1.648082e-39
3.598180e+02	2.219310e-35	1.641357e-39
3.598380e+02	2.210254e-35	1.634692e-39
3.598580e+02	2.201198e-35	1.628028e-39
3.598780e+02	2.192198e-35	1.621404e-39
3.598980e+02	2.183234e-35	1.614807e-39
3.599180e+02	2.174280e-35	1.608217e-39
3.599380e+02	2.165408e-35	1.601687e-39
3.599580e+02	2.156535e-35	1.595157e-39
3.599780e+02	2.147717e-35	1.588667e-39
3.599980e+02	2.138936e-35	1.582204e-39
3.600180e+02	2.130163e-35	1.575747e-39
3.600380e+02	2.121471e-35	1.569349e-39
3.600580e+02	2.112779e-35	1.562951e-39
3.600780e+02	2.104140e-35	1.556592e-39
3.600980e+02	2.095536e-35	1.550258e-39
3.601180e+02	2.086941e-35	1.543932e-39
3.601380e+02	2.078426e-35	1.537663e-39
3.601580e+02	2.069910e-35	1.531394e-39
3.601780e+02	2.061446e-35	1.525163e-39
3.601980e+02	2.053017e-35	1.518958e-39
3.602180e+02	2.044597e-35	1.512759e-39
3.602380e+02	2.036254e-35	1.506617e-39
3.602580e+02	2.027911e-35	1.500474e-39
3.602780e+02	2.019619e-35	1.494370e-39
3.602980e+02	2.011361e-35	1.488289e-39
3.603180e+02	2.003111e-35	1.482216e-39
3.603380e+02	1.994938e-35	1.476197e-39
3.603580e+02	1.986764e-35	1.470179e-39
3.603780e+02	1.978640e-35	1.464197e-39
3.603980e+02	1.970550e-35	1.458240e-39
3.604180e+02	1.962468e-35	1.452289e-39
3.604380e+02	1.954460e-35	1.446392e-39
3.604580e+02	1.946452e-35	1.440495e-39
3.604780e+02	1.938493e-35	1.434634e-39
3.604980e+02	1.930567e-35	1.428797e-39
3.605180e+02	1.922649e-35	1.422966e-39
3.605380e+02	1.914803e-35	1.417189e-39
3.605580e+02	1.906958e-35	1.411411e-39
3.605780e+02	1.899161e-35	1.405668e-39
3.605980e+02	1.891395e-35	1.399949e-39
3.606180e+02	1.883638e-35	1.394236e-39
3.606380e+02	1.875952e-35	1.388575e-39
3.606580e+02	1.868265e-35	1.382913e-39
3.606780e+02	1.860626e-35	1.377287e-39
3.606980e+02	1.853018e-35	1.371683e-39
3.607180e+02	1.845419e-35	1.366085e-39
3.607380e+02	1.837888e-35	1.360538e-39
3.607580e+02	1.830358e-35	1.354991e-39
3.607780e+02	1.822874e-35	1.349478e-39
3.607980e+02	1.815420e-35	1.343988e-39
3.608180e+02	1.807975e-35	1.338503e-39
3.608380e+02	1.800597e-35	1.333068e-39
3.608580e+02	1.793219e-35	1.327633e-39
3.608780e+02	1.785887e-35	1.322231e-39
3.608980e+02	1.778585e-35	1.316852e-39
3.609180e+02	1.771291e-35	1.311477e-39
3.609380e+02	1.764063e-35	1.306152e-39
3.609580e+02	1.756835e-35	1.300827e-39
3.609780e+02	1.749651e-35	1.295534e-39
3.609980e+02	1.742497e-35	1.290263e-39
3.610181e+02	1.735351e-35	1.284998e-39
3.610381e+02	1.728269e-35	1.279780e-39
3.610581e+02	1.721188e-35	1.274562e-39
3.610781e+02	1.714151e-35	1.269376e-39
3.610981e+02	1.707142e-35	1.264212e-39
3.611181e+02	1.700140e-35	1.259052e-39
3.611381e+02	1.693203e-35	1.253940e-39
3.611581e+02	1.686265e-35	1.248827e-39
3.611781e+02	1.679370e-35	1.243746e-39
3.611981e+02	1.672503e-35	1.238686e-39
3.612181e+02	1.665644e-35	1.233631e-39
3.612381e+02	1.658847e-35	1.228622e-39
3.612581e+02	1.652050e-35	1.223612e-39
3.612781e+02	1.645296e-35	1.218634e-39
3.612981e+02	1.638568e-35	1.213676e-39
3.613181e+02	1.631848e-35	1.208723e-39
3.613381e+02	1.625189e-35	1.203814e-39
3.613581e+02	1.618530e-35	1.198906e-39
3.613781e+02	1.611912e-35	1.194028e-39
3.613981e+02	1.605321e-35	1.189170e-39
3.614181e+02	1.598738e-35	1.184317e-39
3.614381e+02	1.592214e-35	1.179508e-39
3.614581e+02	1.585690e-35	1.174699e-39
3.614781e+02	1.579206e-35	1.169920e-39
3.614981e+02	1.572749e-35	1.165159e-39
3.615181e+02	1.566299e-35	1.160404e-39
3.615381e+02	1.559908e-35	1.155692e-39
3.615581e+02	1.553516e-35	1.150981e-39
3.615781e+02	1.547164e-35	1.146298e-39
3.615981e+02	1.540838e-35	1.141634e-39
3.616181e+02	1.534519e-35	1.136974e-39
3.616381e+02	1.528257e-35	1.132358e-39
3.616581e+02	1.521995e-35	1.127741e-39
3.616781e+02	1.515772e-35	1.123152e-39
3.616981e+02	1.509574e-35	1.118583e-39
3.617181e+02	1.503383e-35	1.114018e-39
3.617381e+02	1.497248e-35	1.109494e-39
3.617581e+02	1.491114e-35	1.104970e-39
3.617781e+02	1.485017e-35	1.100475e-39
3.617981e+02	1.478945e-35	1.095997e-39
3.618181e+02	1.472879e-35	1.091524e-39
3.618381e+02	1.466869e-35	1.087092e-39
3.618581e+02	1.460859e-35	1.082660e-39
3.618781e+02	1.454886e-35	1.078255e-39
3.618981e+02	1.448937e-35	1.073867e-39
3.619181e+02	1.442994e-35	1.069485e-39
3.619381e+02	1.437106e-35	1.065142e-39
3.619581e+02	1.431218e-35	1.060799e-39
3.619781e+02	1.425366e-35	1.056483e-39
3.619981e+02	1.419538e-35	1.052184e-39
3.620181e+02	1.413716e-35	1.047890e-39
3.620381e+02	1.407947e-35	1.043635e-39
3.620581e+02	1.402178e-35	1.039380e-39
3.620781e+02	1.396445e-35	1.035151e-39
3.620981e+02	1.390735e-35	1.030939e-39
3.621181e+02	1.385032e-35	1.026732e-39
3.621381e+02	1.379380e-35	1.022563e-39
3.621581e+02	1.373728e-35	1.018393e-39
3.621781e+02	1.368111e-35	1.014250e-39
3.621981e+02	1.362517e-35	1.010123e-39
3.622181e+02	1.356929e-35	1.006001e-39
3.622381e+02	1.351392e-35	1.001916e-39
3.622581e+02	1.345855e-35	9.978306e-40
3.622781e+02	1.340352e-35	9.937707e-40
3.622981e+02	1.334872e-35	9.897271e-40
3.623181e+02	1.329397e-35	9.856880e-40
3.623381e+02	1.323972e-35	9.816854e-40
3.623581e+02	1.318548e-35	9.776828e-40
3.623781e+02	1.313157e-35	9.737049e-40
3.623981e+02	1.307787e-35	9.697429e-40
3.624181e+02	1.302424e-35	9.657853e-40
3.624381e+02	1.297109e-35	9.618636e-40
3.624581e+02	1.291794e-35	9.579418e-40
3.624781e+02	1.286513e-35	9.540442e-40
3.624981e+02	1.281252e-35	9.501622e-40
3.625181e+02	1.275997e-35	9.462845e-40
3.625381e+02	1.270791e-35	9.424419e-40
3.625581e+02	1.265584e-35	9.385993e-40
3.625781e+02	1.260409e-35	9.347805e-40
3.625981e+02	1.255256e-35	9.309768e-40
3.626181e+02	1.250108e-35	9.271774e-40
3.626381e+02	1.245006e-35	9.234124e-40
3.626581e+02	1.239905e-35	9.196474e-40
3.626781e+02	1.234836e-35	9.159056e-40
3.626981e+02	1.229786e-35	9.121788e-40
3.627181e+02	1.224743e-35	9.084561e-40
3.627381e+02	1.219745e-35	9.047671e-40
3.627581e+02	1.214747e-35	9.010780e-40
3.627781e+02	1.209781e-35	8.974118e-40
3.627981e+02	1.204834e-35	8.937602e-40
3.628181e+02	1.199893e-35	8.901127e-40
3.628381e+02	1.194997e-35	8.864982e-40
3.628581e+02	1.190100e-35	8.828836e-40
3.628781e+02	1.185234e-35	8.792914e-40
3.628981e+02	1.180388e-35	8.757136e-40
3.629181e+02	1.175547e-35	8.721397e-40
3.629381e+02	1.170750e-35	8.685981e-40
3.629581e+02	1.165953e-35	8.650565e-40
3.629781e+02	1.161186e-35	8.615369e-40
3.629981e+02	1.156438e-35	8.580312e-40
3.630182e+02	1.151695e-35	8.545295e-40
3.630382e+02	1.146996e-35	8.510594e-40
3.630582e+02	1.142296e-35	8.475893e-40
3.630782e+02	1.137626e-35	8.441408e-40
3.630982e+02	1.132974e-35	8.407059e-40
3.631182e+02	1.128327e-35	8.372749e-40
3.631382e+02	1.123723e-35	8.338749e-40
3.631582e+02	1.119119e-35	8.304748e-40
3.631782e+02	1.114543e-35	8.270959e-40
3.631982e+02	1.109986e-35	8.237303e-40
3.632182e+02	1.105434e-35	8.203686e-40
3.632382e+02	1.100923e-35	8.170372e-40
3.632582e+02	1.096412e-35	8.137058e-40
3.632782e+02	1.091929e-35	8.103951e-40
3.632982e+02	1.087464e-35	8.070975e-40
3.633182e+02	1.083005e-35	8.038037e-40
3.633382e+02	1.078585e-35	8.005395e-40
3.633582e+02	1.074166e-35	7.972754e-40
3.633782e+02	1.069774e-35	7.940315e-40
3.633982e+02	1.065400e-35	7.908005e-40
3.634182e+02	1.061031e-35	7.875732e-40
3.634382e+02	1.056701e-35	7.843749e-40
3.634582e+02	1.052371e-35	7.811767e-40
3.634782e+02	1.048069e-35	7.779983e-40
3.634982e+02	1.043783e-35	7.748325e-40
3.635182e+02	1.039502e-35	7.716703e-40
3.635382e+02	1.035261e-35	7.685367e-40
3.635582e+02	1.031019e-35	7.654030e-40
3.635782e+02	1.026803e-35	7.622888e-40
3.635982e+02	1.022605e-35	7.591869e-40
3.636182e+02	1.018411e-35	7.560886e-40
3.636382e+02	1.014255e-35	7.530182e-40
3.636582e+02	1.010099e-35	7.499478e-40
3.636782e+02	1.005970e-35	7.468965e-40
3.636982e+02	1.001856e-35	7.438572e-40
3.637182e+02	9.977475e-36	7.408215e-40
3.637382e+02	9.936761e-36	7.378130e-40
3.637582e+02	9.896046e-36	7.348046e-40
3.637782e+02	9.855586e-36	7.318149e-40
3.637982e+02	9.815287e-36	7.288370e-40
3.638182e+02	9.775034e-36	7.258625e-40
3.638382e+02	9.735145e-36	7.229149e-40
3.638582e+02	9.695257e-36	7.199672e-40
3.638782e+02	9.655618e-36	7.170378e-40
3.638982e+02	9.616136e-36	7.141201e-40
3.639182e+02	9.576700e-36	7.112056e-40
3.639382e+02	9.537621e-36	7.083175e-40
3.639582e+02	9.498542e-36	7.054293e-40
3.639782e+02	9.459707e-36	7.025591e-40
3.639982e+02	9.421026e-36	6.997003e-40
3.640182e+02	9.382390e-36	6.968447e-40
3.640382e+02	9.344104e-36	6.940148e-40
3.640582e+02	9.305818e-36	6.911850e-40
3.640782e+02	9.267771e-36	6.883727e-40
3.640982e+02	9.229875e-36	6.855716e-40
3.641182e+02	9.192023e-36	6.827736e-40
3.641382e+02	9.154514e-36	6.800009e-40
3.641582e+02	9.117004e-36	6.772282e-40
3.641782e+02	9.079730e-36	6.744727e-40
3.641982e+02	9.042603e-36	6.717281e-40
3.642182e+02	9.005519e-36	6.689867e-40
3.642382e+02	8.968770e-36	6.662700e-40
3.642582e+02	8.932022e-36	6.635532e-40
3.642782e+02	8.895504e-36	6.608534e-40
3.642982e+02	8.859130e-36	6.581642e-40
3.643182e+02	8.822798e-36	6.554781e-40
3.643382e+02	8.786796e-36	6.528162e-40
3.643582e+02	8.750793e-36	6.501544e-40
3.643782e+02	8.715016e-36	6.475090e-40
3.643982e+02	8.679380e-36	6.448741e-40
3.644182e+02	8.643786e-36	6.422423e-40
3.644382e+02	8.608513e-36	6.396342e-40
3.644582e+02	8.573241e-36	6.370260e-40
3.644782e+02	8.538190e-36	6.344341e-40
3.644982e+02	8.503277e-36	6.318524e-40
3.645182e+02	8.468405e-36	6.292737e-40
3.645382e+02	8.433848e-36	6.267182e-40
3.645582e+02	8.399292e-36	6.241627e-40
3.645782e+02	8.364952e-36	6.216231e-40
3.645982e+02	8.330747e-36	6.190936e-40
3.646182e+02	8.296583e-36	6.165669e-40
3.646382e+02	8.262728e-36	6.140630e-40
3.646582e+02	8.228872e-36	6.115591e-40
3.646782e+02	8.195229e-36	6.090709e-40
3.646982e+02	8.161719e-36	6.065924e-40
3.647182e+02	8.128247e-36	6.041167e-40
3.647382e+02	8.095079e-36	6.016634e-40
3.647582e+02	8.061910e-36	5.992100e-40
3.647782e+02	8.028950e-36	5.967720e-40
3.647982e+02	7.996119e-36	5.943435e-40
3.648182e+02	7.963327e-36	5.919179e-40
3.648382e+02	7.930832e-36	5.895141e-40
3.648582e+02	7.898336e-36	5.871103e-40
3.648782e+02	7.866044e-36	5.847214e-40
3.648982e+02	7.833880e-36	5.823420e-40
3.649182e+02	7.801753e-36	5.799654e-40
3.649382e+02	7.769917e-36	5.776101e-40
3.649582e+02	7.738081e-36	5.752548e-40
3.649782e+02	7.706444e-36	5.729142e-40
3.649982e+02	7.674933e-36	5.705828e-40
3.650183e+02	7.643458e-36	5.682542e-40
3.650383e+02	7.612268e-36	5.659464e-40
3.650583e+02	7.581077e-36	5.636387e-40
3.650783e+02	7.550083e-36	5.613454e-40
3.650983e+02	7.519210e-36	5.590610e-40
3.651183e+02	7.488374e-36	5.567794e-40
3.651383e+02	7.457817e-36	5.545183e-40
3.651583e+02	7.427259e-36	5.522571e-40
3.651783e+02	7.396894e-36	5.500101e-40
3.651983e+02	7.366648e-36	5.477719e-40
3.652183e+02	7.336438e-36	5.455363e-40
3.652383e+02	7.306500e-36	5.433208e-40
3.652583e+02	7.276562e-36	5.411053e-40
3.652783e+02	7.246813e-36	5.389037e-40
3.652983e+02	7.217181e-36	5.367107e-40
3.653183e+02	7.187583e-36	5.345203e-40
3.653383e+02	7.158253e-36	5.323495e-40
3.653583e+02	7.128923e-36	5.301787e-40
3.653783e+02	7.099777e-36	5.280215e-40
3.653983e+02	7.070746e-36	5.258728e-40
3.654183e+02	7.041750e-36	5.237266e-40
3.654383e+02	7.013015e-36	5.215997e-40
3.654583e+02	6.984280e-36	5.194727e-40
3.654783e+02	6.955725e-36	5.173591e-40
3.654983e+02	6.927283e-36	5.152538e-40
3.655183e+02	6.898875e-36	5.131509e-40
3.655383e+02	6.870723e-36	5.110669e-40
3.655583e+02	6.842571e-36	5.089829e-40
3.655783e+02	6.814596e-36	5.069120e-40
3.655983e+02	6.786731e-36	5.048491e-40
3.656183e+02	6.758899e-36	5.027887e-40
3.656383e+02	6.731318e-36	5.007468e-40
3.656583e+02	6.703737e-36	4.987049e-40
3.656783e+02	6.676330e-36	4.966757e-40
3.656983e+02	6.649030e-36	4.946545e-40
3.657183e+02	6.621763e-36	4.926357e-40
3.657383e+02	6.594742e-36	4.906350e-40
3.657583e+02	6.567721e-36	4.886344e-40
3.657783e+02	6.540870e-36	4.866462e-40
3.657983e+02	6.514124e-36	4.846658e-40
3.658183e+02	6.487410e-36	4.826878e-40
3.658383e+02	6.460937e-36	4.807275e-40
3.658583e+02	6.434464e-36	4.787672e-40
3.658783e+02	6.408158e-36	4.768192e-40
3.658983e+02	6.381955e-36	4.748788e-40
3.659183e+02	6.355783e-36	4.729407e-40
3.659383e+02	6.329847e-36	4.710199e-40
3.659583e+02	6.303911e-36	4.690992e-40
3.659783e+02	6.278139e-36	4.671905e-40
3.659983e+02	6.252467e-36	4.652893e-40
3.660183e+02	6.226827e-36	4.633904e-40
3.660383e+02	6.201417e-36	4.615084e-40
3.660583e+02	6.176007e-36	4.596265e-40
3.660783e+02	6.150758e-36	4.577563e-40
3.660983e+02	6.125607e-36	4.558935e-40
3.661183e+02	6.100487e-36	4.540329e-40
3.661383e+02	6.075593e-36	4.521889e-40
3.661583e+02	6.050698e-36	4.503450e-40
3.661783e+02	6.025961e-36	4.485126e-40
3.661983e+02	6.001321e-36	4.466874e-40
3.662183e+02	5.976710e-36	4.448643e-40
3.662383e+02	5.952321e-36	4.430576e-40
3.662583e+02	5.927932e-36	4.412509e-40
3.662783e+02	5.903697e-36	4.394555e-40
3.662983e+02	5.879557e-36	4.376672e-40
3.663183e+02	5.855445e-36	4.358809e-40
3.663383e+02	5.831551e-36	4.341107e-40
3.663583e+02	5.807657e-36	4.323404e-40
3.663783e+02	5.783913e-36	4.305813e-40
3.663983e+02	5.760263e-36	4.288291e-40
3.664183e+02	5.736641e-36	4.270789e-40
3.664383e+02	5.713231e-36	4.253444e-40
3.664583e+02	5.689822e-36	4.236099e-40
3.664783e+02	5.666560e-36	4.218863e-40
3.664983e+02	5.643390e-36	4.201694e-40
3.665183e+02	5.620247e-36	4.184546e-40
3.665383e+02	5.597312e-36	4.167551e-40
3.665583e+02	5.574378e-36	4.150556e-40
3.665783e+02	5.551588e-36	4.133668e-40
3.665983e+02	5.528888e-36	4.116846e-40
3.666183e+02	5.506215e-36	4.100044e-40
3.666383e+02	5.483745e-36	4.083393e-40
3.666583e+02	5.461276e-36	4.066741e-40
3.666783e+02	5.438949e-36	4.050194e-40
3.666983e+02	5.416709e-36	4.033711e-40
3.667183e+02	5.394496e-36	4.017249e-40
3.667383e+02	5.372483e-36	4.000933e-40
3.667583e+02	5.350469e-36	3.984618e-40
3.667783e+02	5.328595e-36	3.968405e-40
3.667983e+02	5.306806e-36	3.952255e-40
3.668183e+02	5.285044e-36	3.936125e-40
3.668383e+02	5.263478e-36	3.920139e-40
3.668583e+02	5.241911e-36	3.904153e-40
3.668783e+02	5.220481e-36	3.888267e-40
3.668983e+02	5.199134e-36	3.872444e-40
3.669183e+02	5.177813e-36	3.856639e-40
3.669383e+02	5.156684e-36	3.840976e-40
3.669583e+02	5.135555e-36	3.825313e-40
3.669783e+02	5.114560e-36	3.809748e-40
3.669983e+02	5.093646e-36	3.794244e-40
3.670184e+02	5.072758e-36	3.778758e-40
3.670384e+02	5.052058e-36	3.763411e-40
3.670584e+02	5.031357e-36	3.748064e-40
3.670784e+02	5.010788e-36	3.732814e-40
3.670984e+02	4.990298e-36	3.717623e-40
3.671184e+02	4.969834e-36	3.702450e-40
3.671384e+02	4.949554e-36	3.687413e-40
3.671584e+02	4.929273e-36	3.672376e-40
3.671784e+02	4.909121e-36	3.657433e-40
3.671984e+02	4.889048e-36	3.642549e-40
3.672184e+02	4.868999e-36	3.627682e-40
3.672384e+02	4.849130e-36	3.612949e-40
3.672584e+02	4.829261e-36	3.598215e-40
3.672784e+02	4.809518e-36	3.583575e-40
3.672984e+02	4.789851e-36	3.568991e-40
3.673184e+02	4.770209e-36	3.554425e-40
3.673384e+02	4.750744e-36	3.539989e-40
3.673584e+02	4.731278e-36	3.525553e-40
3.673784e+02	4.711935e-36	3.511208e-40
3.673984e+02	4.692668e-36	3.496918e-40
3.674184e+02	4.673424e-36	3.482646e-40
3.674384e+02	4.654354e-36	3.468501e-40
3.674584e+02	4.635283e-36	3.454357e-40
3.674784e+02	4.616333e-36	3.440302e-40
3.674984e+02	4.597456e-36	3.426300e-40
3.675184e+02	4.578603e-36	3.412317e-40
3.675384e+02	4.559919e-36	3.398458e-40
3.675584e+02	4.541235e-36	3.384599e-40
3.675784e+02	4.522670e-36	3.370827e-40
3.675984e+02	4.504176e-36	3.357109e-40
3.676184e+02	4.485706e-36	3.343407e-40
3.676384e+02	4.467401e-36	3.329828e-40
3.676584e+02	4.449096e-36	3.316249e-40
3.676784e+02	4.430907e-36	3.302756e-40
3.676984e+02	4.412789e-36	3.289314e-40
3.677184e+02	4.394693e-36	3.275890e-40
3.677384e+02	4.376760e-36	3.262585e-40
3.677584e+02	4.358827e-36	3.249280e-40
3.677784e+02	4.341007e-36	3.236059e-40
3.677984e+02	4.323256e-36	3.222889e-40
3.678184e+02	4.305528e-36	3.209735e-40
3.678384e+02	4.287958e-36	3.196699e-40
3.678584e+02	4.270388e-36	3.183662e-40
3.678784e+02	4.252930e-36	3.170708e-40
3.678984e+02	4.235540e-36	3.157804e-40
3.679184e+02	4.218171e-36	3.144916e-40
3.679384e+02	4.200958e-36	3.132143e-40
3.679584e+02	4.183745e-36	3.119370e-40
3.679784e+02	4.166641e-36	3.106678e-40
3.679984e+02	4.149603e-36	3.094034e-40
3.680184e+02	4.132587e-36	3.081407e-40
3.680384e+02	4.115723e-36	3.068891e-40
3.680584e+02	4.098859e-36	3.056376e-40
3.680784e+02	4.082102e-36	3.043940e-40
3.680984e+02	4.065410e-36	3.031552e-40
3.681184e+02	4.048739e-36	3.019179e-40
3.681384e+02	4.032217e-36	3.006916e-40
3.681584e+02	4.015696e-36	2.994654e-40
3.681784e+02	3.999279e-36	2.982469e-40
3.681984e+02	3.982926e-36	2.970331e-40
3.682184e+02	3.966593e-36	2.958208e-40
3.682384e+02	3.950406e-36	2.946193e-40
3.682584e+02	3.934220e-36	2.934178e-40
3.682784e+02	3.918136e-36	2.922239e-40
3.682984e+02	3.902115e-36	2.910346e-40
3.683184e+02	3.886113e-36	2.898468e-40
3.683384e+02	3.870255e-36	2.886696e-40
3.683584e+02	3.854397e-36	2.874923e-40
3.683784e+02	3.838640e-36	2.863226e-40
3.683984e+02	3.822943e-36	2.851573e-40
3.684184e+02	3.807266e-36	2.839935e-40
3.684384e+02	3.791730e-36	2.828400e-40
3.684584e+02	3.776194e-36	2.816865e-40
3.684784e+02	3.760756e-36	2.805404e-40
3.684984e+02	3.745378e-36	2.793986e-40
3.685184e+02	3.730020e-36	2.782583e-40
3.685384e+02	3.714798e-36	2.771281e-40
3.685584e+02	3.699577e-36	2.759979e-40
3.685784e+02	3.684453e-36	2.748749e-40
3.685984e+02	3.669387e-36	2.737562e-40
3.686184e+02	3.654340e-36	2.726389e-40
3.686384e+02	3.639428e-36	2.715316e-40
3.686584e+02	3.624515e-36	2.704242e-40
3.686784e+02	3.609698e-36	2.693239e-40
3.686984e+02	3.594937e-36	2.682278e-40
3.687184e+02	3.580196e-36	2.671330e-40
3.687384e+02	3.565586e-36	2.660480e-40
3.687584e+02	3.550976e-36	2.649630e-40
3.687784e+02	3.536459e-36	2.638849e-40
3.687984e+02	3.521999e-36	2.628109e-40
3.688184e+02	3.507556e-36	2.617383e-40
3.688384e+02	3.493243e-36	2.606752e-40
3.688584e+02	3.478929e-36	2.596121e-40
3.688784e+02	3.464707e-36	2.585558e-40
3.688984e+02	3.450540e-36	2.575035e-40
3.689184e+02	3.436390e-36	2.564525e-40
3.689384e+02	3.422367e-36	2.554109e-40
3.689584e+02	3.408344e-36	2.543693e-40
3.689784e+02	3.394411e-36	2.533343e-40
3.689984e+02	3.380531e-36	2.523032e-40
3.690185e+02	3.366668e-36	2.512735e-40
3.690385e+02	3.352930e-36	2.502529e-40
3.690585e+02	3.339191e-36	2.492323e-40
3.690785e+02	3.325540e-36	2.482182e-40
3.690985e+02	3.311942e-36	2.472080e-40
3.691185e+02	3.298361e-36	2.461990e-40
3.691385e+02	3.284901e-36	2.451990e-40
3.691585e+02	3.271442e-36	2.441990e-40
3.691785e+02	3.258068e-36	2.432054e-40
3.691985e+02	3.244745e-36	2.422156e-40
3.692185e+02	3.231440e-36	2.412270e-40
3.692385e+02	3.218253e-36	2.402472e-40
3.692585e+02	3.205066e-36	2.392674e-40
3.692785e+02	3.191964e-36	2.382939e-40
3.692985e+02	3.178912e-36	2.373240e-40
3.693185e+02	3.165876e-36	2.363554e-40
3.693385e+02	3.152957e-36	2.353954e-40
3.693585e+02	3.140038e-36	2.344354e-40
3.693785e+02	3.127201e-36	2.334815e-40
3.693985e+02	3.114414e-36	2.325312e-40
3.694185e+02	3.101643e-36	2.315822e-40
3.694385e+02	3.088986e-36	2.306415e-40
3.694585e+02	3.076329e-36	2.297009e-40
3.694785e+02	3.063753e-36	2.287663e-40
3.694985e+02	3.051225e-36	2.278352e-40
3.695185e+02	3.038713e-36	2.269053e-40
3.695385e+02	3.026313e-36	2.259837e-40
3.695585e+02	3.013913e-36	2.250621e-40
3.695785e+02	3.001592e-36	2.241463e-40
3.695985e+02	2.989318e-36	2.232340e-40
3.696185e+02	2.977060e-36	2.223229e-40
3.696385e+02	2.964911e-36	2.214199e-40
3.696585e+02	2.952763e-36	2.205169e-40
3.696785e+02	2.940692e-36	2.196196e-40
3.696985e+02	2.928667e-36	2.187257e-40
3.697185e+02	2.916658e-36	2.178330e-40
3.697385e+02	2.904755e-36	2.169482e-40
3.697585e+02	2.892853e-36	2.160635e-40
3.697785e+02	2.881027e-36	2.151843e-40
3.697985e+02	2.869246e-36	2.143085e-40
3.698185e+02	2.857481e-36	2.134338e-40
3.698385e+02	2.845820e-36	2.125669e-40
3.698585e+02	2.834160e-36	2.117000e-40
3.698785e+02	2.822574e-36	2.108386e-40
3.698985e+02	2.811032e-36	2.099804e-40
3.699185e+02	2.799505e-36	2.091234e-40
3.699385e+02	2.788081e-36	2.082740e-40
3.699585e+02	2.776657e-36	2.074246e-40
3.699785e+02	2.765306e-36	2.065806e-40
3.699985e+02	2.753998e-36	2.057398e-40
3.700185e+02	2.742705e-36	2.049001e-40
3.700385e+02	2.731513e-36	2.040678e-40
3.700585e+02	2.720321e-36	2.032356e-40
3.700785e+02	2.709200e-36	2.024086e-40
3.700985e+02	2.698122e-36	2.015848e-40
3.701185e+02	2.687058e-36	2.007620e-40
3.701385e+02	2.676093e-36	1.999466e-40
3.701585e+02	2.665128e-36	1.991311e-40
3.701785e+02	2.654233e-36	1.983208e-40
3.701985e+02	2.643379e-36	1.975137e-40
3.702185e+02	2.632540e-36	1.967075e-40
3.702385e+02	2.621797e-36	1.959085e-40
3.702585e+02	2.611054e-36	1.951095e-40
3.702785e+02	2.600380e-36	1.943156e-40
3.702985e+02	2.589747e-36	1.935247e-40
3.703185e+02	2.579128e-36	1.927349e-40
3.703385e+02	2.568603e-36	1.919520e-40
3.703585e+02	2.558078e-36	1.911692e-40
3.703785e+02	2.547621e-36	1.903913e-40
3.703985e+02	2.537203e-36	1.896164e-40
3.704185e+02	2.526800e-36	1.888425e-40
3.704385e+02	2.516488e-36	1.880754e-40
3.704585e+02	2.506177e-36	1.873084e-40
3.704785e+02	2.495932e-36	1.865462e-40
3.704985e+02	2.485726e-36	1.857870e-40
3.705185e+02	2.475533e-36	1.850287e-40
3.705385e+02	2.465431e-36	1.842771e-40
3.705585e+02	2.455329e-36	1.835256e-40
3.705785e+02	2.445292e-36	1.827788e-40
3.705985e+02	2.435293e-36	1.820348e-40
3.706185e+02	2.425307e-36	1.812919e-40
3.706385e+02	2.415410e-36	1.805555e-40
3.706585e+02	2.405512e-36	1.798191e-40
3.706785e+02	2.395679e-36	1.790874e-40
3.706985e+02	2.385883e-36	1.783585e-40
3.707185e+02	2.376099e-36	1.776306e-40
3.707385e+02	2.366403e-36	1.769090e-40
3.707585e+02	2.356707e-36	1.761875e-40
3.707785e+02	2.347073e-36	1.754706e-40
3.707985e+02	2.337475e-36	1.747564e-40
3.708185e+02	2.327890e-36	1.740432e-40
3.708385e+02	2.318391e-36	1.733362e-40
3.708585e+02	2.308891e-36	1.726293e-40
3.708785e+02	2.299453e-36	1.719268e-40
3.708985e+02	2.290050e-36	1.712270e-40
3.709185e+02	2.280660e-36	1.705282e-40
3.709385e+02	2.271353e-36	1.698355e-40
3.709585e+02	2.262046e-36	1.691428e-40
3.709785e+02	2.252799e-36	1.684546e-40
3.709985e+02	2.243587e-36	1.677690e-40
3.710186e+02	2.234387e-36	1.670842e-40
3.710386e+02	2.225269e-36	1.664055e-40
3.710586e+02	2.216151e-36	1.657268e-40
3.710786e+02	2.207092e-36	1.650525e-40
3.710986e+02	2.198067e-36	1.643807e-40
3.711186e+02	2.189054e-36	1.637098e-40
3.711386e+02	2.180121e-36	1.630448e-40
3.711586e+02	2.171187e-36	1.623798e-40
3.711786e+02	2.162312e-36	1.617191e-40
3.711986e+02	2.153470e-36	1.610609e-40
3.712186e+02	2.144640e-36	1.604035e-40
3.712386e+02	2.135888e-36	1.597519e-40
3.712586e+02	2.127136e-36	1.591004e-40
3.712786e+02	2.118441e-36	1.584530e-40
3.712986e+02	2.109778e-36	1.578081e-40
3.713186e+02	2.101127e-36	1.571640e-40
3.713386e+02	2.092553e-36	1.565256e-40
3.713586e+02	2.083979e-36	1.558872e-40
3.713786e+02	2.075460e-36	1.552529e-40
3.713986e+02	2.066973e-36	1.546209e-40
3.714186e+02	2.058497e-36	1.539899e-40
3.714386e+02	2.050097e-36	1.533644e-40
3.714586e+02	2.041697e-36	1.527388e-40
3.714786e+02	2.033350e-36	1.521173e-40
3.714986e+02	2.025036e-36	1.514982e-40
3.715186e+02	2.016732e-36	1.508799e-40
3.715386e+02	2.008502e-36	1.502670e-40
3.715586e+02	2.000273e-36	1.496541e-40
3.715786e+02	1.992096e-36	1.490451e-40
3.715986e+02	1.983950e-36	1.484385e-40
3.716186e+02	1.975815e-36	1.478326e-40
3.716386e+02	1.967752e-36	1.472321e-40
3.716586e+02	1.959689e-36	1.466316e-40
3.716786e+02	1.951678e-36	1.460350e-40
3.716986e+02	1.943697e-36	1.454406e-40
3.717186e+02	1.935728e-36	1.448470e-40
3.717386e+02	1.927828e-36	1.442586e-40
3.717586e+02	1.919929e-36	1.436702e-40
3.717786e+02	1.912081e-36	1.430856e-40
3.717986e+02	1.904262e-36	1.425032e-40
3.718186e+02	1.896454e-36	1.419216e-40
3.718386e+02	1.888715e-36	1.413451e-40
3.718586e+02	1.880975e-36	1.407686e-40
3.718786e+02	1.873286e-36	1.401958e-40
3.718986e+02	1.865626e-36	1.396252e-40
3.719186e+02	1.857976e-36	1.390553e-40
3.719386e+02	1.850394e-36	1.384904e-40
3.719586e+02	1.842812e-36	1.379256e-40
3.719786e+02	1.835279e-36	1.373644e-40
3.719986e+02	1.827775e-36	1.368052e-40
3.720186e+02	1.820280e-36	1.362469e-40
3.720386e+02	1.812852e-36	1.356934e-40
3.720586e+02	1.805424e-36	1.351400e-40
3.720786e+02	1.798043e-36	1.345901e-40
3.720986e+02	1.790691e-36	1.340423e-40
3.721186e+02	1.783348e-36	1.334952e-40
3.721386e+02	1.776071e-36	1.329529e-40
3.721586e+02	1.768793e-36	1.324106e-40
3.721786e+02	1.761563e-36	1.318718e-40
3.721986e+02	1.754360e-36	1.313351e-40
3.722186e+02	1.747166e-36	1.307990e-40
3.722386e+02	1.740036e-36	1.302677e-40
3.722586e+02	1.732906e-36	1.297364e-40
3.722786e+02	1.725823e-36	1.292085e-40
3.722986e+02	1.718766e-36	1.286825e-40
3.723186e+02	1.711718e-36	1.281573e-40
3.723386e+02	1.704733e-36	1.276367e-40
3.723586e+02	1.697748e-36	1.271161e-40
3.723786e+02	1.690808e-36	1.265989e-40
3.723986e+02	1.683894e-36	1.260836e-40
3.724186e+02	1.676989e-36	1.255690e-40
3.724386e+02	1.670146e-36	1.250589e-40
3.724586e+02	1.663302e-36	1.245488e-40
3.724786e+02	1.656503e-36	1.240420e-40
3.724986e+02	1.649729e-36	1.235371e-40
3.725186e+02	1.642965e-36	1.230329e-40
3.725386e+02	1.636260e-36	1.225331e-40
3.725586e+02	1.629556e-36	1.220333e-40
3.725786e+02	1.622894e-36	1.215368e-40
3.725986e+02	1.616258e-36	1.210421e-40
3.726186e+02	1.609631e-36	1.205480e-40
3.726386e+02	1.603062e-36	1.200584e-40
3.726586e+02	1.596494e-36	1.195687e-40
3.726786e+02	1.589968e-36	1.190821e-40
3.726986e+02	1.583466e-36	1.185974e-40
3.727186e+02	1.576973e-36	1.181134e-40
3.727386e+02	1.570538e-36	1.176336e-40
3.727586e+02	1.564103e-36	1.171538e-40
3.727786e+02	1.557709e-36	1.166771e-40
3.727986e+02	1.551339e-36	1.162021e-40
3.728186e+02	1.544978e-36	1.157278e-40
3.728386e+02	1.538673e-36	1.152577e-40
3.728586e+02	1.532369e-36	1.147876e-40
3.728786e+02	1.526105e-36	1.143205e-40
3.728986e+02	1.519864e-36	1.138552e-40
3.729186e+02	1.513632e-36	1.133905e-40
3.729386e+02	1.507455e-36	1.129299e-40
3.729586e+02	1.501279e-36	1.124693e-40
3.729786e+02	1.495142e-36	1.120116e-40
3.729986e+02	1.489028e-36	1.115557e-40
3.730187e+02	1.482922e-36	1.111004e-40
3.730387e+02	1.476871e-36	1.106491e-40
3.730587e+02	1.470819e-36	1.101977e-40
3.730787e+02	1.464807e-36	1.097493e-40
3.730987e+02	1.458817e-36	1.093026e-40
3.731187e+02	1.452836e-36	1.088565e-40
3.731387e+02	1.446907e-36	1.084143e-40
3.731587e+02	1.440978e-36	1.079721e-40
3.731787e+02	1.435088e-36	1.075327e-40
3.731987e+02	1.429219e-36	1.070950e-40
3.732187e+02	1.423359e-36	1.066579e-40
3.732387e+02	1.417551e-36	1.062246e-40
3.732587e+02	1.411742e-36	1.057914e-40
3.732787e+02	1.405972e-36	1.053609e-40
3.732987e+02	1.400222e-36	1.049320e-40
3.733187e+02	1.394481e-36	1.045037e-40
3.733387e+02	1.388790e-36	1.040792e-40
3.733587e+02	1.383100e-36	1.036547e-40
3.733787e+02	1.377446e-36	1.032329e-40
3.733987e+02	1.371813e-36	1.028127e-40
3.734187e+02	1.366189e-36	1.023931e-40
3.734387e+02	1.360613e-36	1.019771e-40
3.734587e+02	1.355038e-36	1.015612e-40
3.734787e+02	1.349499e-36	1.011479e-40
3.734987e+02	1.343981e-36	1.007362e-40
3.735187e+02	1.338470e-36	1.003250e-40
3.735387e+02	1.333008e-36	9.991745e-41
3.735587e+02	1.327546e-36	9.950990e-41
3.735787e+02	1.322120e-36	9.910499e-41
3.735987e+02	1.316713e-36	9.870157e-41
3.736187e+02	1.311314e-36	9.829872e-41
3.736387e+02	1.305963e-36	9.789940e-41
3.736587e+02	1.300612e-36	9.750008e-41
3.736787e+02	1.295295e-36	9.710334e-41
3.736987e+02	1.289999e-36	9.670807e-41
3.737187e+02	1.284709e-36	9.631335e-41
3.737387e+02	1.279467e-36	9.592210e-41
3.737587e+02	1.274224e-36	9.553084e-41
3.737787e+02	1.269015e-36	9.514211e-41
3.737987e+02	1.263826e-36	9.475483e-41
3.738187e+02	1.258644e-36	9.436808e-41
3.738387e+02	1.253508e-36	9.398473e-41
3.738587e+02	1.248372e-36	9.360137e-41
3.738787e+02	1.243269e-36	9.322050e-41
3.738987e+02	1.238185e-36	9.284103e-41
3.739187e+02	1.233108e-36	9.246210e-41
3.739387e+02	1.228076e-36	9.208648e-41
3.739587e+02	1.223044e-36	9.171087e-41
3.739787e+02	1.218044e-36	9.133769e-41
3.739987e+02	1.213063e-36	9.096588e-41
3.740187e+02	1.208090e-36	9.059460e-41
3.740387e+02	1.203160e-36	9.022657e-41
3.740587e+02	1.198230e-36	8.985855e-41
3.740787e+02	1.193332e-36	8.949290e-41
3.740987e+02	1.188452e-36	8.912861e-41
3.741187e+02	1.183579e-36	8.876482e-41
3.741387e+02	1.178749e-36	8.840423e-41
3.741587e+02	1.173919e-36	8.804363e-41
3.741787e+02	1.169120e-36	8.768537e-41
3.741987e+02	1.164340e-36	8.732843e-41
3.742187e+02	1.159566e-36	8.697200e-41
3.742387e+02	1.154834e-36	8.661868e-41
3.742587e+02	1.150102e-36	8.626537e-41
3.742787e+02	1.145400e-36	8.591434e-41
3.742987e+02	1.140717e-36	8.556461e-41
3.743187e+02	1.136040e-36	8.521538e-41
3.743387e+02	1.131404e-36	8.486920e-41
3.743587e+02	1.126768e-36	8.452302e-41
3.743787e+02	1.122162e-36	8.417908e-41
3.743987e+02	1.117573e-36	8.383641e-41
3.744187e+02	1.112991e-36	8.349423e-41
3.744387e+02	1.108449e-36	8.315504e-41
3.744587e+02	1.103907e-36	8.281585e-41
3.744787e+02	1.099395e-36	8.247886e-41
3.744987e+02	1.094899e-36	8.214312e-41
3.745187e+02	1.090410e-36	8.180784e-41
3.745387e+02	1.085960e-36	8.147550e-41
3.745587e+02	1.081510e-36	8.114316e-41
3.745787e+02	1.077089e-36	8.081298e-41
3.745987e+02	1.072685e-36	8.048401e-41
3.746187e+02	1.068287e-36	8.015551e-41
3.746387e+02	1.063927e-36	7.982989e-41
3.746587e+02	1.059568e-36	7.950426e-41
3.746787e+02	1.055236e-36	7.918074e-41
3.746987e+02	1.050921e-36	7.885842e-41
3.747187e+02	1.046612e-36	7.853655e-41
3.747387e+02	1.042341e-36	7.821750e-41
3.747587e+02	1.038070e-36	7.789845e-41
3.747787e+02	1.033827e-36	7.758147e-41
3.747987e+02	1.029600e-36	7.726566e-41
3.748187e+02	1.025378e-36	7.695029e-41
3.748387e+02	1.021194e-36	7.663768e-41
3.748587e+02	1.017009e-36	7.632507e-41
3.748787e+02	1.012852e-36	7.601449e-41
3.748987e+02	1.008710e-36	7.570506e-41
3.749187e+02	1.004575e-36	7.539606e-41
3.749387e+02	1.000475e-36	7.508976e-41
3.749587e+02	9.963755e-37	7.478347e-41
3.749787e+02	9.923027e-37	7.447916e-41
3.749987e+02	9.882450e-37	7.417598e-41
3.750188e+02	9.841931e-37	7.387322e-41
3.750388e+02	9.801767e-37	7.357311e-41
3.750588e+02	9.761604e-37	7.327300e-41
3.750788e+02	9.721703e-37	7.297484e-41
3.750988e+02	9.681949e-37	7.267778e-41
3.751188e+02	9.642252e-37	7.238113e-41
3.751388e+02	9.602903e-37	7.208708e-41
3.751588e+02	9.563554e-37	7.179303e-41
3.751788e+02	9.524463e-37	7.150090e-41
3.751988e+02	9.485515e-37	7.120983e-41
3.752188e+02	9.446623e-37	7.091918e-41
3.752388e+02	9.408073e-37	7.063107e-41
3.752588e+02	9.369523e-37	7.034296e-41
3.752788e+02	9.331224e-37	7.005672e-41
3.752988e+02	9.293067e-37	6.977153e-41
3.753188e+02	9.254964e-37	6.948676e-41
3.753388e+02	9.217196e-37	6.920446e-41
3.753588e+02	9.179428e-37	6.892217e-41
3.753788e+02	9.141907e-37	6.864171e-41
3.753988e+02	9.104523e-37	6.836228e-41
3.754188e+02	9.067194e-37	6.808326e-41
3.754388e+02	9.030192e-37	6.780666e-41
3.754588e+02	8.993190e-37	6.753007e-41
3.754788e+02	8.956430e-37	6.725528e-41
3.754988e+02	8.919805e-37	6.698150e-41
3.755188e+02	8.883233e-37	6.670810e-41
3.755388e+02	8.846982e-37	6.643710e-41
3.755588e+02	8.810731e-37	6.616609e-41
3.755788e+02	8.774717e-37	6.589685e-41
3.755988e+02	8.738835e-37	6.562859e-41
3.756188e+02	8.703005e-37	6.536072e-41
3.756388e+02	8.667489e-37	6.509519e-41
3.756588e+02	8.631973e-37	6.482965e-41
3.756788e+02	8.596690e-37	6.456585e-41
3.756988e+02	8.561536e-37	6.430301e-41
3.757188e+02	8.526434e-37	6.404055e-41
3.757388e+02	8.491638e-37	6.378038e-41
3.757588e+02	8.456843e-37	6.352021e-41
3.757788e+02	8.422275e-37	6.326173e-41
3.757988e+02	8.387835e-37	6.300420e-41
3.758188e+02	8.353444e-37	6.274705e-41
3.758388e+02	8.319355e-37	6.249213e-41
3.758588e+02	8.285266e-37	6.223721e-41
3.758788e+02	8.251400e-37	6.198396e-41
3.758988e+02	8.217658e-37	6.173163e-41
3.759188e+02	8.183965e-37	6.147966e-41
3.759388e+02	8.150567e-37	6.122989e-41
3.759588e+02	8.117169e-37	6.098012e-41
3.759788e+02	8.083991e-37	6.073198e-41
3.759988e+02	8.050933e-37	6.048475e-41
3.760188e+02	8.017924e-37	6.023787e-41
3.760388e+02	7.985204e-37	5.999315e-41
3.760588e+02	7.952484e-37	5.974842e-41
3.760788e+02	7.919978e-37	5.950530e-41
3.760988e+02	7.887592e-37	5.926305e-41
3.761188e+02	7.855252e-37	5.902116e-41
3.761388e+02	7.823196e-37	5.878138e-41
3.761588e+02	7.791140e-37	5.854160e-41
3.761788e+02	7.759293e-37	5.830338e-41
3.761988e+02	7.727564e-37	5.806603e-41
3.762188e+02	7.695881e-37	5.782903e-41
3.762388e+02	7.664475e-37	5.759409e-41
3.762588e+02	7.633069e-37	5.735915e-41
3.762788e+02	7.601869e-37	5.712574e-41
3.762988e+02	7.570783e-37	5.689319e-41
3.763188e+02	7.539743e-37	5.666097e-41
3.763388e+02	7.508974e-37	5.643077e-41
3.763588e+02	7.478205e-37	5.620058e-41
3.763788e+02	7.447638e-37	5.597189e-41
3.763988e+02	7.417183e-37	5.574403e-41
3.764188e+02	7.386773e-37	5.551650e-41
3.764388e+02	7.356628e-37	5.529095e-41
3.764588e+02	7.326483e-37	5.506541e-41
3.764788e+02	7.296537e-37	5.484133e-41
3.764988e+02	7.266699e-37	5.461808e-41
3.765188e+02	7.236906e-37	5.439515e-41
3.765388e+02	7.207373e-37	5.417415e-41
3.765588e+02	7.177840e-37	5.395316e-41
3.765788e+02	7.148501e-37	5.373362e-41
3.765988e+02	7.119269e-37	5.351487e-41
3.766188e+02	7.090080e-37	5.329644e-41
3.766388e+02	7.061146e-37	5.307991e-41
3.766588e+02	7.032212e-37	5.286338e-41
3.766788e+02	7.003469e-37	5.264827e-41
3.766988e+02	6.974830e-37	5.243394e-41
3.767188e+02	6.946233e-37	5.221992e-41
3.767388e+02	6.917886e-37	5.200776e-41
3.767588e+02	6.889540e-37	5.179561e-41
3.767788e+02	6.861379e-37	5.158484e-41
3.767988e+02	6.833321e-37	5.137484e-41
3.768188e+02	6.805305e-37	5.116514e-41
3.768388e+02	6.777533e-37	5.095727e-41
3.768588e+02	6.749761e-37	5.074940e-41
3.768788e+02	6.722172e-37	5.054289e-41
3.768988e+02	6.694684e-37	5.033713e-41
3.769188e+02	6.667236e-37	5.013167e-41
3.769388e+02	6.640027e-37	4.992800e-41
3.769588e+02	6.612819e-37	4.972432e-41
3.769788e+02	6.585790e-37	4.952199e-41
3.769988e+02	6.558859e-37	4.932038e-41
3.770189e+02	6.531968e-37	4.911907e-41
3.770389e+02	6.505312e-37	4.891951e-41
3.770589e+02	6.478655e-37	4.871995e-41
3.770789e+02	6.452174e-37	4.852170e-41
3.770989e+02	6.425790e-37	4.832416e-41
3.771189e+02	6.399444e-37	4.812692e-41
3.771389e+02	6.373329e-37	4.793139e-41
3.771589e+02	6.347213e-37	4.773586e-41
3.771789e+02	6.321270e-37	4.754161e-41
3.771989e+02	6.295421e-37	4.734807e-41
3.772189e+02	6.269610e-37	4.715481e-41
3.772389e+02	6.244024e-37	4.696323e-41
3.772589e+02	6.218438e-37	4.677165e-41
3.772789e+02	6.193021e-37	4.658132e-41
3.772989e+02	6.167696e-37	4.639169e-41
3.773189e+02	6.142409e-37	4.620233e-41
3.773389e+02	6.117343e-37	4.601462e-41
3.773589e+02	6.092276e-37	4.582691e-41
3.773789e+02	6.067375e-37	4.564043e-41
3.773989e+02	6.042564e-37	4.545462e-41
3.774189e+02	6.017790e-37	4.526909e-41
3.774389e+02	5.993232e-37	4.508517e-41
3.774589e+02	5.968674e-37	4.490125e-41
3.774789e+02	5.944277e-37	4.471853e-41
3.774989e+02	5.919970e-37	4.453648e-41
3.775189e+02	5.895698e-37	4.435470e-41
3.775389e+02	5.871639e-37	4.417449e-41
3.775589e+02	5.847579e-37	4.399428e-41
3.775789e+02	5.823678e-37	4.381526e-41
3.775989e+02	5.799863e-37	4.363688e-41
3.776189e+02	5.776084e-37	4.345877e-41
3.776389e+02	5.752513e-37	4.328220e-41
3.776589e+02	5.728941e-37	4.310564e-41
3.776789e+02	5.705525e-37	4.293023e-41
3.776989e+02	5.682193e-37	4.275546e-41
3.777189e+02	5.658897e-37	4.258094e-41
3.777389e+02	5.635803e-37	4.240794e-41
3.777589e+02	5.612710e-37	4.223494e-41
3.777789e+02	5.589769e-37	4.206308e-41
3.777989e+02	5.566911e-37	4.189183e-41
3.778189e+02	5.544087e-37	4.172084e-41
3.778389e+02	5.521462e-37	4.155133e-41
3.778589e+02	5.498837e-37	4.138183e-41
3.778789e+02	5.476362e-37	4.121343e-41
3.778989e+02	5.453967e-37	4.104565e-41
3.779189e+02	5.431607e-37	4.087811e-41
3.779389e+02	5.409441e-37	4.071203e-41
3.779589e+02	5.387275e-37	4.054594e-41
3.779789e+02	5.365255e-37	4.038095e-41
3.779989e+02	5.343315e-37	4.021655e-41
3.780189e+02	5.321408e-37	4.005240e-41
3.780389e+02	5.299692e-37	3.988967e-41
3.780589e+02	5.277976e-37	3.972694e-41
3.780789e+02	5.256403e-37	3.956528e-41
3.780989e+02	5.234908e-37	3.940421e-41
3.781189e+02	5.213446e-37	3.924337e-41
3.781389e+02	5.192170e-37	3.908393e-41
3.781589e+02	5.170895e-37	3.892448e-41
3.781789e+02	5.149760e-37	3.876609e-41
3.781989e+02	5.128701e-37	3.860827e-41
3.782189e+02	5.107674e-37	3.845068e-41
3.782389e+02	5.086830e-37	3.829446e-41
3.782589e+02	5.065986e-37	3.813823e-41
3.782789e+02	5.045280e-37	3.798304e-41
3.782989e+02	5.024648e-37	3.782840e-41
3.783189e+02	5.004048e-37	3.767400e-41
3.783389e+02	4.983627e-37	3.752093e-41
3.783589e+02	4.963205e-37	3.736786e-41
3.783789e+02	4.942919e-37	3.721580e-41
3.783989e+02	4.922706e-37	3.706429e-41
3.784189e+02	4.902524e-37	3.691300e-41
3.784389e+02	4.882517e-37	3.676303e-41
3.784589e+02	4.862510e-37	3.661305e-41
3.784789e+02	4.842636e-37	3.646406e-41
3.784989e+02	4.822833e-37	3.631561e-41
3.785189e+02	4.803060e-37	3.616738e-41
3.785389e+02	4.783459e-37	3.602043e-41
3.785589e+02	4.763858e-37	3.587348e-41
3.785789e+02	4.744387e-37	3.572750e-41
3.785989e+02	4.724986e-37	3.558205e-41
3.786189e+02	4.705614e-37	3.543681e-41
3.786389e+02	4.686411e-37	3.529283e-41
3.786589e+02	4.667208e-37	3.514885e-41
3.786789e+02	4.648132e-37	3.500582e-41
3.786989e+02	4.629124e-37	3.486330e-41
3.787189e+02	4.610146e-37	3.472100e-41
3.787389e+02	4.591332e-37	3.457993e-41
3.787589e+02	4.572518e-37	3.443886e-41
3.787789e+02	4.553829e-37	3.429872e-41
3.787989e+02	4.535207e-37	3.415908e-41
3.788189e+02	4.516614e-37	3.401965e-41
3.788389e+02	4.498182e-37	3.388143e-41
3.788589e+02	4.479750e-37	3.374320e-41
3.788789e+02	4.461440e-37	3.360589e-41
3.788989e+02	4.443196e-37	3.346907e-41
3.789189e+02	4.424980e-37	3.333246e-41
3.789389e+02	4.406922e-37	3.319703e-41
3.789589e+02	4.388863e-37	3.306160e-41
3.789789e+02	4.370925e-37	3.292706e-41
3.789989e+02	4.353051e-37	3.279301e-41
3.790190e+02	4.335205e-37	3.265916e-41
3.790390e+02	4.317513e-37	3.252646e-41
3.790590e+02	4.299821e-37	3.239376e-41
3.790790e+02	4.282247e-37	3.226194e-41
3.790990e+02	4.264735e-37	3.213060e-41
3.791190e+02	4.247251e-37	3.199945e-41
3.791390e+02	4.229918e-37	3.186943e-41
3.791590e+02	4.212585e-37	3.173942e-41
3.791790e+02	4.195368e-37	3.161026e-41
3.791990e+02	4.178212e-37	3.148156e-41
3.792190e+02	4.161082e-37	3.135306e-41
3.792390e+02	4.144101e-37	3.122567e-41
3.792590e+02	4.127119e-37	3.109828e-41
3.792790e+02	4.110251e-37	3.097174e-41
3.792990e+02	4.093443e-37	3.084564e-41
3.793190e+02	4.076661e-37	3.071973e-41
3.793390e+02	4.060024e-37	3.059492e-41
3.793590e+02	4.043388e-37	3.047010e-41
3.793790e+02	4.026861e-37	3.034611e-41
3.793990e+02	4.010394e-37	3.022256e-41
3.794190e+02	3.993953e-37	3.009920e-41
3.794390e+02	3.977654e-37	2.997690e-41
3.794590e+02	3.961355e-37	2.985461e-41
3.794790e+02	3.945164e-37	2.973312e-41
3.794990e+02	3.929031e-37	2.961206e-41
3.795190e+02	3.912923e-37	2.949119e-41
3.795390e+02	3.896954e-37	2.937137e-41
3.795590e+02	3.880986e-37	2.925154e-41
3.795790e+02	3.865123e-37	2.913251e-41
3.795990e+02	3.849318e-37	2.901390e-41
3.796190e+02	3.833537e-37	2.889547e-41
3.796390e+02	3.817892e-37	2.877807e-41
3.796590e+02	3.802248e-37	2.866066e-41
3.796790e+02	3.786707e-37	2.854403e-41
3.796990e+02	3.771222e-37	2.842782e-41
3.797190e+02	3.755761e-37	2.831178e-41
3.797390e+02	3.740434e-37	2.819675e-41
3.797590e+02	3.725107e-37	2.808171e-41
3.797790e+02	3.709882e-37	2.796744e-41
3.797990e+02	3.694711e-37	2.785357e-41
3.798190e+02	3.679564e-37	2.773988e-41
3.798390e+02	3.664548e-37	2.762717e-41
3.798590e+02	3.649531e-37	2.751446e-41
3.798790e+02	3.634615e-37	2.740249e-41
3.798990e+02	3.619752e-37	2.729092e-41
3.799190e+02	3.604912e-37	2.717953e-41
3.799390e+02	3.590201e-37	2.706909e-41
3.799590e+02	3.575489e-37	2.695866e-41
3.799790e+02	3.560876e-37	2.684896e-41
3.799990e+02	3.546314e-37	2.673964e-41
3.800190e+02	3.531775e-37	2.663050e-41
3.800390e+02	3.517362e-37	2.652229e-41
3.800590e+02	3.502949e-37	2.641409e-41
3.800790e+02	3.488632e-37	2.630660e-41
3.800990e+02	3.474366e-37	2.619949e-41
3.801190e+02	3.460122e-37	2.609255e-41
3.801390e+02	3.446002e-37	2.598654e-41
3.801590e+02	3.431881e-37	2.588052e-41
3.801790e+02	3.417854e-37	2.577520e-41
3.801990e+02	3.403878e-37	2.567026e-41
3.802190e+02	3.389923e-37	2.556548e-41
3.802390e+02	3.376089e-37	2.546160e-41
3.802590e+02	3.362254e-37	2.535772e-41
3.802790e+02	3.348512e-37	2.525453e-41
3.802990e+02	3.334819e-37	2.515171e-41
3.803190e+02	3.321148e-37	2.504905e-41
3.803390e+02	3.307594e-37	2.494727e-41
3.803590e+02	3.294041e-37	2.484549e-41
3.803790e+02	3.280577e-37	2.474438e-41
3.803990e+02	3.267162e-37	2.464363e-41
3.804190e+02	3.253768e-37	2.454304e-41
3.804390e+02	3.240489e-37	2.444332e-41
3.804590e+02	3.227211e-37	2.434360e-41
3.804790e+02	3.214021e-37	2.424453e-41
3.804990e+02	3.200878e-37	2.414582e-41
3.805190e+02	3.187755e-37	2.404726e-41
3.805390e+02	3.174746e-37	2.394955e-41
3.805590e+02	3.161737e-37	2.385184e-41
3.805790e+02	3.148815e-37	2.375478e-41
3.805990e+02	3.135938e-37	2.365806e-41
3.806190e+02	3.123082e-37	2.356150e-41
3.806390e+02	3.110337e-37	2.346576e-41
3.806590e+02	3.097591e-37	2.337002e-41
3.806790e+02	3.084931e-37	2.327492e-41
3.806990e+02	3.072316e-37	2.318016e-41
3.807190e+02	3.059720e-37	2.308554e-41
3.807390e+02	3.047234e-37	2.299174e-41
3.807590e+02	3.034747e-37	2.289794e-41
3.807790e+02	3.022344e-37	2.280476e-41
3.807990e+02	3.009985e-37	2.271191e-41
3.808190e+02	2.997645e-37	2.261920e-41
3.808390e+02	2.985411e-37	2.252729e-41
3.808590e+02	2.973178e-37	2.243539e-41
3.808790e+02	2.961026e-37	2.234409e-41
3.808990e+02	2.948918e-37	2.225311e-41
3.809190e+02	2.936828e-37	2.216228e-41
3.809390e+02	2.924843e-37	2.207223e-41
3.809590e+02	2.912858e-37	2.198218e-41
3.809790e+02	2.900953e-37	2.189272e-41
3.809990e+02	2.889090e-37	2.180358e-41
3.810191e+02	2.877246e-37	2.171459e-41
3.810391e+02	2.865504e-37	2.162635e-41
3.810591e+02	2.853762e-37	2.153812e-41
3.810791e+02	2.842098e-37	2.145047e-41
3.810991e+02	2.830476e-37	2.136314e-41
3.811191e+02	2.818872e-37	2.127594e-41
3.811391e+02	2.807368e-37	2.118949e-41
3.811591e+02	2.795865e-37	2.110303e-41
3.811791e+02	2.784438e-37	2.101716e-41
3.811991e+02	2.773051e-37	2.093159e-41
3.812191e+02	2.761683e-37	2.084615e-41
3.812391e+02	2.750412e-37	2.076144e-41
3.812591e+02	2.739142e-37	2.067674e-41
3.812791e+02	2.727947e-37	2.059260e-41
3.812991e+02	2.716792e-37	2.050875e-41
3.813191e+02	2.705654e-37	2.042504e-41
3.813391e+02	2.694612e-37	2.034204e-41
3.813591e+02	2.683570e-37	2.025905e-41
3.813791e+02	2.672602e-37	2.017661e-41
3.813991e+02	2.661673e-37	2.009446e-41
3.814191e+02	2.650762e-37	2.001243e-41
3.814391e+02	2.639944e-37	1.993112e-41
3.814591e+02	2.629126e-37	1.984980e-41
3.814791e+02	2.618381e-37	1.976902e-41
3.814991e+02	2.607673e-37	1.968853e-41
3.815191e+02	2.596983e-37	1.960817e-41
3.815391e+02	2.586385e-37	1.952849e-41
3.815591e+02	2.575786e-37	1.944881e-41
3.815791e+02	2.565259e-37	1.936967e-41
3.815991e+02	2.554769e-37	1.929080e-41
3.816191e+02	2.544295e-37	1.921206e-41
3.816391e+02	2.533912e-37	1.913400e-41
3.816591e+02	2.523529e-37	1.905593e-41
3.816791e+02	2.513215e-37	1.897838e-41
3.816991e+02	2.502938e-37	1.890111e-41
3.817191e+02	2.492677e-37	1.882396e-41
3.817391e+02	2.482504e-37	1.874747e-41
3.817591e+02	2.472332e-37	1.867098e-41
3.817791e+02	2.462227e-37	1.859500e-41
3.817991e+02	2.452158e-37	1.851929e-41
3.818191e+02	2.442106e-37	1.844370e-41
3.818391e+02	2.432139e-37	1.836875e-41
3.818591e+02	2.422173e-37	1.829381e-41
3.818791e+02	2.412274e-37	1.821936e-41
3.818991e+02	2.402409e-37	1.814518e-41
3.819191e+02	2.392560e-37	1.807111e-41
3.819391e+02	2.382796e-37	1.799768e-41
3.819591e+02	2.373032e-37	1.792425e-41
3.819791e+02	2.363334e-37	1.785131e-41
3.819991e+02	2.353669e-37	1.777863e-41
3.820191e+02	2.344020e-37	1.770606e-41
3.820391e+02	2.334454e-37	1.763411e-41
3.820591e+02	2.324888e-37	1.756216e-41
3.820791e+02	2.315386e-37	1.749069e-41
3.820991e+02	2.305918e-37	1.741948e-41
3.821191e+02	2.296465e-37	1.734837e-41
3.821391e+02	2.287093e-37	1.727788e-41
3.821591e+02	2.277721e-37	1.720738e-41
3.821791e+02	2.268412e-37	1.713736e-41
3.821991e+02	2.259136e-37	1.706758e-41
3.822191e+02	2.249874e-37	1.699792e-41
3.822391e+02	2.240693e-37	1.692885e-41
3.822591e+02	2.231511e-37	1.685977e-41
3.822791e+02	2.222391e-37	1.679117e-41
3.822991e+02	2.213303e-37	1.672280e-41
3.823191e+02	2.204229e-37	1.665454e-41
3.823391e+02	2.195234e-37	1.658686e-41
3.823591e+02	2.186238e-37	1.651919e-41
3.823791e+02	2.177303e-37	1.645196e-41
3.823991e+02	2.168399e-37	1.638497e-41
3.824191e+02	2.159510e-37	1.631809e-41
3.824391e+02	2.150697e-37	1.625178e-41
3.824591e+02	2.141884e-37	1.618548e-41
3.824791e+02	2.133130e-37	1.611961e-41
3.824991e+02	2.124407e-37	1.605398e-41
3.825191e+02	2.115698e-37	1.598845e-41
3.825391e+02	2.107064e-37	1.592348e-41
3.825591e+02	2.098430e-37	1.585851e-41
3.825791e+02	2.089853e-37	1.579397e-41
3.825991e+02	2.081307e-37	1.572966e-41
3.826191e+02	2.072775e-37	1.566546e-41
3.826391e+02	2.064316e-37	1.560180e-41
3.826591e+02	2.055857e-37	1.553814e-41
3.826791e+02	2.047455e-37	1.547491e-41
3.826991e+02	2.039082e-37	1.541190e-41
3.827191e+02	2.030723e-37	1.534899e-41
3.827391e+02	2.022435e-37	1.528662e-41
3.827591e+02	2.014148e-37	1.522425e-41
3.827791e+02	2.005916e-37	1.516230e-41
3.827991e+02	1.997713e-37	1.510056e-41
3.828191e+02	1.989524e-37	1.503892e-41
3.828391e+02	1.981405e-37	1.497781e-41
3.828591e+02	1.973285e-37	1.491670e-41
3.828791e+02	1.965221e-37	1.485599e-41
3.828991e+02	1.957184e-37	1.479550e-41
3.829191e+02	1.949161e-37	1.473511e-41
3.829391e+02	1.941206e-37	1.467523e-41
3.829591e+02	1.933251e-37	1.461536e-41
3.829791e+02	1.925350e-37	1.455588e-41
3.829991e+02	1.917477e-37	1.449661e-41
3.830192e+02	1.909616e-37	1.443744e-41
3.830392e+02	1.901823e-37	1.437877e-41
3.830592e+02	1.894030e-37	1.432010e-41
3.830792e+02	1.886289e-37	1.426183e-41
3.830992e+02	1.878576e-37	1.420376e-41
3.831192e+02	1.870874e-37	1.414578e-41
3.831392e+02	1.863239e-37	1.408830e-41
3.831592e+02	1.855604e-37	1.403081e-41
3.831792e+02	1.848021e-37	1.397372e-41
3.831992e+02	1.840463e-37	1.391682e-41
3.832192e+02	1.832918e-37	1.386001e-41
3.832392e+02	1.825438e-37	1.380369e-41
3.832592e+02	1.817958e-37	1.374737e-41
3.832792e+02	1.810528e-37	1.369142e-41
3.832992e+02	1.803124e-37	1.363567e-41
3.833192e+02	1.795733e-37	1.358001e-41
3.833392e+02	1.788404e-37	1.352483e-41
3.833592e+02	1.781076e-37	1.346965e-41
3.833792e+02	1.773797e-37	1.341483e-41
3.833992e+02	1.766543e-37	1.336021e-41
3.834192e+02	1.759301e-37	1.330567e-41
3.834392e+02	1.752121e-37	1.325161e-41
3.834592e+02	1.744942e-37	1.319754e-41
3.834792e+02	1.737810e-37	1.314383e-41
3.834992e+02	1.730704e-37	1.309031e-41
3.835192e+02	1.723609e-37	1.303688e-41
3.835392e+02	1.716575e-37	1.298390e-41
3.835592e+02	1.709541e-37	1.293092e-41
3.835792e+02	1.702554e-37	1.287830e-41
3.835992e+02	1.695592e-37	1.282586e-41
3.836192e+02	1.688641e-37	1.277351e-41
3.836392e+02	1.681749e-37	1.272160e-41
3.836592e+02	1.674858e-37	1.266969e-41
3.836792e+02	1.668013e-37	1.261813e-41
3.836992e+02	1.661192e-37	1.256675e-41
3.837192e+02	1.654382e-37	1.251546e-41
3.837392e+02	1.647630e-37	1.246460e-41
3.837592e+02	1.640879e-37	1.241374e-41
3.837792e+02	1.634173e-37	1.236322e-41
3.837992e+02	1.627490e-37	1.231288e-41
3.838192e+02	1.620818e-37	1.226262e-41
3.838392e+02	1.614204e-37	1.221279e-41
3.838592e+02	1.607589e-37	1.216296e-41
3.838792e+02	1.601019e-37	1.211346e-41
3.838992e+02	1.594472e-37	1.206414e-41
3.839192e+02	1.587935e-37	1.201489e-41
3.839392e+02	1.581455e-37	1.196607e-41
3.839592e+02	1.574975e-37	1.191724e-41
3.839792e+02	1.568538e-37	1.186875e-41
3.839992e+02	1.562124e-37	1.182042e-41
3.840192e+02	1.555720e-37	1.177217e-41
3.840392e+02	1.549371e-37	1.172433e-41
3.840592e+02	1.543022e-37	1.167649e-41
3.840792e+02	1.536716e-37	1.162897e-41
3.840992e+02	1.530432e-37	1.158162e-41
3.841192e+02	1.524158e-37	1.153435e-41
3.841392e+02	1.517938e-37	1.148747e-41
3.841592e+02	1.511717e-37	1.144060e-41
3.841792e+02	1.505539e-37	1.139404e-41
3.841992e+02	1.499383e-37	1.134765e-41
3.842192e+02	1.493236e-37	1.130133e-41
3.842392e+02	1.487142e-37	1.125540e-41
3.842592e+02	1.481048e-37	1.120948e-41
3.842792e+02	1.474995e-37	1.116386e-41
3.842992e+02	1.468964e-37	1.111840e-41
3.843192e+02	1.462942e-37	1.107302e-41
3.843392e+02	1.456971e-37	1.102802e-41
3.843592e+02	1.451001e-37	1.098302e-41
3.843792e+02	1.445071e-37	1.093833e-41
3.843992e+02	1.439162e-37	1.089378e-41
3.844192e+02	1.433262e-37	1.084932e-41
3.844392e+02	1.427413e-37	1.080523e-41
3.844592e+02	1.421564e-37	1.076114e-41
3.844792e+02	1.415754e-37	1.071735e-41
3.844992e+02	1.409964e-37	1.067371e-41
3.845192e+02	1.404185e-37	1.063014e-41
3.845392e+02	1.398454e-37	1.058694e-41
3.845592e+02	1.392723e-37	1.054374e-41
3.845792e+02	1.387032e-37	1.050083e-41
3.845992e+02	1.381359e-37	1.045807e-41
3.846192e+02	1.375697e-37	1.041538e-41
3.846392e+02	1.370083e-37	1.037306e-41
3.846592e+02	1.364468e-37	1.033073e-41
3.846792e+02	1.358892e-37	1.028869e-41
3.846992e+02	1.353335e-37	1.024679e-41
3.847192e+02	1.347787e-37	1.020497e-41
3.847392e+02	1.342287e-37	1.016350e-41
3.847592e+02	1.336786e-37	1.012203e-41
3.847792e+02	1.331323e-37	1.008084e-41
3.847992e+02	1.325879e-37	1.003979e-41
3.848192e+02	1.320444e-37	9.998804e-42
3.848392e+02	1.315055e-37	9.958170e-42
3.848592e+02	1.309666e-37	9.917537e-42
3.848792e+02	1.304314e-37	9.877178e-42
3.848992e+02	1.298980e-37	9.836957e-42
3.849192e+02	1.293655e-37	9.796804e-42
3.849392e+02	1.288376e-37	9.756991e-42
3.849592e+02	1.283096e-37	9.717179e-42
3.849792e+02	1.277852e-37	9.677635e-42
3.849992e+02	1.272627e-37	9.638227e-42
3.850193e+02	1.267410e-37	9.598884e-42
3.850393e+02	1.262237e-37	9.559876e-42
3.850593e+02	1.257065e-37	9.520867e-42
3.850793e+02	1.251928e-37	9.482123e-42
3.850993e+02	1.246808e-37	9.443510e-42
3.851193e+02	1.241697e-37	9.404963e-42
3.851393e+02	1.236630e-37	9.366742e-42
3.851593e+02	1.231562e-37	9.328522e-42
3.851793e+02	1.226529e-37	9.290560e-42
3.851993e+02	1.221513e-37	9.252727e-42
3.852193e+02	1.216506e-37	9.214959e-42
3.852393e+02	1.211541e-37	9.177510e-42
3.852593e+02	1.206577e-37	9.140062e-42
3.852793e+02	1.201646e-37	9.102866e-42
3.852993e+02	1.196732e-37	9.065798e-42
3.853193e+02	1.191826e-37	9.028792e-42
3.853393e+02	1.186962e-37	8.992100e-42
3.853593e+02	1.182098e-37	8.955408e-42
3.853793e+02	1.177267e-37	8.918965e-42
3.853993e+02	1.172453e-37	8.882645e-42
3.854193e+02	1.167647e-37	8.846387e-42
3.854393e+02	1.162881e-37	8.810436e-42
3.854593e+02	1.158116e-37	8.774485e-42
3.854793e+02	1.153383e-37	8.738778e-42
3.854993e+02	1.148667e-37	8.703192e-42
3.855193e+02	1.143958e-37	8.667666e-42
3.855393e+02	1.139289e-37	8.632442e-42
3.855593e+02	1.134621e-37	8.597217e-42
3.855793e+02	1.129984e-37	8.562231e-42
3.855993e+02	1.125363e-37	8.527364e-42
3.856193e+02	1.120750e-37	8.492556e-42
3.856393e+02	1.116176e-37	8.458043e-42
3.856593e+02	1.111602e-37	8.423530e-42
3.856793e+02	1.107059e-37	8.389250e-42
3.856993e+02	1.102532e-37	8.355087e-42
3.857193e+02	1.098013e-37	8.320983e-42
3.857393e+02	1.093531e-37	8.287167e-42
3.857593e+02	1.089050e-37	8.253351e-42
3.857793e+02	1.084600e-37	8.219764e-42
3.857993e+02	1.080164e-37	8.186291e-42
3.858193e+02	1.075737e-37	8.152875e-42
3.858393e+02	1.071346e-37	8.119742e-42
3.858593e+02	1.066956e-37	8.086610e-42
3.858793e+02	1.062596e-37	8.053701e-42
3.858993e+02	1.058251e-37	8.020905e-42
3.859193e+02	1.053913e-37	7.988164e-42
3.859393e+02	1.049611e-37	7.955700e-42
3.859593e+02	1.045310e-37	7.923237e-42
3.859793e+02	1.041038e-37	7.890993e-42
3.859993e+02	1.036781e-37	7.858859e-42
3.860193e+02	1.032531e-37	7.826780e-42
3.860393e+02	1.028317e-37	7.794972e-42
3.860593e+02	1.024104e-37	7.763164e-42
3.860793e+02	1.019918e-37	7.731572e-42
3.860993e+02	1.015747e-37	7.700087e-42
3.861193e+02	1.011584e-37	7.668656e-42
3.861393e+02	1.007455e-37	7.637491e-42
3.861593e+02	1.003327e-37	7.606325e-42
3.861793e+02	9.992268e-38	7.575371e-42
3.861993e+02	9.951405e-38	7.544522e-42
3.862193e+02	9.910612e-38	7.513726e-42
3.862393e+02	9.870166e-38	7.483190e-42
3.862593e+02	9.829720e-38	7.452654e-42
3.862793e+02	9.789549e-38	7.422326e-42
3.862993e+02	9.749515e-38	7.392100e-42
3.863193e+02	9.709551e-38	7.361926e-42
3.863393e+02	9.669925e-38	7.332007e-42
3.863593e+02	9.630299e-38	7.302088e-42
3.863793e+02	9.590944e-38	7.272372e-42
3.863993e+02	9.551722e-38	7.242757e-42
3.864193e+02	9.512568e-38	7.213192e-42
3.864393e+02	9.473746e-38	7.183878e-42
3.864593e+02	9.434924e-38	7.154563e-42
3.864793e+02	9.396368e-38	7.125448e-42
3.864993e+02	9.357942e-38	7.096431e-42
3.865193e+02	9.319582e-38	7.067463e-42
3.865393e+02	9.281548e-38	7.038741e-42
3.865593e+02	9.243514e-38	7.010019e-42
3.865793e+02	9.205739e-38	6.981491e-42
3.865993e+02	9.168092e-38	6.953060e-42
3.866193e+02	9.130511e-38	6.924678e-42
3.866393e+02	9.093248e-38	6.896536e-42
3.866593e+02	9.055986e-38	6.868394e-42
3.866793e+02	9.018978e-38	6.840443e-42
3.866993e+02	8.982095e-38	6.812586e-42
3.867193e+02	8.945276e-38	6.784778e-42
3.867393e+02	8.908769e-38	6.757204e-42
3.867593e+02	8.872263e-38	6.729630e-42
3.867793e+02	8.836005e-38	6.702244e-42
3.867993e+02	8.799871e-38	6.674950e-42
3.868193e+02	8.763799e-38	6.647703e-42
3.868393e+02	8.728033e-38	6.620686e-42
3.868593e+02	8.692267e-38	6.593669e-42
3.868793e+02	8.656745e-38	6.566836e-42
3.868993e+02	8.621344e-38	6.540094e-42
3.869193e+02	8.586004e-38	6.513398e-42
3.869393e+02	8.550964e-38	6.486926e-42
3.869593e+02	8.515923e-38	6.460455e-42
3.869793e+02	8.481122e-38	6.434164e-42
3.869993e+02	8.446439e-38	6.407962e-42
3.870194e+02	8.411816e-38	6.381805e-42
3.870394e+02	8.377486e-38	6.355869e-42
3.870594e+02	8.343157e-38	6.329932e-42
3.870794e+02	8.309062e-38	6.304173e-42
3.870994e+02	8.275082e-38	6.278500e-42
3.871194e+02	8.241162e-38	6.252871e-42
3.871394e+02	8.207529e-38	6.227459e-42
3.871594e+02	8.173896e-38	6.202046e-42
3.871794e+02	8.140492e-38	6.176807e-42
3.871994e+02	8.107202e-38	6.151652e-42
3.872194e+02	8.073970e-38	6.126542e-42
3.872394e+02	8.041019e-38	6.101643e-42
3.872594e+02	8.008068e-38	6.076743e-42
3.872794e+02	7.975343e-38	6.052014e-42
3.872994e+02	7.942728e-38	6.027368e-42
3.873194e+02	7.910170e-38	6.002764e-42
3.873394e+02	7.877888e-38	5.978368e-42
3.873594e+02	7.845605e-38	5.953972e-42
3.873794e+02	7.813544e-38	5.929742e-42
3.873994e+02	7.781591e-38	5.905594e-42
3.874194e+02	7.749693e-38	5.881487e-42
3.874394e+02	7.718066e-38	5.857584e-42
3.874594e+02	7.686438e-38	5.833681e-42
3.874794e+02	7.655027e-38	5.809940e-42
3.874994e+02	7.623722e-38	5.786280e-42
3.875194e+02	7.592472e-38	5.762660e-42
3.875394e+02	7.561486e-38	5.739240e-42
3.875594e+02	7.530501e-38	5.715819e-42
3.875794e+02	7.499727e-38	5.692559e-42
3.875994e+02	7.469057e-38	5.669376e-42
3.876194e+02	7.438441e-38	5.646234e-42
3.876394e+02	7.408084e-38	5.623287e-42
3.876594e+02	7.377726e-38	5.600339e-42
3.876794e+02	7.347577e-38	5.577548e-42
3.876994e+02	7.317529e-38	5.554834e-42
3.877194e+02	7.287534e-38	5.532159e-42
3.877394e+02	7.257793e-38	5.509676e-42
3.877594e+02	7.228052e-38	5.487192e-42
3.877794e+02	7.198514e-38	5.464861e-42
3.877994e+02	7.169076e-38	5.442606e-42
3.878194e+02	7.139690e-38	5.420389e-42
3.878394e+02	7.110552e-38	5.398360e-42
3.878594e+02	7.081414e-38	5.376330e-42
3.878794e+02	7.052475e-38	5.354451e-42
3.878994e+02	7.023634e-38	5.332645e-42
3.879194e+02	6.994844e-38	5.310877e-42
3.879394e+02	6.966297e-38	5.289293e-42
3.879594e+02	6.937750e-38	5.267708e-42
3.879794e+02	6.909399e-38	5.246271e-42
3.879994e+02	6.881143e-38	5.224905e-42
3.880194e+02	6.852937e-38	5.203578e-42
3.880394e+02	6.824970e-38	5.182429e-42
3.880594e+02	6.797002e-38	5.161280e-42
3.880794e+02	6.769226e-38	5.140276e-42
3.880994e+02	6.741543e-38	5.119342e-42
3.881194e+02	6.713910e-38	5.098445e-42
3.881394e+02	6.686509e-38	5.077724e-42
3.881594e+02	6.659109e-38	5.057003e-42
3.881794e+02	6.631896e-38	5.036423e-42
3.881994e+02	6.604775e-38	5.015912e-42
3.882194e+02	6.577702e-38	4.995437e-42
3.882394e+02	6.550858e-38	4.975134e-42
3.882594e+02	6.524013e-38	4.954832e-42
3.882794e+02	6.497353e-38	4.934668e-42
3.882994e+02	6.470782e-38	4.914571e-42
3.883194e+02	6.444258e-38	4.894510e-42
3.883394e+02	6.417958e-38	4.874617e-42
3.883594e+02	6.391659e-38	4.854725e-42
3.883794e+02	6.365539e-38	4.834968e-42
3.883994e+02	6.339507e-38	4.815277e-42
3.884194e+02	6.313522e-38	4.795621e-42
3.884394e+02	6.287755e-38	4.776131e-42
3.884594e+02	6.261989e-38	4.756640e-42
3.884794e+02	6.236400e-38	4.737282e-42
3.884994e+02	6.210896e-38	4.717989e-42
3.885194e+02	6.185438e-38	4.698731e-42
3.885394e+02	6.160194e-38	4.679634e-42
3.885594e+02	6.134950e-38	4.660537e-42
3.885794e+02	6.109880e-38	4.641570e-42
3.885994e+02	6.084894e-38	4.622667e-42
3.886194e+02	6.059952e-38	4.603797e-42
3.886394e+02	6.035220e-38	4.585086e-42
3.886594e+02	6.010489e-38	4.566375e-42
3.886794e+02	5.985927e-38	4.547792e-42
3.886994e+02	5.961448e-38	4.529270e-42
3.887194e+02	5.937012e-38	4.510782e-42
3.887394e+02	5.912782e-38	4.492449e-42
3.887594e+02	5.888552e-38	4.474115e-42
3.887794e+02	5.864489e-38	4.455908e-42
3.887994e+02	5.840506e-38	4.437760e-42
3.888194e+02	5.816566e-38	4.419646e-42
3.888394e+02	5.792828e-38	4.401683e-42
3.888594e+02	5.769090e-38	4.383720e-42
3.888794e+02	5.745515e-38	4.365880e-42
3.888994e+02	5.722018e-38	4.348099e-42
3.889194e+02	5.698564e-38	4.330350e-42
3.889394e+02	5.675307e-38	4.312750e-42
3.889594e+02	5.652051e-38	4.295150e-42
3.889794e+02	5.628954e-38	4.277671e-42
3.889994e+02	5.605934e-38	4.260249e-42
3.890195e+02	5.582956e-38	4.242859e-42
3.890395e+02	5.560171e-38	4.225615e-42
3.890595e+02	5.537386e-38	4.208370e-42
3.890795e+02	5.514758e-38	4.191244e-42
3.890995e+02	5.492205e-38	4.174174e-42
3.891195e+02	5.469693e-38	4.157135e-42
3.891395e+02	5.447370e-38	4.140239e-42
3.891595e+02	5.425048e-38	4.123343e-42
3.891795e+02	5.402879e-38	4.106563e-42
3.891995e+02	5.380784e-38	4.089838e-42
3.892195e+02	5.358728e-38	4.073143e-42
3.892395e+02	5.336858e-38	4.056588e-42
3.892595e+02	5.314988e-38	4.040034e-42
3.892795e+02	5.293269e-38	4.023592e-42
3.892995e+02	5.271623e-38	4.007206e-42
3.893195e+02	5.250015e-38	3.990848e-42
3.893395e+02	5.228588e-38	3.974628e-42
3.893595e+02	5.207162e-38	3.958407e-42
3.893795e+02	5.185884e-38	3.942298e-42
3.893995e+02	5.164676e-38	3.926243e-42
3.894195e+02	5.143506e-38	3.910216e-42
3.894395e+02	5.122515e-38	3.894323e-42
3.894595e+02	5.101523e-38	3.878430e-42
3.894795e+02	5.080677e-38	3.862646e-42
3.894995e+02	5.059899e-38	3.846915e-42
3.895195e+02	5.039159e-38	3.831212e-42
3.895395e+02	5.018593e-38	3.815640e-42
3.895595e+02	4.998028e-38	3.800069e-42
3.895795e+02	4.977604e-38	3.784604e-42
3.895995e+02	4.957248e-38	3.769190e-42
3.896195e+02	4.936929e-38	3.753804e-42
3.896395e+02	4.916780e-38	3.738547e-42
3.896595e+02	4.896632e-38	3.723290e-42
3.896795e+02	4.876622e-38	3.708138e-42
3.896995e+02	4.856679e-38	3.693036e-42
3.897195e+02	4.836772e-38	3.677961e-42
3.897395e+02	4.817033e-38	3.663012e-42
3.897595e+02	4.797293e-38	3.648063e-42
3.897795e+02	4.777690e-38	3.633217e-42
3.897995e+02	4.758151e-38	3.618420e-42
3.898195e+02	4.738648e-38	3.603649e-42
3.898395e+02	4.719309e-38	3.589002e-42
3.898595e+02	4.699969e-38	3.574355e-42
3.898795e+02	4.680764e-38	3.559809e-42
3.898995e+02	4.661622e-38	3.545311e-42
3.899195e+02	4.642514e-38	3.530839e-42
3.899395e+02	4.623567e-38	3.516488e-42
3.899595e+02	4.604620e-38	3.502137e-42
3.899795e+02	4.585804e-38	3.487884e-42
3.899995e+02	4.567051e-38	3.473679e-42
3.900195e+02	4.548331e-38	3.459500e-42
3.900395e+02	4.529768e-38	3.445438e-42
3.900595e+02	4.511206e-38	3.431377e-42
3.900795e+02	4.492772e-38	3.417413e-42
3.900995e+02	4.474398e-38	3.403495e-42
3.901195e+02	4.456058e-38	3.389601e-42
3.901395e+02	4.437872e-38	3.375824e-42
3.901595e+02	4.419686e-38	3.362047e-42
3.901795e+02	4.401626e-38	3.348365e-42
3.901995e+02	4.383625e-38	3.334728e-42
3.902195e+02	4.365658e-38	3.321116e-42
3.902395e+02	4.347841e-38	3.307617e-42
3.902595e+02	4.330023e-38	3.294118e-42
3.902795e+02	4.312330e-38	3.280712e-42
3.902995e+02	4.294694e-38	3.267351e-42
3.903195e+02	4.277091e-38	3.254013e-42
3.903395e+02	4.259635e-38	3.240787e-42
3.903595e+02	4.242180e-38	3.227561e-42
3.903795e+02	4.224845e-38	3.214426e-42
3.903995e+02	4.207567e-38	3.201334e-42
3.904195e+02	4.190321e-38	3.188266e-42
3.904395e+02	4.173220e-38	3.175308e-42
3.904595e+02	4.156118e-38	3.162349e-42
3.904795e+02	4.139135e-38	3.149479e-42
3.904995e+02	4.122208e-38	3.136652e-42
3.905195e+02	4.105312e-38	3.123848e-42
3.905395e+02	4.088557e-38	3.111151e-42
3.905595e+02	4.071803e-38	3.098454e-42
3.905795e+02	4.055164e-38	3.085844e-42
3.905995e+02	4.038580e-38	3.073276e-42
3.906195e+02	4.022027e-38	3.060731e-42
3.906395e+02	4.005612e-38	3.048290e-42
3.906595e+02	3.989198e-38	3.035850e-42
3.906795e+02	3.972897e-38	3.023495e-42
3.906995e+02	3.956649e-38	3.011181e-42
3.907195e+02	3.940432e-38	2.998889e-42
3.907395e+02	3.924350e-38	2.986700e-42
3.907595e+02	3.908268e-38	2.974511e-42
3.907795e+02	3.892298e-38	2.962406e-42
3.907995e+02	3.876380e-38	2.950340e-42
3.908195e+02	3.860492e-38	2.938297e-42
3.908395e+02	3.844736e-38	2.926354e-42
3.908595e+02	3.828981e-38	2.914411e-42
3.908795e+02	3.813335e-38	2.902550e-42
3.908995e+02	3.797740e-38	2.890728e-42
3.909195e+02	3.782174e-38	2.878928e-42
3.909395e+02	3.766738e-38	2.867227e-42
3.909595e+02	3.751302e-38	2.855525e-42
3.909795e+02	3.735973e-38	2.843904e-42
3.909995e+02	3.720695e-38	2.832321e-42
3.910196e+02	3.705445e-38	2.820759e-42
3.910396e+02	3.690322e-38	2.809294e-42
3.910596e+02	3.675199e-38	2.797829e-42
3.910796e+02	3.660182e-38	2.786443e-42
3.910996e+02	3.645213e-38	2.775094e-42
3.911196e+02	3.630272e-38	2.763766e-42
3.911396e+02	3.615456e-38	2.752532e-42
3.911596e+02	3.600640e-38	2.741298e-42
3.911796e+02	3.585927e-38	2.730142e-42
3.911996e+02	3.571263e-38	2.719023e-42
3.912196e+02	3.556625e-38	2.707923e-42
3.912396e+02	3.542109e-38	2.696917e-42
3.912596e+02	3.527594e-38	2.685910e-42
3.912796e+02	3.513180e-38	2.674979e-42
3.912996e+02	3.498812e-38	2.664084e-42
3.913196e+02	3.484471e-38	2.653209e-42
3.913396e+02	3.470251e-38	2.642425e-42
3.913596e+02	3.456030e-38	2.631641e-42
3.913796e+02	3.441908e-38	2.620931e-42
3.913996e+02	3.427832e-38	2.610256e-42
3.914196e+02	3.413782e-38	2.599601e-42
3.914396e+02	3.399850e-38	2.589034e-42
3.914596e+02	3.385917e-38	2.578468e-42
3.914796e+02	3.372082e-38	2.567974e-42
3.914996e+02	3.358291e-38	2.557515e-42
3.915196e+02	3.344526e-38	2.547075e-42
3.915396e+02	3.330877e-38	2.536722e-42
3.915596e+02	3.317227e-38	2.526369e-42
3.915796e+02	3.303672e-38	2.516088e-42
3.915996e+02	3.290162e-38	2.505840e-42
3.916196e+02	3.276676e-38	2.495611e-42
3.916396e+02	3.263303e-38	2.485467e-42
3.916596e+02	3.249930e-38	2.475323e-42
3.916796e+02	3.236651e-38	2.465249e-42
3.916996e+02	3.223414e-38	2.455208e-42
3.917196e+02	3.210202e-38	2.445186e-42
3.917396e+02	3.197101e-38	2.435247e-42
3.917596e+02	3.183999e-38	2.425308e-42
3.917796e+02	3.170989e-38	2.415438e-42
3.917996e+02	3.158021e-38	2.405600e-42
3.918196e+02	3.145077e-38	2.395780e-42
3.918396e+02	3.132241e-38	2.386042e-42
3.918596e+02	3.119405e-38	2.376304e-42
3.918796e+02	3.106659e-38	2.366633e-42
3.918996e+02	3.093954e-38	2.356994e-42
3.919196e+02	3.081273e-38	2.347372e-42
3.919396e+02	3.068697e-38	2.337831e-42
3.919596e+02	3.056122e-38	2.328289e-42
3.919796e+02	3.043634e-38	2.318814e-42
3.919996e+02	3.031187e-38	2.309369e-42
3.920196e+02	3.018763e-38	2.299942e-42
3.920396e+02	3.006443e-38	2.290594e-42
3.920596e+02	2.994123e-38	2.281245e-42
3.920796e+02	2.981888e-38	2.271961e-42
3.920996e+02	2.969694e-38	2.262707e-42
3.921196e+02	2.957522e-38	2.253471e-42
3.921396e+02	2.945451e-38	2.244311e-42
3.921596e+02	2.933381e-38	2.235151e-42
3.921796e+02	2.921395e-38	2.226055e-42
3.921996e+02	2.909448e-38	2.216988e-42
3.922196e+02	2.897523e-38	2.207938e-42
3.922396e+02	2.885697e-38	2.198963e-42
3.922596e+02	2.873872e-38	2.189989e-42
3.922796e+02	2.862129e-38	2.181076e-42
3.922996e+02	2.850424e-38	2.172193e-42
3.923196e+02	2.838741e-38	2.163326e-42
3.923396e+02	2.827155e-38	2.154532e-42
3.923596e+02	2.815570e-38	2.145739e-42
3.923796e+02	2.804065e-38	2.137006e-42
3.923996e+02	2.792597e-38	2.128302e-42
3.924196e+02	2.781152e-38	2.119614e-42
3.924396e+02	2.769801e-38	2.110998e-42
3.924596e+02	2.758450e-38	2.102383e-42
3.924796e+02	2.747179e-38	2.093827e-42
3.924996e+02	2.735944e-38	2.085298e-42
3.925196e+02	2.724731e-38	2.076786e-42
3.925396e+02	2.713610e-38	2.068344e-42
3.925596e+02	2.702490e-38	2.059902e-42
3.925796e+02	2.691447e-38	2.051519e-42
3.925996e+02	2.680440e-38	2.043163e-42
3.926196e+02	2.669454e-38	2.034823e-42
3.926396e+02	2.658560e-38	2.026552e-42
3.926596e+02	2.647665e-38	2.018280e-42
3.926796e+02	2.636846e-38	2.010067e-42
3.926996e+02	2.626063e-38	2.001880e-42
3.927196e+02	2.615299e-38	1.993708e-42
3.927396e+02	2.604626e-38	1.985604e-42
3.927596e+02	2.593952e-38	1.977500e-42
3.927796e+02	2.583353e-38	1.969452e-42
3.927996e+02	2.572788e-38	1.961430e-42
3.928196e+02	2.562243e-38	1.953423e-42
3.928396e+02	2.551786e-38	1.945483e-42
3.928596e+02	2.541329e-38	1.937542e-42
3.928796e+02	2.530945e-38	1.929657e-42
3.928996e+02	2.520594e-38	1.921798e-42
3.929196e+02	2.510263e-38	1.913953e-42
3.929396e+02	2.500018e-38	1.906173e-42
3.929596e+02	2.489773e-38	1.898393e-42
3.929796e+02	2.479600e-38	1.890667e-42
3.929996e+02	2.469459e-38	1.882966e-42
3.930197e+02	2.459338e-38	1.875279e-42
3.930397e+02	2.449301e-38	1.867657e-42
3.930597e+02	2.439263e-38	1.860034e-42
3.930797e+02	2.429296e-38	1.852464e-42
3.930997e+02	2.419362e-38	1.844919e-42
3.931197e+02	2.409446e-38	1.837388e-42
3.931397e+02	2.399612e-38	1.829919e-42
3.931597e+02	2.389778e-38	1.822450e-42
3.931797e+02	2.380014e-38	1.815033e-42
3.931997e+02	2.370280e-38	1.807640e-42
3.932197e+02	2.360565e-38	1.800261e-42
3.932397e+02	2.350931e-38	1.792944e-42
3.932597e+02	2.341297e-38	1.785626e-42
3.932797e+02	2.331731e-38	1.778359e-42
3.932997e+02	2.322195e-38	1.771115e-42
3.933197e+02	2.312677e-38	1.763885e-42
3.933397e+02	2.303238e-38	1.756715e-42
3.933597e+02	2.293800e-38	1.749545e-42
3.933797e+02	2.284427e-38	1.742425e-42
3.933997e+02	2.275085e-38	1.735328e-42
3.934197e+02	2.265760e-38	1.728244e-42
3.934397e+02	2.256513e-38	1.721219e-42
3.934597e+02	2.247266e-38	1.714194e-42
3.934797e+02	2.238083e-38	1.707218e-42
3.934997e+02	2.228931e-38	1.700264e-42
3.935197e+02	2.219795e-38	1.693323e-42
3.935397e+02	2.210736e-38	1.686440e-42
3.935597e+02	2.201676e-38	1.679557e-42
3.935797e+02	2.192680e-38	1.672721e-42
3.935997e+02	2.183713e-38	1.665908e-42
3.936197e+02	2.174763e-38	1.659108e-42
3.936397e+02	2.165887e-38	1.652363e-42
3.936597e+02	2.157011e-38	1.645619e-42
3.936797e+02	2.148197e-38	1.638922e-42
3.936997e+02	2.139412e-38	1.632246e-42
3.937197e+02	2.130644e-38	1.625583e-42
3.937397e+02	2.121948e-38	1.618975e-42
3.937597e+02	2.113252e-38	1.612367e-42
3.937797e+02	2.104617e-38	1.605806e-42
3.937997e+02	2.096010e-38	1.599265e-42
3.938197e+02	2.087420e-38	1.592736e-42
3.938397e+02	2.078900e-38	1.586262e-42
3.938597e+02	2.070381e-38	1.579788e-42
3.938797e+02	2.061921e-38	1.573358e-42
3.938997e+02	2.053489e-38	1.566950e-42
3.939197e+02	2.045073e-38	1.560553e-42
3.939397e+02	2.036726e-38	1.554210e-42
3.939597e+02	2.028380e-38	1.547866e-42
3.939797e+02	2.020092e-38	1.541567e-42
3.939997e+02	2.011830e-38	1.535287e-42
3.940197e+02	2.003585e-38	1.529020e-42
3.940397e+02	1.995408e-38	1.522805e-42
3.940597e+02	1.987230e-38	1.516589e-42
3.940797e+02	1.979111e-38	1.510417e-42
3.940997e+02	1.971017e-38	1.504265e-42
3.941197e+02	1.962939e-38	1.498124e-42
3.941397e+02	1.954927e-38	1.492034e-42
3.941597e+02	1.946916e-38	1.485944e-42
3.941797e+02	1.938961e-38	1.479897e-42
3.941997e+02	1.931031e-38	1.473869e-42
3.942197e+02	1.923117e-38	1.467853e-42
3.942397e+02	1.915268e-38	1.461886e-42
3.942597e+02	1.907419e-38	1.455919e-42
3.942797e+02	1.899626e-38	1.449994e-42
3.942997e+02	1.891857e-38	1.444087e-42
3.943197e+02	1.884103e-38	1.438192e-42
3.943397e+02	1.876414e-38	1.432346e-42
3.943597e+02	1.868724e-38	1.426500e-42
3.943797e+02	1.861088e-38	1.420694e-42
3.943997e+02	1.853477e-38	1.414907e-42
3.944197e+02	1.845881e-38	1.409132e-42
3.944397e+02	1.838347e-38	1.403403e-42
3.944597e+02	1.830814e-38	1.397675e-42
3.944797e+02	1.823333e-38	1.391987e-42
3.944997e+02	1.815876e-38	1.386317e-42
3.945197e+02	1.808434e-38	1.380658e-42
3.945397e+02	1.801053e-38	1.375046e-42
3.945597e+02	1.793673e-38	1.369433e-42
3.945797e+02	1.786344e-38	1.363860e-42
3.945997e+02	1.779038e-38	1.358304e-42
3.946197e+02	1.771747e-38	1.352760e-42
3.946397e+02	1.764516e-38	1.347261e-42
3.946597e+02	1.757285e-38	1.341761e-42
3.946797e+02	1.750105e-38	1.336301e-42
3.946997e+02	1.742947e-38	1.330858e-42
3.947197e+02	1.735804e-38	1.325425e-42
3.947397e+02	1.728720e-38	1.320037e-42
3.947597e+02	1.721635e-38	1.314649e-42
3.947797e+02	1.714601e-38	1.309299e-42
3.947997e+02	1.707589e-38	1.303966e-42
3.948197e+02	1.700590e-38	1.298643e-42
3.948397e+02	1.693650e-38	1.293363e-42
3.948597e+02	1.686709e-38	1.288084e-42
3.948797e+02	1.679817e-38	1.282842e-42
3.948997e+02	1.672947e-38	1.277617e-42
3.949197e+02	1.666091e-38	1.272401e-42
3.949397e+02	1.659291e-38	1.267229e-42
3.949597e+02	1.652491e-38	1.262056e-42
3.949797e+02	1.645739e-38	1.256920e-42
3.949997e+02	1.639009e-38	1.251800e-42
3.950198e+02	1.632291e-38	1.246690e-42
3.950398e+02	1.625630e-38	1.241622e-42
3.950598e+02	1.618968e-38	1.236554e-42
3.950798e+02	1.612353e-38	1.231522e-42
3.950998e+02	1.605759e-38	1.226505e-42
3.951198e+02	1.599178e-38	1.221499e-42
3.951398e+02	1.592651e-38	1.216533e-42
3.951598e+02	1.586124e-38	1.211568e-42
3.951798e+02	1.579643e-38	1.206637e-42
3.951998e+02	1.573183e-38	1.201722e-42
3.952198e+02	1.566736e-38	1.196816e-42
3.952398e+02	1.560341e-38	1.191951e-42
3.952598e+02	1.553947e-38	1.187086e-42
3.952798e+02	1.547598e-38	1.182255e-42
3.952998e+02	1.541269e-38	1.177439e-42
3.953198e+02	1.534952e-38	1.172632e-42
3.953398e+02	1.528687e-38	1.167865e-42
3.953598e+02	1.522423e-38	1.163098e-42
3.953798e+02	1.516202e-38	1.158365e-42
3.953998e+02	1.510002e-38	1.153646e-42
3.954198e+02	1.503813e-38	1.148937e-42
3.954398e+02	1.497675e-38	1.144266e-42
3.954598e+02	1.491538e-38	1.139596e-42
3.954798e+02	1.485444e-38	1.134958e-42
3.954998e+02	1.479369e-38	1.130335e-42
3.955198e+02	1.473306e-38	1.125720e-42
3.955398e+02	1.467293e-38	1.121144e-42
3.955598e+02	1.461280e-38	1.116568e-42
3.955798e+02	1.455309e-38	1.112024e-42
3.955998e+02	1.449357e-38	1.107494e-42
3.956198e+02	1.443417e-38	1.102973e-42
3.956398e+02	1.437526e-38	1.098489e-42
3.956598e+02	1.431635e-38	1.094005e-42
3.956798e+02	1.425786e-38	1.089553e-42
3.956998e+02	1.419955e-38	1.085115e-42
3.957198e+02	1.414135e-38	1.080685e-42
3.957398e+02	1.408364e-38	1.076292e-42
3.957598e+02	1.402592e-38	1.071899e-42
3.957798e+02	1.396861e-38	1.067537e-42
3.957998e+02	1.391149e-38	1.063188e-42
3.958198e+02	1.385447e-38	1.058848e-42
3.958398e+02	1.379793e-38	1.054543e-42
3.958598e+02	1.374138e-38	1.050239e-42
3.958798e+02	1.368524e-38	1.045965e-42
3.958998e+02	1.362927e-38	1.041704e-42
3.959198e+02	1.357341e-38	1.037452e-42
3.959398e+02	1.351801e-38	1.033234e-42
3.959598e+02	1.346262e-38	1.029017e-42
3.959798e+02	1.340761e-38	1.024829e-42
3.959998e+02	1.335278e-38	1.020654e-42
3.960198e+02	1.329805e-38	1.016488e-42
3.960398e+02	1.324378e-38	1.012355e-42
3.960598e+02	1.318951e-38	1.008223e-42
3.960798e+02	1.313562e-38	1.004120e-42
3.960998e+02	1.308190e-38	1.000030e-42
3.961198e+02	1.302828e-38	9.959473e-43
3.961398e+02	1.297511e-38	9.918985e-43
3.961598e+02	1.292194e-38	9.878497e-43
3.961798e+02	1.286914e-38	9.838294e-43
3.961998e+02	1.281651e-38	9.798218e-43
3.962198e+02	1.276398e-38	9.758220e-43
3.962398e+02	1.271189e-38	9.718550e-43
3.962598e+02	1.265979e-38	9.678880e-43
3.962798e+02	1.260807e-38	9.639490e-43
3.962998e+02	1.255651e-38	9.600222e-43
3.963198e+02	1.250505e-38	9.561033e-43
3.963398e+02	1.245401e-38	9.522164e-43
3.963598e+02	1.240297e-38	9.483296e-43
3.963798e+02	1.235230e-38	9.444702e-43
3.963998e+02	1.230178e-38	9.406228e-43
3.964198e+02	1.225136e-38	9.367830e-43
3.964398e+02	1.220136e-38	9.329747e-43
3.964598e+02	1.215136e-38	9.291664e-43
3.964798e+02	1.210171e-38	9.253849e-43
3.964998e+02	1.205222e-38	9.216153e-43
3.965198e+02	1.200282e-38	9.178531e-43
3.965398e+02	1.195384e-38	9.141218e-43
3.965598e+02	1.190485e-38	9.103904e-43
3.965798e+02	1.185621e-38	9.066854e-43
3.965998e+02	1.180772e-38	9.029919e-43
3.966198e+02	1.175933e-38	8.993057e-43
3.966398e+02	1.171133e-38	8.956497e-43
3.966598e+02	1.166334e-38	8.919938e-43
3.966798e+02	1.161569e-38	8.883636e-43
3.966998e+02	1.156818e-38	8.847447e-43
3.967198e+02	1.152077e-38	8.811331e-43
3.967398e+02	1.147375e-38	8.775510e-43
3.967598e+02	1.142673e-38	8.739689e-43
3.967798e+02	1.138005e-38	8.704120e-43
3.967998e+02	1.133350e-38	8.668663e-43
3.968198e+02	1.128706e-38	8.633276e-43
3.968398e+02	1.124099e-38	8.598179e-43
3.968598e+02	1.119492e-38	8.563081e-43
3.968798e+02	1.114918e-38	8.528232e-43
3.968998e+02	1.110359e-38	8.493491e-43
3.969198e+02	1.105808e-38	8.458819e-43
3.969398e+02	1.101295e-38	8.424431e-43
3.969598e+02	1.096782e-38	8.390043e-43
3.969798e+02	1.092301e-38	8.355897e-43
3.969998e+02	1.087833e-38	8.321858e-43
3.970199e+02	1.083375e-38	8.287887e-43
3.970399e+02	1.078954e-38	8.254194e-43
3.970599e+02	1.074532e-38	8.220500e-43
3.970799e+02	1.070142e-38	8.187045e-43
3.970999e+02	1.065765e-38	8.153694e-43
3.971199e+02	1.061397e-38	8.120409e-43
3.971399e+02	1.057065e-38	8.087396e-43
3.971599e+02	1.052733e-38	8.054384e-43
3.971799e+02	1.048432e-38	8.021604e-43
3.971999e+02	1.044144e-38	7.988927e-43
3.972199e+02	1.039865e-38	7.956315e-43
3.972399e+02	1.035621e-38	7.923969e-43
3.972599e+02	1.031377e-38	7.891624e-43
3.972799e+02	1.027163e-38	7.859507e-43
3.972999e+02	1.022962e-38	7.827490e-43
3.973199e+02	1.018770e-38	7.795536e-43
3.973399e+02	1.014612e-38	7.763844e-43
3.973599e+02	1.010454e-38	7.732152e-43
3.973799e+02	1.006326e-38	7.700684e-43
3.973999e+02	1.002210e-38	7.669314e-43
3.974199e+02	9.981029e-39	7.638006e-43
3.974399e+02	9.940293e-39	7.606955e-43
3.974599e+02	9.899557e-39	7.575903e-43
3.974799e+02	9.859110e-39	7.545071e-43
3.974999e+02	9.818789e-39	7.514334e-43
3.975199e+02	9.778549e-39	7.483659e-43
3.975399e+02	9.738640e-39	7.453235e-43
3.975599e+02	9.698730e-39	7.422811e-43
3.975799e+02	9.659104e-39	7.392602e-43
3.975999e+02	9.619601e-39	7.362486e-43
3.976199e+02	9.580177e-39	7.332431e-43
3.976399e+02	9.541077e-39	7.302622e-43
3.976599e+02	9.501977e-39	7.272812e-43
3.976799e+02	9.463155e-39	7.243213e-43
3.976999e+02	9.424453e-39	7.213707e-43
3.977199e+02	9.385830e-39	7.184259e-43
3.977399e+02	9.347523e-39	7.155051e-43
3.977599e+02	9.309216e-39	7.125844e-43
3.977799e+02	9.271181e-39	7.096844e-43
3.977999e+02	9.233265e-39	7.067933e-43
3.978199e+02	9.195425e-39	7.039080e-43
3.978399e+02	9.157895e-39	7.010463e-43
3.978599e+02	9.120365e-39	6.981846e-43
3.978799e+02	9.083102e-39	6.953431e-43
3.978999e+02	9.045955e-39	6.925105e-43
3.979199e+02	9.008883e-39	6.896835e-43
3.979399e+02	8.972114e-39	6.868796e-43
3.979599e+02	8.935346e-39	6.840757e-43
3.979799e+02	8.898839e-39	6.812917e-43
3.979999e+02	8.862445e-39	6.785163e-43
3.980199e+02	8.826125e-39	6.757464e-43
3.980399e+02	8.790103e-39	6.729992e-43
3.980599e+02	8.754080e-39	6.702519e-43
3.980799e+02	8.718314e-39	6.675242e-43
3.980999e+02	8.682658e-39	6.648048e-43
3.981199e+02	8.647075e-39	6.620909e-43
3.981399e+02	8.611783e-39	6.593992e-43
3.981599e+02	8.576491e-39	6.567075e-43
3.981799e+02	8.541451e-39	6.540348e-43
3.981999e+02	8.506519e-39	6.513704e-43
3.982199e+02	8.471657e-39	6.487114e-43
3.982399e+02	8.437081e-39	6.460740e-43
3.982599e+02	8.402505e-39	6.434367e-43
3.982799e+02	8.368176e-39	6.408181e-43
3.982999e+02	8.333952e-39	6.382075e-43
3.983199e+02	8.299798e-39	6.356022e-43
3.983399e+02	8.265923e-39	6.330181e-43
3.983599e+02	8.232049e-39	6.304341e-43
3.983799e+02	8.198416e-39	6.278683e-43
3.983999e+02	8.164887e-39	6.253105e-43
3.984199e+02	8.131425e-39	6.227579e-43
3.984399e+02	8.098238e-39	6.202260e-43
3.984599e+02	8.065051e-39	6.176942e-43
3.984799e+02	8.032100e-39	6.151803e-43
3.984999e+02	7.999251e-39	6.126742e-43
3.985199e+02	7.966468e-39	6.101731e-43
3.985399e+02	7.933954e-39	6.076924e-43
3.985599e+02	7.901440e-39	6.052117e-43
3.985799e+02	7.869158e-39	6.027486e-43
3.985999e+02	7.836975e-39	6.002931e-43
3.986199e+02	7.804858e-39	5.978426e-43
3.986399e+02	7.773003e-39	5.954120e-43
3.986599e+02	7.741149e-39	5.929815e-43
3.986799e+02	7.709521e-39	5.905682e-43
3.986999e+02	7.677992e-39	5.881623e-43
3.987199e+02	7.646526e-39	5.857613e-43
3.987399e+02	7.615318e-39	5.833798e-43
3.987599e+02	7.584109e-39	5.809983e-43
3.987799e+02	7.553124e-39	5.786338e-43
3.987999e+02	7.522233e-39	5.762765e-43
3.988199e+02	7.491406e-39	5.739240e-43
3.988399e+02	7.460831e-39	5.715907e-43
3.988599e+02	7.430256e-39	5.692574e-43
3.988799e+02	7.399898e-39	5.669406e-43
3.988999e+02	7.369635e-39	5.646310e-43
3.989199e+02	7.339433e-39	5.623260e-43
3.989399e+02	7.309478e-39	5.600398e-43
3.989599e+02	7.279523e-39	5.577536e-43
3.989799e+02	7.249782e-39	5.554837e-43
3.989999e+02	7.220132e-39	5.532207e-43
3.990200e+02	7.190543e-39	5.509623e-43
3.990400e+02	7.161196e-39	5.487223e-43
3.990600e+02	7.131848e-39	5.464823e-43
3.990800e+02	7.102711e-39	5.442583e-43
3.991000e+02	7.073662e-39	5.420410e-43
3.991200e+02	7.044674e-39	5.398283e-43
3.991400e+02	7.015922e-39	5.376335e-43
3.991600e+02	6.987170e-39	5.354388e-43
3.991800e+02	6.958623e-39	5.332597e-43
3.992000e+02	6.930164e-39	5.310872e-43
3.992200e+02	6.901763e-39	5.289192e-43
3.992400e+02	6.873595e-39	5.267688e-43
3.992600e+02	6.845426e-39	5.246184e-43
3.992800e+02	6.817458e-39	5.224833e-43
3.993000e+02	6.789577e-39	5.203547e-43
3.993200e+02	6.761752e-39	5.182305e-43
3.993400e+02	6.734155e-39	5.161236e-43
3.993600e+02	6.706558e-39	5.140166e-43
3.993800e+02	6.679158e-39	5.119247e-43
3.994000e+02	6.651842e-39	5.098392e-43
3.994200e+02	6.624582e-39	5.077579e-43
3.994400e+02	6.597544e-39	5.056935e-43
3.994600e+02	6.570507e-39	5.036291e-43
3.994800e+02	6.543662e-39	5.015795e-43
3.995000e+02	6.516901e-39	4.995360e-43
3.995200e+02	6.490194e-39	4.974968e-43
3.995400e+02	6.463705e-39	4.954742e-43
3.995600e+02	6.437216e-39	4.934515e-43
3.995800e+02	6.410916e-39	4.914433e-43
3.996000e+02	6.384697e-39	4.894411e-43
3.996200e+02	6.358532e-39	4.874431e-43
3.996400e+02	6.332580e-39	4.854613e-43
3.996600e+02	6.306629e-39	4.834795e-43
3.996800e+02	6.280863e-39	4.815119e-43
3.997000e+02	6.255175e-39	4.795502e-43
3.997200e+02	6.229541e-39	4.775926e-43
3.997400e+02	6.204116e-39	4.756508e-43
3.997600e+02	6.178691e-39	4.737091e-43
3.997800e+02	6.153448e-39	4.717812e-43
3.998000e+02	6.128281e-39	4.698591e-43
3.998200e+02	6.103167e-39	4.679410e-43
3.998400e+02	6.078258e-39	4.660385e-43
3.998600e+02	6.053348e-39	4.641360e-43
3.998800e+02	6.028617e-39	4.622471e-43
3.999000e+02	6.003962e-39	4.603639e-43
3.999200e+02	5.979357e-39	4.584846e-43
3.999400e+02	5.954953e-39	4.566205e-43
3.999600e+02	5.930549e-39	4.547564e-43
3.999800e+02	5.906273e-39	4.529021e-43
4.000000e+02	5.882051e-39	4.510519e-43
